"NAME","TYPE","NodeDescription","NodeMinimumPressure","NodePressure","NodeSymbolName","NodeStatus","NodeXCoordinate","NodeYCoordinate","NodeFlowByCategory(Base Thermal)","NodeFlowByCategory(Base Volumetric)","NodeFlowByCategory(C1)","NodeFlowByCategory(C2)","NodeFlowByCategory(C3)","NodeFlowByCategory(C4)","NodeFlowByCategory(CC)","NodeFlowByCategory(D1)","NodeFlowByCategory(DC)","NodeFlowByCategory(DH)","NodeFlowByCategory(DM)","NodeFlowByCategory(I2)","NodeFlowByCategory(PL-AF)","NodeFlowByCategory(PL-PL)","NodeThermalFlow","NodeResultFlow","NodeFlowProfileNameByCategory(Base Thermal)","NodeFlowProfileNameByCategory(Base Volumetric)","NodeFlowProfileNameByCategory(C1)","NodeFlowProfileNameByCategory(C2)","NodeFlowProfileNameByCategory(C3)","NodeFlowProfileNameByCategory(C4)","NodeFlowProfileNameByCategory(CC)","NodeFlowProfileNameByCategory(D1)","NodeFlowProfileNameByCategory(DC)","NodeFlowProfileNameByCategory(DH)","NodeFlowProfileNameByCategory(DM)","NodeFlowProfileNameByCategory(I2)","NodeFlowProfileNameByCategory(PL-AF)","NodeFlowProfileNameByCategory(PL-PL)"
"64304000000328","Nodes","328",21.000000,25.887489,"Default Known Flow Node","Known Flow",283630.163990,560367.672439,,0.000000,,,,,,,,,,,,,0.000000,0.000000,,"",,,,,,,,,,,,
"64304000000251","Nodes","251",21.000000,25.980972,"DDS demands","Known Flow",283577.420405,561773.288667,,0.000000,,,,,,-2.509999,,,-69.199998,,,,-2.244486,-2.509999,,"",,,,,,"D1 PROFILE",,,"DM PROFILE",,,
"64304000000212","Nodes","212",21.000000,25.776834,"DDS demands","Known Flow",283098.702189,561188.008914,,0.000000,,,,,,-6.439999,,,,,,,-5.758763,-6.439999,,"",,,,,,"D1 PROFILE",,,,,,
"64304000000211","Nodes","211",21.000000,25.713447,"DDS demands","Known Flow",283092.487188,561180.432912,,0.000000,,,,,,-14.689999,,,,,,,-13.136060,-14.689999,,"",,,,,,"D1 PROFILE",,,,,,
"64304000000272","Nodes","272",21.000000,29.987819,"DDS demands","Known Flow",283325.683251,560335.748682,,0.000000,,,,,,-4.670000,,,,,,,-4.175997,-4.670000,,"",,,,,,"D1 PROFILE",,,,,,
"64304000000238","Nodes","238",21.000000,30.037665,"DDS demands","Known Flow",283345.343256,560406.485701,,0.000000,,,,,,-7.560000,,,,,,,-6.760287,-7.560000,,"",,,,,,"D1 PROFILE",,,,,,
"64304000000273","Nodes","273",21.000000,30.566454,"Default Known Flow Node","Known Flow",283295.640036,560456.247929,,0.000000,,,,,,,,,,,,,0.000000,0.000000,,"",,,,,,,,,,,,
"64304001462519","Nodes","-1462519",21.000000,29.212203,"Default Known Flow Node","Known Flow",283354.905259,560481.247722,,0.000000,,,,,,,,,,,,,0.000000,0.000000,,"",,,,,,,,,,,,
"64304000000231","Nodes","231",21.000000,29.255428,"DDS demands","Known Flow",283375.063265,560484.758723,,0.000000,,,,,,-6.740000,,,,,,,-6.027028,-6.740000,,"",,,,,,"D1 PROFILE",,,,,,
"64304000000242","Nodes","242",21.000000,29.895996,"DDS demands","Known Flow",283362.011922,560393.322648,,0.000000,,,,,,-11.239999,,,,,,,-10.051008,-11.239999,,"",,,,,,"D1 PROFILE",,,,,,
"64304000000243","Nodes","243",21.000000,29.902843,"DDS demands","Known Flow",283456.425017,560454.423407,,0.000000,,,,,,-10.220000,,,,,,,-9.138907,-10.220000,,"",,,,,,"D1 PROFILE",,,,,,
"64304001462518","Nodes","-1462518",21.000000,29.255428,"Default Known Flow Node","Known Flow",283392.832269,560487.739723,,0.000000,,,,,,,,,,,,,0.000000,0.000000,,"",,,,,,,,,,,,
"64304000000342","Nodes","342",21.000000,25.980546,"Default Known Flow Node","Known Flow",283676.925332,560295.741525,,0.000000,,,,,,,,,,,,,0.000000,0.000000,,"",,,,,,,,,,,,
"64304000000236","Nodes","236",21.000000,31.096453,"DDS demands","Known Flow",283256.080743,560519.686221,,0.000000,,,,,,-5.659999,,,,,,,-5.061273,-5.659999,,"",,,,,,"D1 PROFILE",,,,,,
"64304000000230","Nodes","230",21.000000,29.356959,"DDS demands","Known Flow",283365.311262,560538.006737,,0.000000,,,,,,-10.710000,,,,,,,-9.577073,-10.710000,,"",,,,,,"D1 PROFILE",,,,,,
"64304000000340","Nodes","340",21.000000,25.126488,"Default Known Flow Node","Known Flow",283354.829158,560936.160246,,0.000000,,,,,,,,,,,,,0.000000,0.000000,,"",,,,,,,,,,,,
"64304000001185","Nodes","-85",21.000000,25.125769,"Default Known Flow Node","Known Flow",283368.077263,560895.032834,,0.000000,,,,,,,,,,,,,0.000000,0.000000,,"",,,,,,,,,,,,
"64304000000055","Nodes","55",21.000000,25.478541,"DDS demands","Known Flow",283483.230227,560918.232860,,0.000000,0.000000,,,,,-2.700000,,,,,,,-2.414388,-2.700000,,"","C1 PROFILE",,,,,"D1 PROFILE",,,,,,
"64304000000321","Nodes","321,",21.000000,24.836552,"DDS demands","Known Flow",283559.000975,560994.552039,,0.000000,,,,,,-9.960000,,,,,,,-8.906410,-9.960000,,"",,,,,,"D1 PROFILE",,,,,,
"64304000000232","Nodes","232",21.000000,29.594508,"DDS demands","Known Flow",283349.355954,560536.521419,,0.000000,,,,,,-4.260000,,,,,,,-3.809368,-4.260000,,"",,,,,,"D1 PROFILE",,,,,,
"64304000000239","Nodes","239",21.000000,29.583252,"DDS demands","Known Flow",283339.182255,560585.599750,,0.000000,,,,,,-9.670000,,,,,,,-8.647087,-9.670000,,"",,,,,,"D1 PROFILE",,,,,,
"64304000000030","Nodes","-30",21.000000,28.534210,"Default Known Flow Node","Known Flow",283434.949372,560555.688423,,0.000000,,,,,,,,,,,,,0.000000,0.000000,,"",,,,,,,,,,,,
"64304000000047","Nodes","-47",21.000000,29.582077,"Default Known Flow Node","Known Flow",283372.839125,560591.484283,,0.000000,,,,,,,,,,,,,0.000000,0.000000,,"",,,,,,,,,,,,
"64304000001153","Nodes","-53",21.000000,29.578664,"Default Known Flow Node","Known Flow",283332.304253,560621.127760,,0.000000,,,,,,,,,,,,,0.000000,0.000000,,"",,,,,,,,,,,,
"64304000001141","Nodes","1141",21.000000,29.495321,"DDS demands","Known Flow",283307.912246,560579.481748,,0.000000,,,,,,-5.219999,,,,,,,-4.667817,-5.219999,,"",,,,,,"D1 PROFILE",,,,,,
"64304000000234","Nodes","234",21.000000,29.579662,"DDS demands","Known Flow",283367.970346,560618.920605,,0.000000,,,,,,-6.730000,,,,,,,-6.018086,-6.730000,,"",,,,,,"D1 PROFILE",,,,,,
"64304001462565","Nodes","-1462565",21.000000,29.536471,"Default Known Flow Node","Known Flow",283365.958262,560629.236762,,0.000000,,,,,,,,,,,,,0.000000,0.000000,,"",,,,,,,,,,,,
"64304000000294","Nodes","294",21.000000,27.981864,"DDS demands","Known Flow",283475.880292,560566.986745,,0.000000,,,,,,-10.830000,,,,,,,-9.684380,-10.830000,,"",,,,,,"D1 PROFILE",,,,,,
"64304000001151","Nodes","-51",21.000000,29.490653,"Default Known Flow Node","Known Flow",283319.587249,560619.157759,,0.000000,,,,,,,,,,,,,0.000000,0.000000,,"",,,,,,,,,,,,
"64304000000233","Nodes","233",21.000000,29.453627,"DDS demands","Known Flow",283311.546247,560618.123759,,0.000000,,,,,,-8.420000,,,,,,,-7.529314,-8.420000,,"",,,,,,"D1 PROFILE",,,,,,
"64304000001137","Nodes","-37",21.000000,28.534210,"Default Known Flow Node","Known Flow",283429.712279,560573.588747,,0.000000,,,,,,,,,,,,,0.000000,0.000000,,"",,,,,,,,,,,,
"64304001462575","Nodes","-1462575",21.000000,28.534210,"Default Known Flow Node","Known Flow",283429.382279,560589.370751,,0.000000,,,,,,,,,,,,,0.000000,0.000000,,"",,,,,,,,,,,,
"64304000000091","Nodes","91,",21.000000,25.996831,"DDS demands","Known Flow",283492.854750,560792.370348,,0.000000,,,,,,-20.490000,,,,,,,-18.322526,-20.490000,,"",,,,,,"D1 PROFILE",,,,,,
"64304000000325","Nodes","325, PORT STREET DG, Clocked, Site ID 6185",21.000000,32.000001,"Default Known Pressure Node","Known Pressure",283181.425212,560502.530727,,1982.439936,,,,,,,,,,,,,476.535740,532.907826,,"",,,,,,,,,,,,
"64304000000237","Nodes","237",21.000000,31.776297,"Default Known Flow Node","Known Flow",283227.684224,560514.495731,,0.000000,,,,,,,,,,,,,0.000000,0.000000,,"",,,,,,,,,,,,
"64304000001121","Nodes","-21",21.000000,31.791116,"Default Known Flow Node","Known Flow",283230.313225,560511.996730,,0.000000,,,,,,,,,,,,,0.000000,0.000000,,"",,,,,,,,,,,,
"64304001462499","Nodes","-1462499",21.000000,31.791116,"Default Known Flow Node","Known Flow",283238.946638,560513.233565,,0.000000,,,,,,,,,,,,,0.000000,0.000000,,"",,,,,,,,,,,,
"64304000000031","Nodes","-31",21.000000,29.495321,"Default Known Flow Node","Known Flow",283283.809240,560556.533742,,0.000000,,,,,,,,,,,,,0.000000,0.000000,,"",,,,,,,,,,,,
"64304000000032","Nodes","-32",21.000000,29.495321,"Default Known Flow Node","Known Flow",283304.058245,560560.524743,,0.000000,,,,,,,,,,,,,0.000000,0.000000,,"",,,,,,,,,,,,
"64304000000054","Nodes","54",21.000000,25.125711,"DDS demands","Known Flow",283369.010474,560892.132375,,0.000000,,,,,,-12.520000,,,,,,,-11.195608,-12.520000,,"",,,,,,"D1 PROFILE",,,,,,
"64304001462534","Nodes","-1462534",21.000000,25.482829,"Default Known Flow Node","Known Flow",283484.344728,560914.673020,,0.000000,,,,,,,,,,,,,0.000000,0.000000,,"",,,,,,,,,,,,
"64304000000083","Nodes","83",21.000000,25.518772,"DDS demands","Known Flow",283500.195299,560876.302829,,0.000000,-3.370000,,,,,-1.339999,,,,,,,-4.211766,-4.709999,,"","C1 PROFILE",,,,,"D1 PROFILE",,,,,,
"64304001462493","Nodes","-1462493",21.000000,25.518772,"Default Known Flow Node","Known Flow",283501.896299,560876.369829,,0.000000,,,,,,,,,,,,,0.000000,0.000000,,"",,,,,,,,,,,,
"64304000000056","Nodes","56",21.000000,25.575844,"DDS demands","Known Flow",283488.189295,560875.512829,,0.000000,0.000000,,,,,-10.869999,,,,,,,-9.720147,-10.869999,,"","C1 PROFILE",,,,,"D1 PROFILE",,,,,,
"64304000000319","Nodes","319",21.000000,26.352159,"DDS demands","Known Flow",283496.508298,560732.267790,,0.000000,,,,,,-12.499999,,,,,,,-11.177723,-12.499999,,"",,,,,,"D1 PROFILE",,,,,,
"64304000000318","Nodes","318",21.000000,27.556104,"Default Known Flow Node","Known Flow",283511.802302,560576.939748,,0.000000,,,,,,,,,,,,,0.000000,0.000000,,"",,,,,,,,,,,,
"64304000000057","Nodes","57",21.000000,25.312221,"DDS demands","Known Flow",283581.764321,560880.642830,,0.000000,,,,,,-14.640000,,,,,,,-13.091350,-14.640000,,"",,,,,,"D1 PROFILE",,,,,,
"64304000000034","Nodes","-34",21.000000,25.699937,"Default Known Flow Node","Known Flow",283747.988638,560566.571373,,0.000000,,,,,,,,,,,,,0.000000,0.000000,,"",,,,,,,,,,,,
"64304000000227","Nodes","227",21.000000,26.458496,"DDS demands","Known Flow",283555.078634,560500.996176,,0.000000,,,,,,-7.190000,,,,-2.250000,,,-8.441416,-9.440000,,"",,,,,,"D1 PROFILE",,,,"I2 PROFILE",,
"64304000000226","Nodes","226",21.000000,26.563003,"DDS demands","Known Flow",283547.629312,560527.202734,,0.000000,,,,,,-1.330000,,,,,,,-1.189309,-1.330000,,"",,,,,,"D1 PROFILE",,,,,,
"64304000000313","Nodes","313",21.000000,26.200463,"DDS demands","Known Flow",283577.420320,560531.452735,,0.000000,-5.150000,,,,,,,,,,,,-4.605222,-5.150000,,"","C1 PROFILE",,,,,,,,,,,
"64304000000292","Nodes","292",21.000000,25.534068,"DDS demands","Known Flow",283659.539342,560543.798739,,0.000000,0.000000,,,,,-15.129999,,,,,,,-13.529516,-15.129999,,"","C1 PROFILE",,,,,"D1 PROFILE",,,,,,
"64304000000290","Nodes","290",21.000000,25.303587,"DDS demands","Known Flow",283634.575335,560650.390768,,0.000000,,,,0.000000,,-18.350000,,,,,,,-16.408899,-18.350000,,"",,,,"C4 PROFILE",,"D1 PROFILE",,,,,,
"64304000000314","Nodes","314",21.000000,25.569122,"DDS demands","Known Flow",283680.616911,560549.997761,,0.000000,,,,,,-3.240000,,,,,,,-2.897266,-3.240000,,"",,,,,,"D1 PROFILE",,,,,,
"64304000000315","Nodes","315",21.000000,25.539531,"DDS demands","Known Flow",283695.982352,560495.054725,,0.000000,,,,,,-2.740000,,,,,,,-2.450157,-2.740000,,"",,,,,,"D1 PROFILE",,,,,,
"64304000000221","Nodes","221",21.000000,25.226750,"DDS demands","Known Flow",283604.323327,560781.324803,,0.000000,-3.280000,,,,,-6.840000,,,-12.799999,,,,-9.049485,-10.119999,,"","C1 PROFILE",,,,,"D1 PROFILE",,,"DM PROFILE",,,
"64304000000058","Nodes","58",21.000000,25.469976,"DDS demands","Known Flow",283700.773353,560896.217835,,0.000000,,,,,,-13.080000,,,,,,,-11.696370,-13.080000,,"",,,,,,"D1 PROFILE",,,,,,
"64304000001180","Nodes","-80",21.000000,25.469976,"Default Known Flow Node","Known Flow",283712.731356,560845.849821,,0.000000,,,,,,,,,,,,,0.000000,0.000000,,"",,,,,,,,,,,,
"64304000000095","Nodes","95",21.000000,25.238442,"DDS demands","Known Flow",283707.066355,560908.002838,,0.000000,,,,,,-5.519999,,,,,,,-4.936082,-5.519999,,"",,,,,,"D1 PROFILE",,,,,,
"64304000000060","Nodes","60",21.000000,25.421763,"DDS demands","Known Flow",283691.803351,560967.217854,,0.000000,,,,,,-4.340000,,,,,,,-3.880905,-4.340000,,"",,,,,,"D1 PROFILE",,,,,,
"64304000000274","Nodes","274",21.000000,25.368299,"DDS demands","Known Flow",283742.645365,560914.548840,,0.000000,,,,,,-3.810000,,,,,,,-3.406970,-3.810000,,"",,,,,,"D1 PROFILE",,,,,,
"64304000000275","Nodes","275",21.000000,25.362599,"DDS demands","Known Flow",283754.537368,560910.858839,,0.000000,-2.559999,,,,,,,,,,,,-2.289197,-2.559999,,"","C1 PROFILE",,,,,,,,,,,
"64304000000276","Nodes","276",21.000000,25.712241,"Default Known Flow Node","Known Flow",283787.893377,560887.455832,,0.000000,,,,,,,,,,,,,0.000000,0.000000,,"",,,,,,,,,,,,
"64304001462556","Nodes","-1462556",21.000000,27.556104,"Default Known Flow Node","Known Flow",283514.293302,560577.594748,,0.000000,,,,,,,,,,,,,0.000000,0.000000,,"",,,,,,,,,,,,
"64304000001138","Nodes","-38",21.000000,27.489598,"Default Known Flow Node","Known Flow",283512.308302,560575.095747,,0.000000,,,,,,,,,,,,,0.000000,0.000000,,"",,,,,,,,,,,,
"64304000000225","Nodes","225",21.000000,27.377809,"DDS demands","Known Flow",283524.634305,560578.692748,,0.000000,,,,,,-2.300000,,,,,,,-2.056701,-2.300000,,"",,,,,,"D1 PROFILE",,,,,,
"64304000000224","Nodes","224",21.000000,27.214732,"DDS demands","Known Flow",283521.294304,560591.923752,,0.000000,0.000000,,,,,-13.560000,,,,,,,-12.125594,-13.560000,,"","C1 PROFILE",,,,,"D1 PROFILE",,,,,,
"64304000000046","Nodes","-46",21.000000,27.197807,"Default Known Flow Node","Known Flow",283523.486305,560591.317752,,0.000000,,,,,,,,,,,,,0.000000,0.000000,,"",,,,,,,,,,,,
"64304001462526","Nodes","-1462526",21.000000,27.489598,"Default Known Flow Node","Known Flow",283510.312301,560574.543747,,0.000000,,,,,,,,,,,,,0.000000,0.000000,,"",,,,,,,,,,,,
"64304000001144","Nodes","-44",21.000000,27.302318,"Default Known Flow Node","Known Flow",283530.911307,560586.166750,,0.000000,,,,,,,,,,,,,0.000000,0.000000,,"",,,,,,,,,,,,
"64304000000240","Nodes","240",21.000000,23.832878,"DDS demands","Known Flow",282965.763781,561166.299155,,0.000000,,,0.000000,,,-9.069999,,,,,,,-8.110555,-9.069999,,"",,,"C3  PROFILE",,,"D1 PROFILE",,,,,,
"64304000000207","Nodes","207",21.000000,22.052468,"DDS demands","Known Flow",282928.634143,561281.369939,,0.000000,,,,,,-22.729998,,,,,,,-20.325572,-22.729998,,"",,,,,,"D1 PROFILE",,,,,,
"64304000000120","Nodes","-120",21.000000,23.853381,"Default Known Flow Node","Known Flow",282966.409739,561165.091123,,0.000000,,,,,,,,,,,,,0.000000,0.000000,,"",,,,,,,,,,,,
"64304000000306","Nodes","306",21.000000,21.595626,"DDS demands","Known Flow",282842.787120,561315.449949,,0.000000,,,,,,-6.139999,,,,,,,-5.490497,-6.139999,,"",,,,,,"D1 PROFILE",,,,,,
"64304001462478","Nodes","-1462478",21.000000,21.743905,"Default Known Flow Node","Known Flow",282866.339126,561300.493945,,0.000000,,,,,,,,,,,,,0.000000,0.000000,,"",,,,,,,,,,,,
"64304000000206","Nodes","206",21.000000,26.950888,"DDS demands","Known Flow",283051.140176,561400.291972,,0.000000,,,,,,-6.690000,,,,,,,-5.982318,-6.690000,,"",,,,,,"D1 PROFILE",,,,,,
"64304000000051","Nodes","51",21.000000,25.335636,"DDS demands","Known Flow",283456.660287,561150.145904,,0.000000,-3.000000,,,-2.779999,,-9.999999,,,,,,,-14.110758,-15.779999,,"","C1 PROFILE",,,"C4 PROFILE",,"D1 PROFILE",,,,,,
"64304000000036","Nodes","36",21.000000,25.502880,"DDS demands","Known Flow",283427.082279,561235.889927,,0.000000,-3.569999,,,,,-11.220000,,,,-3.540000,,,-16.391014,-18.329999,,"","C1 PROFILE",,,,,"D1 PROFILE",,,,"I2 PROFILE",,
"64304000000035","Nodes","35",21.000000,25.167736,"DDS demands","Known Flow",283351.684258,561168.591909,,0.000000,,,,,,-4.679999,,,,,,,-4.184939,-4.679999,,"",,,,,,"D1 PROFILE",,,,,,
"64304000000203","Nodes","203",21.000000,30.571550,"DDS demands","Known Flow",283220.482223,561496.984998,,0.000000,,,,,,-15.710000,,,,,,,-14.048163,-15.710000,,"",,,,,,"D1 PROFILE",,,,,,
"64304000000027","Nodes","27",21.000000,28.751345,"DDS demands","Known Flow",283288.362241,561380.726966,,0.000000,-6.179999,,0.000000,,,-1.559999,,,,,,,-6.921246,-7.739999,,"","C1 PROFILE",,"C3  PROFILE",,,"D1 PROFILE",,,,,,
"64304000000209","Nodes","209",21.000000,25.566829,"DDS demands","Known Flow",283124.550196,561104.438891,,0.000000,,,,,,-9.850000,,,,,,,-8.808046,-9.850000,,"",,,,,,"D1 PROFILE",,,,,,
"64304000000143","Nodes","143",21.000000,26.214271,"DDS demands","Known Flow",283134.275199,561236.347927,,0.000000,-15.120000,,,,,-0.980000,,,,,,,-14.396908,-16.100000,,"","C1 PROFILE",,,,,"D1 PROFILE",,,,,,
"64304001462548","Nodes","1462548",21.000000,26.298728,"DDS demands","Known Flow",283120.194195,561242.836929,,0.000000,,,,,,-1.399999,,,,,,,-1.251905,-1.399999,,"",,,,,,"D1 PROFILE",,,,,,
"64304000000037","Nodes","37",21.000000,25.168342,"DDS demands","Known Flow",283332.323253,561150.084904,,0.000000,,,,,,-3.559999,,,,,,,-3.183415,-3.559999,,"",,,,,,"D1 PROFILE",,,,,,
"64304000000090","Nodes","90",21.000000,25.156496,"DDS demands","Known Flow",283321.804250,561197.391917,,0.000000,,,,,,-9.500000,,,,,,,-8.495070,-9.500000,,"",,,,,,"D1 PROFILE",,,,,,
"64304000000138","Nodes","138,",21.000000,25.177749,"DDS demands","Known Flow",283409.458272,561028.359195,,0.000000,,,,,,-11.779999,,,,,,,-10.533886,-11.779999,,"",,,,,,"D1 PROFILE",,,,,,
"64304000000038","Nodes","38",21.000000,25.552795,"DDS demands","Known Flow",283405.364232,561254.848341,,0.000000,-8.380000,,,0.000000,,-3.579999,,,,,,,-10.694846,-11.960000,,"","C1 PROFILE",,,"C4 PROFILE",,"D1 PROFILE",,,,,,
"64304000000254","Nodes","254",21.000000,26.974660,"DDS demands","Known Flow",283331.118495,561328.837534,,0.000000,-2.880000,,,-2.589999,,-6.860000,,,,,,,-11.025707,-12.329999,,"","C1 PROFILE",,,"C4 PROFILE",,"D1 PROFILE",,,,,,
"64304000000041","Nodes","41",21.000000,25.314422,"DDS demands","Known Flow",283453.346067,561295.317977,,0.000000,-2.440000,,,,,-6.939999,,,,,,,-8.387763,-9.379999,,"","C1 PROFILE",,,,,"D1 PROFILE",,,,,,
"64304000000213","Nodes","213",21.000000,25.018848,"DDS demands","Known Flow",283474.072995,561334.923148,,0.000000,-4.179999,,,,,-4.050000,,,,,,,-7.359413,-8.230000,,"","C1 PROFILE",,,,,"D1 PROFILE",,,,,,
"64304000000253","Nodes","253",21.000000,27.241376,"Default Known Flow Node","Known Flow",283322.022116,561346.906852,,0.000000,,,,,,,,,,,,,0.000000,0.000000,,"",,,,,,,,,,,,
"64304000000069","Nodes","69",21.000000,27.806674,"DDS demands","Known Flow",283196.389216,561330.711953,,0.000000,-6.000000,,,,,,,,,,,,-5.365307,-6.000000,,"","C1 PROFILE",,,,,,,,,,,
"64304000000283","Nodes","283",21.000000,27.588976,"Default Known Flow Node","Known Flow",283234.288226,561273.317937,,0.000000,,,,,,,,,,,,,0.000000,0.000000,,"",,,,,,,,,,,,
"64304000000284","Nodes","284",21.000000,27.588976,"Default Known Flow Node","Known Flow",283227.435224,561259.160933,,0.000000,,,,,,,,,,,,,0.000000,0.000000,,"",,,,,,,,,,,,
"64304000000285","Nodes","285",21.000000,21.667285,"Default Known Flow Node","Known Flow",283245.010229,561251.086931,,0.000000,,,,,,,,,,,,,0.000000,0.000000,,"",,,,,,,,,,,,
"64304000000286","Nodes","286",21.000000,21.355314,"DDS demands","Known Flow",283247.361230,561217.249922,,0.000000,,-13.869999,,,,,,,,,,,-12.402802,-13.869999,,"",,"C2 PROFILE",,,,,,,,,,
"64304000000210","Nodes","210",21.000000,25.688917,"DDS demands","Known Flow",283115.445194,561168.537909,,0.000000,,,,,,-4.300000,,,,,,,-3.845137,-4.300000,,"",,,,,,"D1 PROFILE",,,,,,
"64304000000316","Nodes","316",21.000000,25.439463,"DDS demands","Known Flow",283064.969180,561019.853868,,0.000000,,,,,,-8.899999,,,,,,,-7.958538,-8.899999,,"",,,,,,"D1 PROFILE",,,,,,
"64304000000139","Nodes","139",21.000000,25.152239,"Default Known Flow Node","Known Flow",283301.477235,561216.410922,,0.000000,,,,,,,,,,,,,0.000000,0.000000,,"",,,,,,,,,,,,
"64304000000094","Nodes","94",21.000000,25.152229,"DDS demands","Known Flow",283299.306244,561218.186922,,0.000000,,,,,,-3.309999,,,,,,,-2.959861,-3.309999,,"",,,,,,"D1 PROFILE",,,,,,
"64304000000336","Nodes","336",21.000000,24.200596,"DDS demands","Known Flow",283267.032235,561229.339925,,0.000000,-15.999999,,,,,-4.460000,,,,,,,-18.295697,-20.460000,,"","C1 PROFILE",,,,,"D1 PROFILE",,,,,,
"64304001462528","Nodes","-1462528",21.000000,25.152525,"Default Known Flow Node","Known Flow",283312.896248,561226.471924,,0.000000,,,,,,,,,,,,,0.000000,0.000000,,"",,,,,,,,,,,,
"64304000000262","Nodes","262",21.000000,24.698229,"DDS demands","Known Flow",283540.761793,561094.711873,,0.000000,,,,,,-7.649999,,,,,,,-6.840766,-7.649999,,"",,,,,,"D1 PROFILE",,,,,,
"64304000000050","Nodes","50",21.000000,24.700360,"DDS demands","Known Flow",283523.143305,561171.221909,,0.000000,-0.899999,,,,,-14.449999,,,,,,,-13.726244,-15.349999,,"","C1 PROFILE",,,,,"D1 PROFILE",,,,,,
"64304000000087","Nodes","87",21.000000,22.188136,"DDS demands","Known Flow",283703.188354,561224.602924,,0.000000,,,,,,-12.740000,,,,,,,-11.392336,-12.740000,,"",,,,,,"D1 PROFILE",,,,,,
"64304000000022","Nodes","Logger 9734, Millview, Sunnyside, Dalbeatie",21.000000,23.308658,"Val Log Cath","Known Flow",283979.190069,561445.398382,,0.000000,,,,,,,,,,,,,0.000000,0.000000,,"",,,,,,,,,,,,
"64304000000096","Nodes","96",21.000000,21.427601,"DDS demands","Known Flow",283664.268343,561073.044883,,0.000000,,,,,,-3.609999,,,,,,,-3.228126,-3.609999,,"",,,,,,"D1 PROFILE",,,,,,
"64304000000338","Nodes","338",21.000000,21.675071,"DDS demands","Known Flow",283708.043355,561083.993886,,0.000000,,,,,,-2.259999,,,,,,,-2.020932,-2.259999,,"",,,,,,"D1 PROFILE",,,,,,
"64304000000086","Nodes","86",21.000000,21.508657,"DDS demands","Known Flow",283684.487349,560988.867860,,0.000000,,,,,,-5.820000,,,,,,,-5.204348,-5.820000,,"",,,,,,"D1 PROFILE",,,,,,
"64304000000049","Nodes","49",21.000000,23.012952,"DDS demands","Known Flow",283634.451335,561198.138917,,0.000000,,,,,,-6.989999,,,,,,,-6.250582,-6.989999,,"",,,,,,"D1 PROFILE",,,,,,
"64304000000216","Nodes","216",21.000000,22.744817,"DDS demands","Known Flow",283734.986363,561344.518957,,0.000000,0.000000,,,,,-2.819999,,,,,,,-2.521694,-2.819999,,"","C1 PROFILE",,,,,"D1 PROFILE",,,,,,
"64304000000215","Nodes","215",21.000000,22.735838,"DDS demands","Known Flow",283739.045364,561345.834957,,0.000000,,,,,,-10.620000,,,,,,,-9.496594,-10.620000,,"",,,,,,"D1 PROFILE",,,,,,
"64304000000218","Nodes","218",21.000000,22.657525,"DDS demands","Known Flow",283776.116863,561355.113798,,0.000000,,0.000000,,,,-1.890000,,,,,,,-1.690071,-1.890000,,"",,"C2 PROFILE",,,,"D1 PROFILE",,,,,,
"64304000000281","Nodes","281",21.000000,22.639098,"DDS demands","Known Flow",283795.161379,561360.687961,,0.000000,,,,,,-2.390000,,,,,,,-2.137181,-2.390000,,"",,,,,,"D1 PROFILE",,,,,,
"64304000000282","Nodes","282",21.000000,22.588953,"DDS demands","Known Flow",283840.545391,561347.405957,,0.000000,,,,,,-1.249999,,,,,,,-1.117772,-1.249999,,"",,,,,,"D1 PROFILE",,,,,,
"64304000000278","Nodes","278",21.000000,22.098485,"DDS demands","Known Flow",283901.240408,561330.707953,,0.000000,,,,,,-8.020000,,,,,,,-7.171628,-8.020000,,"",,,,,,"D1 PROFILE",,,,,,
"64304000000279","Nodes","279",21.000000,22.202603,"DDS demands","Known Flow",283957.550423,561301.815945,,0.000000,,,,,,-3.150000,,,,,,,-2.816786,-3.150000,,"",,,,,,"D1 PROFILE",,,,,,
"64304000326837","Nodes","326837",21.000000,22.794243,"Default Known Flow Node","Known Flow",283729.082361,561359.991961,,0.000000,,,,,,,,,,,,,0.000000,0.000000,,"",,,,,,,,,,,,
"64304001462529","Nodes","1462529",21.000000,22.706530,"Default Known Flow Node","Known Flow",283722.925359,561363.936962,,0.000000,,,,,,,,,,,,,0.000000,0.000000,,"",,,,,,,,,,,,
"64304000000214","Nodes","214",21.000000,24.787447,"DDS demands","Known Flow",283529.014306,561436.340982,,0.000000,,,,,,-5.050000,,,,,,,-4.515800,-5.050000,,"",,,,,,"D1 PROFILE",,,,,,
"64304000000337","Nodes","337",21.000000,24.706864,"DDS demands","Known Flow",283471.139291,561399.718972,,0.000000,,,,,,-2.109999,,,,,,,-1.886799,-2.109999,,"",,,,,,"D1 PROFILE",,,,,,
"64304000000280","Nodes","280",21.000000,22.181899,"DDS demands","Known Flow",284101.810462,561214.958921,,0.000000,,,,,,-7.770000,,,,,,,-6.948073,-7.770000,,"",,,,,,"D1 PROFILE",,,,,,
"64304000000099","Nodes","99",21.000000,23.357242,"DDS demands","Known Flow",283991.603031,561436.064990,,0.000000,,,,,,-5.960000,,,,,,,-5.329538,-5.960000,,"",,,,,,"D1 PROFILE",,,,,,
"64304000000265","Nodes","265",21.000000,65.470456,"DDS demands","Known Flow",282752.537467,561738.694196,,0.000000,,,,,,-0.769999,,,,,,,-0.688547,-0.769999,,"",,,,,,"D1 PROFILE",,,,,,
"64304000000072","Nodes","72",21.000000,30.163998,"DDS demands","Known Flow",282912.022157,561893.476358,,0.000000,,,,,,-6.399999,,,,,,,-5.722994,-6.399999,,"",,,,,,"D1 PROFILE",,,,,,
"64304000000327","Nodes","327",21.000000,31.116600,"DDS demands","Known Flow",282913.022747,561692.611403,,0.000000,,,,,,-1.710000,,,,,,,-1.529112,-1.710000,,"",,,,,,"D1 PROFILE",,,,,,
"64304000000202","Nodes","202",21.000000,31.133042,"DDS demands","Known Flow",282990.109273,561721.425412,,0.000000,,,,,,-1.090000,,,,,,,-0.974697,-1.090000,,"",,,,,,"D1 PROFILE",,,,,,
"64304000000260","Nodes","260,",21.000000,69.374247,"DDS demands","Known Flow",282617.876059,561828.545088,,0.000000,,,,,,-3.059999,,,,,,,-2.736306,-3.059999,,"",,,,,,"D1 PROFILE",,,,,,
"64304000000259","Nodes","259",21.000000,67.617148,"DDS demands","Known Flow",282695.037991,561761.126935,,0.000000,,,,,,-4.400000,,,,,,,-3.934558,-4.400000,,"",,,,,,"D1 PROFILE",,,,,,
"64304000000258","Nodes","258",21.000000,69.357464,"DDS demands","Known Flow",282659.875617,561778.337430,,0.000000,,,,,,-7.040000,,,,,,,-6.295294,-7.040000,,"",,,,,,"D1 PROFILE",,,,,,
"64304000000267","Nodes","267",21.000000,64.270512,"DDS demands","Known Flow",282772.581101,561765.117071,,0.000000,,,,,,-2.380000,,,,,,,-2.128238,-2.380000,,"",,,,,,"D1 PROFILE",,,,,,
"64304000000268","Nodes","268",21.000000,50.734909,"DDS demands","Known Flow",282815.847173,561822.258279,,0.000000,,,,,,-7.780000,,,,,,,-6.957015,-7.780000,,"",,,,,,"D1 PROFILE",,,,,,
"64304001462574","Nodes","-1462574",21.000000,30.167639,"Default Known Flow Node","Known Flow",282924.364947,561905.128471,,0.000000,,,,,,,,,,,,,0.000000,0.000000,,"",,,,,,,,,,,,
"64304000000077","Nodes","77",21.000000,30.449255,"DDS demands","Known Flow",282980.596168,561820.893486,,0.000000,0.000000,,,,,-17.150000,,,,,,,-15.335837,-17.150000,,"","C1 PROFILE",,,,,"D1 PROFILE",,,,,,
"64304001462525","Nodes","-1462525",21.000000,69.358581,"Default Known Flow Node","Known Flow",282657.333069,561809.889083,,0.000000,,,,,,,,,,,,,0.000000,0.000000,,"",,,,,,,,,,,,
"64304000000307","Nodes","307",21.000000,29.782999,"Default Known Flow Node","Known Flow",283239.375228,561509.859002,,0.000000,,,,,,,,,,,,,0.000000,0.000000,,"",,,,,,,,,,,,
"64304000000200","Nodes","200",21.000000,31.302253,"Default Known Flow Node","Known Flow",283196.436255,561528.459248,,0.000000,,,,,,,,,,,,,0.000000,0.000000,,"",,,,,,,,,,,,
"64304000000075","Nodes","75",21.000000,30.685666,"DDS demands","Known Flow",283091.957320,561726.240182,,0.000000,,,,,,-8.850000,,,,,,,-7.913828,-8.850000,,"",,,,,,"D1 PROFILE",,,,,,
"64304000000201","Nodes","201",21.000000,31.255964,"DDS demands","Known Flow",283025.977393,561678.217049,,0.000000,,,,,,-6.049999,,,,,,,-5.410018,-6.049999,,"",,,,,,"D1 PROFILE",,,,,,
"64304000000287","Nodes","287",21.000000,42.246285,"DDS demands","Known Flow",283367.899263,561838.828091,,0.000000,,,,,,-4.110000,,,,,,,-3.675235,-4.110000,,"",,,,,,"D1 PROFILE",,,,,,
"64304000000297","Nodes","297, JOHNSTON DRIVE OFF JOHN STREET RRI,",21.000000,49.999998,"Default Known Pressure Node","Known Pressure",283421.109277,561907.833110,,999998.967025,,,,,,,,,,,,,9.702264,10.849999,,"",,,,,,,,,,,,
"64304000000204","Nodes","204",21.000000,26.539626,"DDS demands","Known Flow",283309.528413,561646.326501,,0.000000,,,,,,-9.229999,,,,,,,-8.253630,-9.229999,,"",,,,,,"D1 PROFILE",,,,,,
"64304001462524","Nodes","-1462524",21.000000,27.379927,"Default Known Flow Node","Known Flow",283363.805895,561621.233972,,0.000000,,,,,,,,,,,,,0.000000,0.000000,,"",,,,,,,,,,,,
"64304000000073","Nodes","73",21.000000,31.136028,"DDS demands","Known Flow",283085.599103,561624.425239,,0.000000,,,,,,-9.829999,,,-29.999999,,,,-8.790161,-9.829999,,"",,,,,,"D1 PROFILE",,,"DM PROFILE",,,
"64304000000219","Nodes","219",21.000000,24.827406,"Default Known Flow Node","Known Flow",283813.308562,561612.261230,,0.000000,,,,,,,,,,,,,0.000000,0.000000,,"",,,,,,,,,,,,
"64304000000250","Nodes","250",21.000000,26.076561,"Default Known Flow Node","Known Flow",283559.907882,561775.151788,,0.000000,,,,,,,,,,,,,0.000000,0.000000,,"",,,,,,,,,,,,
"64304000000302","Nodes","302",21.000000,26.133179,"DDS demands","Known Flow",283528.394306,561777.610074,,0.000000,,0.000000,,,,-2.539999,,,,,,,-2.271313,-2.539999,,"",,"C2 PROFILE",,,,"D1 PROFILE",,,,,,
"64304000000256","Nodes","256",21.000000,26.114682,"DDS demands","Known Flow",283536.271308,561829.067088,,0.000000,,,,,,-2.140000,,,,,,,-1.913626,-2.140000,,"",,,,,,"D1 PROFILE",,,,,,
"64304000000296","Nodes","296, QUEENS GROVE RRI,",21.000000,49.999998,"Default Known Pressure Node","Known Pressure",283467.149290,561850.354094,,9999.989670,,,,,,,,,,,,,15.952847,17.840000,,"",,,,,,,,,,,,
"64304000000270","Nodes","270",21.000000,26.483920,"DDS demands","Known Flow",282717.902494,562002.648249,,0.000000,,,,,,-11.239999,,,,,,,-10.051008,-11.239999,,"",,,,,,"D1 PROFILE",,,,,,
"64304000000008","Nodes","8",21.000000,25.886348,"DDS demands","Known Flow",283633.079335,560382.087695,,0.000000,,,,,,-0.839999,,,,,,,-0.751143,-0.839999,,"",,,,,,"D1 PROFILE",,,,,,
"64304000000007","Nodes","7",21.000000,25.961698,"DDS demands","Known Flow",283703.823354,560382.018695,,0.000000,,,,,,-1.529999,,,,,,,-1.368153,-1.529999,,"",,,,,,"D1 PROFILE",,,,,,
"64304000000011","Nodes","11, SCOTT CRESCENT DG, Tel, Constant Settings, Site ID 6186",21.000000,69.999999,"Default Known Pressure Node","Known Pressure",283036.809173,560799.348808,,999998.967025,,,,,,,,,,,,,85.558769,95.680001,,"",,,,,,,,,,,,
"64304000000350","Nodes","350",21.000000,64.148744,"DDS demands","Known Flow",283058.938112,560796.609390,,0.000000,,,,,,-13.460000,,,,,,,-12.036173,-13.460000,,"",,,,,,"D1 PROFILE",,,,,,
"64304000000363","Nodes","363",21.000000,57.330736,"DDS demands","Known Flow",283094.147188,560819.203814,,0.000000,,,,,,-3.130000,,,-12.000000,,,,-2.798902,-3.130000,,"",,,,,,"D1 PROFILE",,,"DM PROFILE",,,
"64304000000362","Nodes","362",21.000000,57.356947,"DDS demands","Known Flow",283093.896188,560794.720807,,0.000000,,,,,,-4.949999,,,,,,,-4.426378,-4.949999,,"",,,,,,"D1 PROFILE",,,,,,
"64304000000370","Nodes","370",21.000000,42.672618,"DDS demands","Known Flow",283164.677207,560651.099768,,0.000000,,,,,,-2.170000,,,,,,,-1.940452,-2.170000,,"",,,,,,"D1 PROFILE",,,,,,
"64304000001154","Nodes","-54",21.000000,42.506159,"Default Known Flow Node","Known Flow",283179.158211,560627.503761,,0.000000,,,,,,,,,,,,,0.000000,0.000000,,"",,,,,,,,,,,,
"64304001462567","Nodes","1462567",21.000000,63.741138,"DDS demands","Known Flow",283051.541177,560778.735803,,0.000000,,,,,,-1.019999,,,,,,,-0.912102,-1.019999,,"",,,,,,"D1 PROFILE",,,,,,
"64304004904545","Nodes","-4904545",21.000000,63.758641,"Default Known Flow Node","Known Flow",283059.796225,560777.889025,,0.000000,,,,,,,,,,,,,0.000000,0.000000,,"",,,,,,,,,,,,
"64304000000071","Nodes","-71",21.000000,63.759907,"Default Known Flow Node","Known Flow",283060.805179,560795.970807,,0.000000,,,,,,,,,,,,,0.000000,0.000000,,"",,,,,,,,,,,,
"64304001462468","Nodes","-1462468",21.000000,43.839538,"Default Known Flow Node","Known Flow",283079.565184,560737.107791,,0.000000,,,,,,,,,,,,,0.000000,0.000000,,"",,,,,,,,,,,,
"64304000000369","Nodes","369",21.000000,43.839538,"DDS demands","Known Flow",283081.934185,560739.360792,,0.000000,,,,,,-2.829999,,,,,,,-2.530636,-2.829999,,"",,,,,,"D1 PROFILE",,,,,,
"64304000000066","Nodes","66",21.000000,43.850075,"DDS demands","Known Flow",283099.922190,560732.583790,,0.000000,,,,,,-2.539999,,,,,,,-2.271313,-2.539999,,"",,,,,,"D1 PROFILE",,,,,,
"64304000000064","Nodes","64",21.000000,43.888935,"DDS demands","Known Flow",283110.698193,560728.797789,,0.000000,,,,,,-0.639999,,,,,,,-0.572299,-0.639999,,"",,,,,,"D1 PROFILE",,,,,,
"64304000001159","Nodes","-59",21.000000,43.000276,"Default Known Flow Node","Known Flow",283130.132198,560675.339774,,0.000000,,,,,,,,,,,,,0.000000,0.000000,,"",,,,,,,,,,,,
"64304000000061","Nodes","-61",21.000000,44.162877,"Default Known Flow Node","Known Flow",283129.740198,560721.672787,,0.000000,,,,,,,,,,,,,0.000000,0.000000,,"",,,,,,,,,,,,
"64304000000368","Nodes","368",21.000000,44.153256,"DDS demands","Known Flow",283128.687198,560717.955786,,0.000000,,,,,,-6.520000,,,,,,,-5.830300,-6.520000,,"",,,,,,"D1 PROFILE",,,,,,
"64304000000062","Nodes","-62",21.000000,44.276269,"Default Known Flow Node","Known Flow",283130.471198,560723.684788,,0.000000,,,,,,,,,,,,,0.000000,0.000000,,"",,,,,,,,,,,,
"64304000000371","Nodes","371",21.000000,42.473101,"DDS demands","Known Flow",283183.382212,560620.034759,,0.000000,,,,,,-8.430000,,,,,,,-7.538257,-8.430000,,"",,,,,,"D1 PROFILE",,,,,,
"64304000000092","Nodes","92",21.000000,25.487993,"DDS demands","Known Flow",283486.357445,560916.547138,,0.000000,,,,,,-7.340000,,,,,,,-6.563559,-7.340000,,"",,,,,,"D1 PROFILE",,,,,,
"64304000000365","Nodes","365",21.000000,46.018507,"DDS demands","Known Flow",283137.851200,560755.481796,,0.000000,,,,,,-1.450000,,,,,,,-1.296616,-1.450000,,"",,,,,,"D1 PROFILE",,,,,,
"64304000000364","Nodes","364",21.000000,57.328057,"DDS demands","Known Flow",283147.531203,560825.642815,,0.000000,,,,,,-0.850000,,,,,,,-0.760085,-0.850000,,"",,,,,,"D1 PROFILE",,,,,,
"64304001462469","Nodes","-1462469",21.000000,57.328057,"Default Known Flow Node","Known Flow",283160.155206,560834.246818,,0.000000,,,,,,,,,,,,,0.000000,0.000000,,"",,,,,,,,,,,,
"64304001462474","Nodes","-1462474",21.000000,57.328057,"Default Known Flow Node","Known Flow",283136.705200,560842.991820,,0.000000,,,,,,,,,,,,,0.000000,0.000000,,"",,,,,,,,,,,,
"64304000000367","Nodes","367",21.000000,44.382765,"DDS demands","Known Flow",283193.755215,560832.714817,,0.000000,,,,,,-5.539999,,,,,,,-4.953967,-5.539999,,"",,,,,,"D1 PROFILE",,,,,,
"64304000000079","Nodes","79",21.000000,43.984853,"DDS demands","Known Flow",283195.412216,560844.374820,,0.000000,,,,,,-4.600000,,,,,,,-4.113402,-4.600000,,"",,,,,,"D1 PROFILE",,,,,,
"64304001462562","Nodes","-1462562",21.000000,43.839538,"Default Known Flow Node","Known Flow",283083.799185,560741.231792,,0.000000,,,,,,,,,,,,,0.000000,0.000000,,"",,,,,,,,,,,,
"64304001462544","Nodes","-1462544",21.000000,42.672618,"Default Known Flow Node","Known Flow",283154.894205,560646.317767,,0.000000,,,,,,,,,,,,,0.000000,0.000000,,"",,,,,,,,,,,,
"64304001462512","Nodes","-1462512",21.000000,63.758641,"Default Known Flow Node","Known Flow",283059.297179,560769.138800,,0.000000,,,,,,,,,,,,,0.000000,0.000000,,"",,,,,,,,,,,,
"64304001462490","Nodes","1462490",21.000000,43.676391,"DDS demands","Known Flow",283096.259189,560722.103787,,0.000000,,,,,,-2.470000,,,,,,,-2.208718,-2.470000,,"",,,,,,"D1 PROFILE",,,,,,
"64304001462470","Nodes","1462470",21.000000,43.765923,"DDS demands","Known Flow",283107.008192,560719.829787,,0.000000,,,,,,-2.009999,,,,,,,-1.797377,-2.009999,,"",,,,,,"D1 PROFILE",,,,,,
"64304000000063","Nodes","-63",21.000000,43.925823,"Default Known Flow Node","Known Flow",283123.917196,560723.728788,,0.000000,,,,,,,,,,,,,0.000000,0.000000,,"",,,,,,,,,,,,
"64304000001160","Nodes","-60",21.000000,43.051642,"Default Known Flow Node","Known Flow",283146.288202,560684.615777,,0.000000,,,,,,,,,,,,,0.000000,0.000000,,"",,,,,,,,,,,,
"64304000001158","Nodes","1158",21.000000,42.739424,"DDS demands","Known Flow",283134.740783,560666.857074,,0.000000,,,,,,-1.749999,,,,,,,-1.564881,-1.749999,,"",,,,,,"D1 PROFILE",,,,,,
"64304001462557","Nodes","-1462557",21.000000,44.276269,"Default Known Flow Node","Known Flow",283144.223202,560739.745792,,0.000000,,,,,,,,,,,,,0.000000,0.000000,,"",,,,,,,,,,,,
"64304001462553","Nodes","1462553,",21.000000,44.975644,"DDS demands","Known Flow",283182.012212,560756.826797,,0.000000,,,,,,-9.840000,,,,,,,-8.799104,-9.840000,,"",,,,,,"D1 PROFILE",,,,,,
"64304001462577","Nodes","1462577",21.000000,42.535777,"DDS demands","Known Flow",283118.412195,560659.066770,,0.000000,,,,,,-2.279999,,,,,,,-2.038816,-2.279999,,"",,,,,,"D1 PROFILE",,,,,,
"64304000001155","Nodes","1155,",21.000000,26.854885,"DDS demands","Known Flow",283509.820845,560644.745164,,0.000000,-1.990000,,,,,-2.109999,,,,,,,-3.666293,-4.099999,,"","C1 PROFILE",,,,,"D1 PROFILE",,,,,,
"64304000000248","Nodes","248",21.000000,49.588459,"Default Known Flow Node","Known Flow",282826.492267,561136.526659,,0.000000,,,,,,,,,,,,,0.000000,0.000000,,"",,,,,,,,,,,,
"64304000000246","Nodes","246",21.000000,49.630209,"DDS demands","Known Flow",282883.311131,561181.300912,,0.000000,,-55.230000,,,,,,,,,,,-49.387655,-55.230000,,"",,"C2 PROFILE",,,,,,,,,,
"64304000000004","Nodes","4, HIGH SCHOOL SITE HAUGH ROAD, DALBEATTIE",21.000000,49.999998,"Default Known Pressure Node","Known Pressure",282948.825078,561165.482882,,99999.988879,,,,,,,,,,,,,49.387655,55.230000,,"",,,,,,,,,,,,
"64304000000329","Nodes","329,",21.000000,26.829722,"DDS demands","Known Flow",283159.805206,561278.229939,,0.000000,-0.110000,,,,,0.000000,,,,,,,-0.098363,-0.110000,,"","C1 PROFILE",,,,,"D1 PROFILE",,,,,,
"64304000000220","Nodes","220",21.000000,25.373880,"DDS demands","Known Flow",282999.778162,560969.934855,,0.000000,,,,,,-10.310000,,,,,,,-9.219387,-10.310000,,"",,,,,,"D1 PROFILE",,,,,,
"64304000000330","Nodes","330",21.000000,26.102250,"Default Known Flow Node","Known Flow",283127.316197,561322.828951,,0.000000,,,,,,,,,,,,,0.000000,0.000000,,"",,,,,,,,,,,,
"64304000000042","Nodes","-42",21.000000,27.270738,"Default Known Flow Node","Known Flow",283531.778535,560583.108055,,0.000000,,,,,,,,,,,,,0.000000,0.000000,,"",,,,,,,,,,,,
"64304000001145","Nodes","-45",21.000000,27.270738,"Default Known Flow Node","Known Flow",283574.388319,560587.451751,,0.000000,,,,,,,,,,,,,0.000000,0.000000,,"",,,,,,,,,,,,
"64304000000053","Nodes","53",21.000000,25.129279,"DDS demands","Known Flow",283370.005263,561067.629881,,0.000000,,,,,,-4.320000,,,,,,,-3.863021,-4.320000,,"",,,,,,"D1 PROFILE",,,,,,
"64304000000102","Nodes","102",21.000000,25.129422,"DDS demands","Known Flow",283371.597190,561066.743905,,0.000000,,,,,,-2.880000,,,,,,,-2.575347,-2.880000,,"",,,,,,"D1 PROFILE",,,,,,
"64304000001186","Nodes","-86",21.000000,25.125790,"Default Known Flow Node","Known Flow",283367.714712,560896.176503,,0.000000,,,,,,,,,,,,,0.000000,0.000000,,"",,,,,,,,,,,,
"64304000000114","Nodes","-114",21.000000,23.920706,"Default Known Flow Node","Known Flow",282974.155155,561149.381903,,0.000000,,,,,,,,,,,,,0.000000,0.000000,,"",,,,,,,,,,,,
"64304000000010","Nodes","10",21.000000,28.573444,"DDS demands","Known Flow",283484.346294,560401.929700,,0.000000,,,,,,-5.189999,,,,,,,-4.640990,-5.189999,,"",,,,,,"D1 PROFILE",,,,,,
"64304000000109","Nodes","-109",21.000000,24.133721,"Default Known Flow Node","Known Flow",282992.190309,561093.933787,,0.000000,,,,,,,,,,,,,0.000000,0.000000,,"",,,,,,,,,,,,
"64304000000244","Nodes","244",21.000000,28.132170,"DDS demands","Known Flow",283449.656285,560328.890680,,0.000000,,,,,,-2.339999,,,,,,,-2.092469,-2.339999,,"",,,,,,"D1 PROFILE",,,,,,
"64304000000361","Nodes","361, P00070454, HESTAN ROAD, -32.70SCMH",24.000000,28.098961,"CSEP DDS Matched","Known Flow",283455.915287,560326.527680,,0.000000,,,,,,,-32.700001,,,,,,-29.240927,-32.700001,,"",,,,,,,"DC PROFILE",,,,,
"64304000000118","Nodes","118,",21.000000,22.188614,"Default Known Flow Node","Known Flow",283644.847236,561162.542301,,0.000000,,,,,,-9.239999,,,,,,,-8.262573,-9.239999,,"",,,,,,"D1 PROFILE",,,,,,
"64304000000117","Nodes","-117",21.000000,22.013100,"Default Known Flow Node","Known Flow",283617.236330,561154.616905,,0.000000,,,,,,,,,,,,,0.000000,0.000000,,"",,,,,,,,,,,,
"64304000000333","Nodes","333",21.000000,23.945752,"Default Known Flow Node","Known Flow",282976.761471,561121.826224,,0.000000,,,,,,,,,,,,,0.000000,0.000000,,"",,,,,,,,,,,,
"64304000000264","Nodes","264",21.000000,24.553078,"DDS demands","Known Flow",283616.513330,560975.646856,,0.000000,,,,,,-3.999999,,,,,,,-3.576871,-3.999999,,"",,,,,,"D1 PROFILE",,,,,,
"64304000000002","Nodes",,21.000000,46.289149,"Default Known Flow Node","Known Flow",283135.812487,560755.532376,,0.000000,,,,,,,,,,,,,0.000000,0.000000,,"",,,,,,,,,,,,
"64304000000641","Nodes","641",21.000000,25.582464,"Default Known Flow Node","Known Flow",283616.732338,561770.241216,,0.000000,,,,,,,,,,,,,0.000000,0.000000,,"",,,,,,,,,,,,
"64304000000667","Nodes",,21.000000,46.262071,"DDS demands","Known Flow",283135.840199,560764.876799,,0.000000,,,,,,-7.139999,,,,,,,-6.384715,-7.139999,,"",,,,,,"D1 PROFILE",,,,,,
"64304000000675","Nodes",,21.000000,23.849988,"DDS demands","Known Flow",282967.862154,561165.623908,,0.000000,,,,,,-6.150000,,,,,,,-5.499440,-6.150000,,"",,,,,,"D1 PROFILE",,,,,,
"64304000000677","Nodes",,21.000000,25.442695,"Default Known Flow Node","Known Flow",283064.322180,561024.153869,,0.000000,,,,,,,,,,,,,0.000000,0.000000,,"",,,,,,,,,,,,
"64304000000678","Nodes",,21.000000,25.486197,"Default Known Flow Node","Known Flow",283024.095169,561034.802872,,0.000000,,,,,,,,,,,,,0.000000,0.000000,,"",,,,,,,,,,,,
"64304000000679","Nodes",,21.000000,24.088078,"Default Known Flow Node","Known Flow",282982.440158,561093.486888,,0.000000,,,,,,,,,,,,,0.000000,0.000000,,"",,,,,,,,,,,,
"64304000000692","Nodes",,21.000000,24.137991,"Default Known Flow Node","Known Flow",282991.947160,561094.196888,,0.000000,,,,,,,,,,,,,0.000000,0.000000,,"",,,,,,,,,,,,
"64304000000681","Nodes",,21.000000,49.588459,"Default Known Flow Node","Known Flow",282819.477113,561184.464913,,0.000000,,,,,,,,,,,,,0.000000,0.000000,,"",,,,,,,,,,,,
"64304000000682","Nodes",,21.000000,49.588459,"Default Known Flow Node","Known Flow",282817.110113,561189.881914,,0.000000,,,,,,,,,,,,,0.000000,0.000000,,"",,,,,,,,,,,,
"64304000000683","Nodes",,21.000000,49.588459,"Default Known Flow Node","Known Flow",282827.885116,561136.792900,,0.000000,,,,,,,,,,,,,0.000000,0.000000,,"",,,,,,,,,,,,
"64304000000694","Nodes",,21.000000,27.834636,"Default Known Flow Node","Known Flow",283197.772216,561351.281958,,0.000000,,,,,,,,,,,,,0.000000,0.000000,,"",,,,,,,,,,,,
"64304000000695","Nodes",,21.000000,23.832878,"Default Known Flow Node","Known Flow",282950.954149,561161.651907,,0.000000,,,,,,,,,,,,,0.000000,0.000000,,"",,,,,,,,,,,,
"64304000000696","Nodes",,21.000000,23.839642,"Default Known Flow Node","Known Flow",282967.216154,561166.754908,,0.000000,,,,,,,,,,,,,0.000000,0.000000,,"",,,,,,,,,,,,
"64304000000684","Nodes",,21.000000,49.588459,"Default Known Flow Node","Known Flow",282861.052125,561197.619917,,0.000000,,,,,,,,,,,,,0.000000,0.000000,,"",,,,,,,,,,,,
"64304000000702","Nodes",,21.000000,22.547384,"DDS demands","Known Flow",282932.569763,561345.548544,,0.000000,,,,,,-0.999999,,,,,,,-0.894217,-0.999999,,"",,,,,,"D1 PROFILE",,,,,,
"64304000000703","Nodes",,21.000000,49.588459,"Default Known Flow Node","Known Flow",282829.124116,561186.620914,,0.000000,,,,,,,,,,,,,0.000000,0.000000,,"",,,,,,,,,,,,
"64304000000704","Nodes",,21.000000,49.588459,"Default Known Flow Node","Known Flow",282853.922123,561165.298908,,0.000000,,,,,,,,,,,,,0.000000,0.000000,,"",,,,,,,,,,,,
"64304000000707","Nodes",,21.000000,23.977737,"Default Known Flow Node","Known Flow",282977.681156,561113.996894,,0.000000,,,,,,,,,,,,,0.000000,0.000000,,"",,,,,,,,,,,,
"64304000000708","Nodes",,21.000000,23.999017,"DDS demands","Known Flow",282940.486146,561103.611891,,0.000000,,,,,,-2.799999,,,,,,,-2.503810,-2.799999,,"",,,,,,"D1 PROFILE",,,,,,
"64304000000714","Nodes",,21.000000,30.332526,"Default Known Flow Node","Known Flow",282949.984149,561832.561089,,0.000000,,,,,,,,,,,,,0.000000,0.000000,,"",,,,,,,,,,,,
"64304000000716","Nodes",,21.000000,30.167639,"Default Known Flow Node","Known Flow",282913.014139,561894.577106,,0.000000,,,,,,,,,,,,,0.000000,0.000000,,"",,,,,,,,,,,,
"64304000000718","Nodes",,21.000000,31.132352,"DDS demands","Known Flow",282989.744160,561722.531059,,0.000000,,,,,,-3.349999,,,,,,,-2.995629,-3.349999,,"",,,,,,"D1 PROFILE",,,,,,
"64304000000717","Nodes",,21.000000,30.500849,"Default Known Flow Node","Known Flow",282980.636157,561821.913086,,0.000000,,,,,,,,,,,,,0.000000,0.000000,,"",,,,,,,,,,,,
"64304000000720","Nodes",,21.000000,30.684231,"Default Known Flow Node","Known Flow",283090.533187,561726.558060,,0.000000,,,,,,,,,,,,,0.000000,0.000000,,"",,,,,,,,,,,,
"64304000000722","Nodes",,21.000000,65.470497,"Default Known Flow Node","Known Flow",282751.744095,561739.299064,,0.000000,,,,,,,,,,,,,0.000000,0.000000,,"",,,,,,,,,,,,
"64304000000724","Nodes","WALLACH BRAE RRI,",21.000000,49.999986,"Default Known Pressure Node","Known Pressure",282789.077105,561597.793025,,0.000000,,,,,,,,,,,,,1.099888,1.230000,,"",,,,,,,,,,,,
"64304000000745","Nodes",,21.000000,49.996957,"Default Known Flow Node","Known Flow",282812.947112,561604.503027,,0.000000,,,,,,,,,,,,,0.000000,0.000000,,"",,,,,,,,,,,,
"64304000000726","Nodes","726",21.000000,25.694619,"DDS demands","Known Flow",282675.529074,561958.014123,,0.000000,,,,,,-1.429999,,-59.999999,,,,,-54.931803,-61.429996,,"",,,,,,"D1 PROFILE",,"DH PROFILE",,,,
"64304000000727","Nodes",,21.000000,26.813142,"Default Known Flow Node","Known Flow",282744.868093,561951.707122,,0.000000,,,,,,,,,,,,,0.000000,0.000000,,"",,,,,,,,,,,,
"64304000000728","Nodes",,21.000000,30.275752,"Default Known Flow Node","Known Flow",282979.785157,561769.215072,,0.000000,,,,,,,,,,,,,0.000000,0.000000,,"",,,,,,,,,,,,
"64304000000729","Nodes",,21.000000,31.098731,"Default Known Flow Node","Known Flow",282908.961138,561659.658042,,0.000000,,,,,,,,,,,,,0.000000,0.000000,,"",,,,,,,,,,,,
"64304000000731","Nodes",,21.000000,69.358581,"Default Known Flow Node","Known Flow",282645.491066,561803.425081,,0.000000,,,,,,,,,,,,,0.000000,0.000000,,"",,,,,,,,,,,,
"64304000000733","Nodes",,21.000000,69.411907,"Default Known Flow Node","Known Flow",282659.340070,561779.398075,,0.000000,,,,,,,,,,,,,0.000000,0.000000,,"",,,,,,,,,,,,
"64304000000734","Nodes",,21.000000,25.200038,"Default Known Flow Node","Known Flow",283339.795255,561217.157922,,0.000000,,,,,,,,,,,,,0.000000,0.000000,,"",,,,,,,,,,,,
"64304000000735","Nodes",,21.000000,26.527665,"Default Known Flow Node","Known Flow",282695.602080,562037.980145,,0.000000,,,,,,,,,,,,,0.000000,0.000000,,"",,,,,,,,,,,,
"64304000000756","Nodes",,21.000000,26.527665,"Default Known Flow Node","Known Flow",282704.817595,562028.097030,,0.000000,,,,,,,,,,,,,0.000000,0.000000,,"",,,,,,,,,,,,
"64304000000737","Nodes",,21.000000,63.758641,"Default Known Flow Node","Known Flow",283062.936180,560777.659802,,0.000000,,,,,,,,,,,,,0.000000,0.000000,,"",,,,,,,,,,,,
"64304000000738","Nodes",,21.000000,31.314526,"Default Known Flow Node","Known Flow",283195.842216,561529.195007,,0.000000,,,,,,,,,,,,,0.000000,0.000000,,"",,,,,,,,,,,,
"64304000000740","Nodes",,21.000000,25.300729,"Default Known Flow Node","Known Flow",282561.540043,562018.695140,,0.000000,,,,,,,,,,,,,0.000000,0.000000,,"",,,,,,,,,,,,
"64304000000742","Nodes",,21.000000,65.103724,"Default Known Flow Node","Known Flow",282716.903085,561711.637056,,0.000000,,,,,,,,,,,,,0.000000,0.000000,,"",,,,,,,,,,,,
"64304000000725","Nodes",,21.000000,50.202347,"DDS demands","Known Flow",282843.511120,561599.559026,,0.000000,,,,,,-1.230000,,,,,,,-1.099888,-1.230000,,"",,,,,,"D1 PROFILE",,,,,,
"64304000000744","Nodes",,21.000000,50.457158,"Default Known Flow Node","Known Flow",282795.746107,561637.729036,,0.000000,,,,,,,,,,,,,0.000000,0.000000,,"",,,,,,,,,,,,
"64304000000721","Nodes","721",21.000000,31.153738,"DDS demands","Known Flow",283140.583256,561574.197090,,0.000000,,,,,,-2.599999,,,-15.599999,,,,-2.324966,-2.599999,,"",,,,,,"D1 PROFILE",,,"DM PROFILE",,,
"64304000000736","Nodes",,21.000000,50.738649,"Default Known Flow Node","Known Flow",282815.357112,561823.261087,,0.000000,,,,,,,,,,,,,0.000000,0.000000,,"",,,,,,,,,,,,
"64304000000749","Nodes",,21.000000,30.033693,"Default Known Flow Node","Known Flow",282877.612129,561857.443096,,0.000000,,,,,,,,,,,,,0.000000,0.000000,,"",,,,,,,,,,,,
"64304000000748","Nodes",,21.000000,69.402020,"Default Known Flow Node","Known Flow",282657.298069,561783.018076,,0.000000,,,,,,,,,,,,,0.000000,0.000000,,"",,,,,,,,,,,,
"64304000000751","Nodes",,21.000000,25.300729,"Default Known Flow Node","Known Flow",282527.623034,561975.193128,,0.000000,,,,,,,,,,,,,0.000000,0.000000,,"",,,,,,,,,,,,
"64304000000752","Nodes",,21.000000,25.607048,"Default Known Flow Node","Known Flow",282630.230062,561929.175116,,0.000000,,,,,,,,,,,,,0.000000,0.000000,,"",,,,,,,,,,,,
"64304000000746","Nodes","P12129118, SITE@OLD LYBRO FACTORY STATION ROAD, CT13 (-45.88SCMH)",25.000000,31.139069,"CSEP Unmatched","Known Flow",283118.901503,561590.524409,,0.000000,,,,,,,-22.520000,,,,,,-20.137787,-22.520000,,"",,,,,,,"DC PROFILE",,,,,
"64304000000753","Nodes",,21.000000,31.312722,"Default Known Flow Node","Known Flow",283193.364215,561532.106008,,0.000000,,,,,,,,,,,,,0.000000,0.000000,,"",,,,,,,,,,,,
"64304000000754","Nodes",,21.000000,69.291940,"DDS demands","Known Flow",282589.943051,561870.132100,,0.000000,,,,,,-5.099999,,,,,,,-4.560511,-5.099999,,"",,,,,,"D1 PROFILE",,,,,,
"64304000000755","Nodes",,21.000000,69.332420,"Default Known Flow Node","Known Flow",282591.700051,561910.510111,,0.000000,,,,,,,,,,,,,0.000000,0.000000,,"",,,,,,,,,,,,
"64304000000757","Nodes",,21.000000,26.615171,"Default Known Flow Node","Known Flow",282734.157090,562057.131150,,0.000000,,,,,,,,,,,,,0.000000,0.000000,,"",,,,,,,,,,,,
"64304000000766","Nodes",,21.000000,29.582258,"Default Known Flow Node","Known Flow",283373.230264,560589.279751,,0.000000,,,,,,,,,,,,,0.000000,0.000000,,"",,,,,,,,,,,,
"64304000000767","Nodes",,21.000000,29.585017,"Default Known Flow Node","Known Flow",283339.727255,560583.159749,,0.000000,,,,,,,,,,,,,0.000000,0.000000,,"",,,,,,,,,,,,
"64304000000774","Nodes","774",21.000000,25.719145,"DDS demands","Known Flow",283595.827325,560359.851689,,0.000000,,,,,,-10.119999,,,,,,,-9.049484,-10.119999,,"",,,,,,"D1 PROFILE",,,,,,
"64304000000775","Nodes",,21.000000,25.112764,"DDS demands","Known Flow",283617.642331,560282.615668,,0.000000,,,,,,-10.130000,,,,,,,-9.058427,-10.130000,,"",,,,,,"D1 PROFILE",,,,,,
"64304000000765","Nodes",,21.000000,29.891733,"Default Known Flow Node","Known Flow",283362.878261,560393.145698,,0.000000,,,,,,,,,,,,,0.000000,0.000000,,"",,,,,,,,,,,,
"64304000000781","Nodes",,21.000000,25.569328,"Default Known Flow Node","Known Flow",283679.047347,560549.363740,,0.000000,,,,,,,,,,,,,0.000000,0.000000,,"",,,,,,,,,,,,
"64304000000783","Nodes",,21.000000,31.874539,"Default Known Flow Node","Known Flow",283163.117207,560500.757727,,0.000000,,,,,,,,,,,,,0.000000,0.000000,,"",,,,,,,,,,,,
"64304000000784","Nodes",,21.000000,30.213563,"DDS demands","Known Flow",283262.853234,560406.896701,,0.000000,,,,,,-8.260000,,,,,,,-7.386240,-8.260000,,"",,,,,,"D1 PROFILE",,,,,,
"64304000000787","Nodes",,21.000000,28.534210,"Default Known Flow Node","Known Flow",283436.016281,560552.041741,,0.000000,,,,,,,,,,,,,0.000000,0.000000,,"",,,,,,,,,,,,
"64304000000789","Nodes",,21.000000,27.924136,"Default Known Flow Node","Known Flow",283464.007289,560614.726758,,0.000000,,,,,,,,,,,,,0.000000,0.000000,,"",,,,,,,,,,,,
"64304000000790","Nodes",,21.000000,27.912644,"DDS demands","Known Flow",283463.126289,560619.599759,,0.000000,,,,,,-1.840000,,,,,,,-1.645360,-1.840000,,"",,,,,,"D1 PROFILE",,,,,,
"64304000000831","Nodes",,21.000000,26.811030,"DDS demands","Known Flow",283508.524659,560651.400006,,0.000000,,,,,,-7.280000,,,,,,,-6.509906,-7.280000,,"",,,,,,"D1 PROFILE",,,,,,
"64304000000797","Nodes",,21.000000,29.581584,"Default Known Flow Node","Known Flow",283350.222258,560536.408737,,0.000000,,,,,,,,,,,,,0.000000,0.000000,,"",,,,,,,,,,,,
"64304000000805","Nodes",,21.000000,25.303587,"Default Known Flow Node","Known Flow",283702.040354,560644.361766,,0.000000,,,,,,,,,,,,,0.000000,0.000000,,"",,,,,,,,,,,,
"64304000000933","Nodes",,21.000000,44.552655,"Default Known Flow Node","Known Flow",283187.777802,560802.531563,,0.000000,,,,,,,,,,,,,0.000000,0.000000,,"",,,,,,,,,,,,
"64304000000785","Nodes",,21.000000,30.569847,"DDS demands","Known Flow",283296.222243,560456.748715,,0.000000,,,,,,-3.880000,,,,,,,-3.469565,-3.880000,,"",,,,,,"D1 PROFILE",,,,,,
"64304000000810","Nodes",,21.000000,26.458340,"DDS demands","Known Flow",283555.110314,560500.884727,,0.000000,,,,,,-2.779999,,,,,,,-2.485925,-2.779999,,"",,,,,,"D1 PROFILE",,,,,,
"64304000000811","Nodes",,21.000000,25.727081,"Default Known Flow Node","Known Flow",283595.361585,560361.590225,,0.000000,,,,,,,,,,,,,0.000000,0.000000,,"",,,,,,,,,,,,
"64304000000813","Nodes",,21.000000,25.699937,"Default Known Flow Node","Known Flow",283750.264367,560528.296734,,0.000000,,,,,,,,,,,,,0.000000,0.000000,,"",,,,,,,,,,,,
"64304000000814","Nodes",,21.000000,25.699937,"Default Known Flow Node","Known Flow",283746.026366,560566.343745,,0.000000,,,,,,,,,,,,,0.000000,0.000000,,"",,,,,,,,,,,,
"64304000000816","Nodes",,21.000000,29.495321,"Default Known Flow Node","Known Flow",283278.996238,560585.502750,,0.000000,,,,,,,,,,,,,0.000000,0.000000,,"",,,,,,,,,,,,
"64304000000759","Nodes",,21.000000,31.073420,"DDS demands","Known Flow",283256.986232,560519.851732,,0.000000,,,,,,-7.620000,,,,,,,-6.813940,-7.620000,,"",,,,,,"D1 PROFILE",,,,,,
"64304000000818","Nodes",,21.000000,27.955156,"DDS demands","Known Flow",283492.455297,560645.027766,,0.000000,,,,,,-4.349999,,,,,,,-3.889847,-4.349999,,"",,,,,,"D1 PROFILE",,,,,,
"64304000000819","Nodes",,21.000000,25.025602,"Default Known Flow Node","Known Flow",283614.888330,560255.906660,,0.000000,,,,,,,,,,,,,0.000000,0.000000,,"",,,,,,,,,,,,
"64304000000822","Nodes",,21.000000,25.469976,"Default Known Flow Node","Known Flow",283697.854352,560775.928802,,0.000000,,,,,,,,,,,,,0.000000,0.000000,,"",,,,,,,,,,,,
"64304000000824","Nodes",,21.000000,31.776297,"Default Known Flow Node","Known Flow",283229.851000,560514.891787,,0.000000,,,,,,,,,,,,,0.000000,0.000000,,"",,,,,,,,,,,,
"64304000000828","Nodes",,21.000000,29.636056,"Default Known Flow Node","Known Flow",283346.624257,560536.876737,,0.000000,,,,,,,,,,,,,0.000000,0.000000,,"",,,,,,,,,,,,
"64304000000829","Nodes",,21.000000,28.243199,"DDS demands","Known Flow",283399.435271,560284.185668,,0.000000,,,,,,-4.289999,,,,,,,-3.836194,-4.289999,,"",,,,,,"D1 PROFILE",,,,,,
"64304000000830","Nodes",,21.000000,26.811030,"Default Known Flow Node","Known Flow",283500.828299,560620.458760,,0.000000,,,,,,,,,,,,,0.000000,0.000000,,"",,,,,,,,,,,,
"64304000000833","Nodes",,21.000000,25.089064,"DDS demands","Known Flow",283637.688336,560171.232637,,0.000000,,,,,,-1.729999,,,,,,,-1.546996,-1.729999,,"",,,,,,"D1 PROFILE",,,,,,
"64304000000809","Nodes",,21.000000,29.579825,"Default Known Flow Node","Known Flow",283367.980263,560618.869759,,0.000000,,,,,,,,,,,,,0.000000,0.000000,,"",,,,,,,,,,,,
"64304000000838","Nodes",,21.000000,28.611485,"DDS demands","Known Flow",283415.415276,560346.708685,,0.000000,,,,,,-2.309999,,,,,,,-2.065643,-2.309999,,"",,,,,,"D1 PROFILE",,,,,,
"64304000000841","Nodes",,21.000000,25.887053,"Default Known Flow Node","Known Flow",283631.258334,560367.863691,,0.000000,,,,,,,,,,,,,0.000000,0.000000,,"",,,,,,,,,,,,
"64304000000850","Nodes",,21.000000,25.126468,"Default Known Flow Node","Known Flow",283355.242259,560934.901845,,0.000000,,,,,,,,,,,,,0.000000,0.000000,,"",,,,,,,,,,,,
"64304000000851","Nodes",,21.000000,25.170001,"Default Known Flow Node","Known Flow",283392.803269,560946.523848,,0.000000,,,,,,,,,,,,,0.000000,0.000000,,"",,,,,,,,,,,,
"64304000000852","Nodes",,21.000000,25.538259,"Default Known Flow Node","Known Flow",283406.224273,561254.096932,,0.000000,,,,,,,,,,,,,0.000000,0.000000,,"",,,,,,,,,,,,
"64304000000882","Nodes",,21.000000,25.534092,"Default Known Flow Node","Known Flow",283406.934147,561254.681990,,0.000000,,,,,,,,,,,,,0.000000,0.000000,,"",,,,,,,,,,,,
"64304000000857","Nodes",,21.000000,24.891888,"Default Known Flow Node","Known Flow",283502.945299,561387.797968,,0.000000,,,,,,,,,,,,,0.000000,0.000000,,"",,,,,,,,,,,,
"64304000000858","Nodes",,21.000000,24.525561,"DDS demands","Known Flow",283613.352329,561209.672920,,0.000000,-3.819999,,,,,-14.699999,,,,,,,-16.560914,-18.519999,,"","C1 PROFILE",,,,,"D1 PROFILE",,,,,,
"64304000000943","Nodes",,21.000000,24.817375,"DDS demands","Known Flow",283526.171008,561172.008966,,0.000000,,,,-4.929999,,-3.299999,,,,,,,-7.359412,-8.230000,,"",,,,"C4 PROFILE",,"D1 PROFILE",,,,,,
"64304000000860","Nodes",,21.000000,23.633345,"Default Known Flow Node","Known Flow",283639.132336,561305.347946,,0.000000,,,,,,,,,,,,,0.000000,0.000000,,"",,,,,,,,,,,,
"64304000000862","Nodes",,21.000000,23.633345,"DDS demands","Known Flow",283638.331185,561308.623535,,0.000000,,,,,,-6.399999,,,,,,,-5.722994,-6.399999,,"",,,,,,"D1 PROFILE",,,,,,
"64304000000861","Nodes",,21.000000,23.502047,"Default Known Flow Node","Known Flow",283622.789332,561372.167964,,0.000000,,,,,,,,,,,,,0.000000,0.000000,,"",,,,,,,,,,,,
"64304000000863","Nodes",,21.000000,23.636394,"DDS demands","Known Flow",283640.422337,561302.962945,,0.000000,,,,,,-4.010000,,,,,,,-3.585814,-4.010000,,"",,,,,,"D1 PROFILE",,,,,,
"64304000000867","Nodes",,21.000000,28.751367,"DDS demands","Known Flow",283283.978240,561388.004968,,0.000000,-2.190000,,,,,,,,,,,,-1.958337,-2.190000,,"","C1 PROFILE",,,,,,,,,,,
"64304000000868","Nodes",,21.000000,28.122971,"DDS demands","Known Flow",283291.717242,561380.222966,,0.000000,,,-6.740000,,,,,,,,,,-6.027028,-6.740000,,"",,,"C3  PROFILE",,,,,,,,,
"64304000000870","Nodes",,21.000000,25.127290,"Default Known Flow Node","Known Flow",283339.841255,560981.816858,,0.000000,,,,,,,,,,,,,0.000000,0.000000,,"",,,,,,,,,,,,
"64304000000871","Nodes",,21.000000,25.127290,"Default Known Flow Node","Known Flow",283364.928262,560989.754860,,0.000000,,,,,,,,,,,,,0.000000,0.000000,,"",,,,,,,,,,,,
"64304000000872","Nodes",,21.000000,28.042016,"Default Known Flow Node","Known Flow",283293.311242,561385.223968,,0.000000,,,,,,,,,,,,,0.000000,0.000000,,"",,,,,,,,,,,,
"64304000000873","Nodes",,21.000000,27.293067,"DDS demands","Known Flow",283388.631268,561608.541028,,0.000000,,,-2.679999,,,-5.579999,,,,,,,-7.386239,-8.259999,,"",,,"C3  PROFILE",,,"D1 PROFILE",,,,,,
"64304000000877","Nodes",,21.000000,27.835546,"DDS demands","Known Flow",283202.976218,561351.494958,,0.000000,,,,,,-1.080000,,,,,,,-0.965755,-1.080000,,"",,,,,,"D1 PROFILE",,,,,,
"64304000000915","Nodes",,21.000000,27.830976,"Default Known Flow Node","Known Flow",283203.086586,561349.704981,,0.000000,,,,,,,,,,,,,0.000000,0.000000,,"",,,,,,,,,,,,
"64304000000880","Nodes",,21.000000,27.292652,"Default Known Flow Node","Known Flow",283320.275250,561350.382958,,0.000000,,,,,,,,,,,,,0.000000,0.000000,,"",,,,,,,,,,,,
"64304000000925","Nodes","925",21.000000,25.430869,"DDS demands","Known Flow",283424.287245,561269.448261,,0.000000,,,,-5.239999,,-1.039999,,,,,,,-5.615688,-6.279999,,"",,,,"C4 PROFILE",,"D1 PROFILE",,,,,,
"64304000000883","Nodes",,21.000000,24.828425,"DDS demands","Known Flow",283504.837300,561297.643944,,0.000000,,,,,,-3.700000,,,,,,,-3.308606,-3.700000,,"",,,,,,"D1 PROFILE",,,,,,
"64304000000884","Nodes",,21.000000,24.822072,"Default Known Flow Node","Known Flow",283508.395301,561284.656940,,0.000000,,,,,,,,,,,,,0.000000,0.000000,,"",,,,,,,,,,,,
"64304000000885","Nodes",,21.000000,24.698229,"DDS demands","Known Flow",283540.986310,561093.736888,,0.000000,,,,-1.749999,,,,,,,,,-1.564881,-1.749999,,"",,,,"C4 PROFILE",,,,,,,,
"64304000001051","Nodes","1051, P09121042, 106A HIGH STREET, -4.62",22.999998,25.335767,"CSEP DDS Matched","Known Flow",283450.055949,561146.264366,,0.000000,,,,,,-1.789999,-4.619999,,,,,,-5.731936,-6.409999,,"",,,,,,"D1 PROFILE","DC PROFILE",,,,,
"64304000000853","Nodes",,21.000000,25.370800,"DDS demands","Known Flow",283449.073285,561293.185943,,0.000000,-36.089999,,,,,,,,,,,,-32.272323,-36.089999,,"","C1 PROFILE",,,,,,,,,,,
"64304000000855","Nodes",,21.000000,25.255172,"DDS demands","Known Flow",283472.043291,561009.564865,,0.000000,,-5.039999,,,,-24.540000,,,,,,,-26.450965,-29.579999,,"",,"C2 PROFILE",,,,"D1 PROFILE",,,,,,
"64304000000913","Nodes",,21.000000,25.479778,"DDS demands","Known Flow",283484.131294,560918.294841,,0.000000,,,,,,-4.179999,,,,,,,-3.737830,-4.179999,,"",,,,,,"D1 PROFILE",,,,,,
"64304000000866","Nodes",,21.000000,25.512396,"DDS demands","Known Flow",283500.323299,560874.810829,,0.000000,,,,,,-2.170000,,,,,,,-1.940452,-2.170000,,"",,,,,,"D1 PROFILE",,,,,,
"64304000000900","Nodes",,21.000000,27.824189,"Default Known Flow Node","Known Flow",283200.425217,561349.583958,,0.000000,,,,,,,,,,,,,0.000000,0.000000,,"",,,,,,,,,,,,
"64304000000905","Nodes",,21.000000,28.068330,"Default Known Flow Node","Known Flow",283293.139242,561381.165967,,0.000000,,,,,,,,,,,,,0.000000,0.000000,,"",,,,,,,,,,,,
"64304000000919","Nodes",,21.000000,25.487878,"Default Known Flow Node","Known Flow",283434.229340,561230.522864,,0.000000,,,,,,,,,,,,,0.000000,0.000000,,"",,,,,,,,,,,,
"64304000000914","Nodes",,21.000000,25.487993,"Default Known Flow Node","Known Flow",283486.141295,560920.326841,,0.000000,,,,,,,,,,,,,0.000000,0.000000,,"",,,,,,,,,,,,
"64304000000878","Nodes",,21.000000,27.830976,"Default Known Flow Node","Known Flow",283203.196218,561347.926957,,0.000000,,,,,,,,,,,,,0.000000,0.000000,,"",,,,,,,,,,,,
"64304000000920","Nodes",,21.000000,22.409219,"Default Known Flow Node","Known Flow",283762.482370,561016.903867,,0.000000,,,,,,,,,,,,,0.000000,0.000000,,"",,,,,,,,,,,,
"64304000000939","Nodes",,21.000000,25.128407,"Default Known Flow Node","Known Flow",283319.169079,561045.788941,,0.000000,,,,,,,,,,,,,0.000000,0.000000,,"",,,,,,,,,,,,
"64304000000926","Nodes",,21.000000,25.474417,"Default Known Flow Node","Known Flow",283431.077280,561243.392929,,0.000000,,,,,,,,,,,,,0.000000,0.000000,,"",,,,,,,,,,,,
"64304000000895","Nodes",,21.000000,25.031339,"DDS demands","Known Flow",283473.669291,561334.147954,,0.000000,,,,-6.390000,,,,,,,,,-5.714052,-6.390000,,"",,,,"C4 PROFILE",,,,,,,,
"64304000000930","Nodes",,21.000000,22.735838,"Default Known Flow Node","Known Flow",283738.823364,561346.735957,,0.000000,,,,,,,,,,,,,0.000000,0.000000,,"",,,,,,,,,,,,
"64304000000934","Nodes",,21.000000,44.509768,"DDS demands","Known Flow",283212.664220,560796.041807,,0.000000,,,,,,-5.099999,,,,,,,-4.560511,-5.099999,,"",,,,,,"D1 PROFILE",,,,,,
"64304000000935","Nodes","935",21.000000,25.106534,"DDS demands","Known Flow",283367.815263,560838.330819,,0.000000,,,,,,-6.550000,,,,,,,-5.857127,-6.550000,,"",,,,,,"D1 PROFILE",,,,,,
"64304000000936","Nodes",,21.000000,28.057628,"Default Known Flow Node","Known Flow",283295.047587,561382.385926,,0.000000,,,,,,,,,,,,,0.000000,0.000000,,"",,,,,,,,,,,,
"64304000000918","Nodes",,21.000000,28.057628,"DDS demands","Known Flow",283296.520243,561383.362967,,0.000000,,,,,,-0.820000,,,,,,,-0.733258,-0.820000,,"",,,,,,"D1 PROFILE",,,,,,
"64304000000881","Nodes",,21.000000,26.187565,"DDS demands","Known Flow",283365.105174,561290.109881,,0.000000,-4.920000,,-1.479999,-2.380000,,-2.730000,,,,,,,-10.292448,-11.510000,,"","C1 PROFILE",,"C3  PROFILE","C4 PROFILE",,"D1 PROFILE",,,,,,
"64304000000941","Nodes",,21.000000,25.482829,"Default Known Flow Node","Known Flow",283484.211301,560916.585846,,0.000000,,,,,,,,,,,,,0.000000,0.000000,,"",,,,,,,,,,,,
"64304000000944","Nodes",,21.000000,24.715919,"DDS demands","Known Flow",283609.546328,561079.727884,,0.000000,,,,,,-5.059999,,,,,,,-4.524742,-5.059999,,"",,,,,,"D1 PROFILE",,,,,,
"64304000000947","Nodes",,21.000000,22.744817,"Default Known Flow Node","Known Flow",283734.152467,561348.423917,,0.000000,,,,,,,,,,,,,0.000000,0.000000,,"",,,,,,,,,,,,
"64304000000948","Nodes",,21.000000,29.940602,"DDS demands","Known Flow",283214.038221,561703.833054,,0.000000,,,,,,-2.519999,,,,,,,-2.253428,-2.519999,,"",,,,,,"D1 PROFILE",,,,,,
"64304000000950","Nodes",,21.000000,27.564105,"DDS demands","Known Flow",283358.116729,561542.335483,,0.000000,,,,,,-6.809999,,,,,,,-6.089623,-6.809999,,"",,,,,,"D1 PROFILE",,,,,,
"64304000000951","Nodes",,21.000000,49.977313,"Default Known Flow Node","Known Flow",283468.724101,561850.819497,,0.000000,,,,,,,,,,,,,0.000000,0.000000,,"",,,,,,,,,,,,
"64304000000955","Nodes",,21.000000,25.990697,"Default Known Flow Node","Known Flow",283576.512319,561773.356073,,0.000000,,,,,,,,,,,,,0.000000,0.000000,,"",,,,,,,,,,,,
"64304000000957","Nodes",,21.000000,30.634452,"Default Known Flow Node","Known Flow",283167.512208,561707.952055,,0.000000,,,,,,,,,,,,,0.000000,0.000000,,"",,,,,,,,,,,,
"64304000000958","Nodes",,21.000000,26.700827,"DDS demands","Known Flow",283308.270246,561646.987039,,0.000000,,,,,,-1.679999,,,,,,,-1.502286,-1.679999,,"",,,,,,"D1 PROFILE",,,,,,
"64304000000959","Nodes",,21.000000,25.878707,"DDS demands","Known Flow",283308.499246,561675.081046,,0.000000,,,,,,-4.179999,,,,,,,-3.737830,-4.179999,,"",,,,,,"D1 PROFILE",,,,,,
"64304000000960","Nodes",,21.000000,26.116652,"Default Known Flow Node","Known Flow",283520.675304,561735.502063,,0.000000,,,,,,,,,,,,,0.000000,0.000000,,"",,,,,,,,,,,,
"64304000000963","Nodes",,21.000000,29.688879,"DDS demands","Known Flow",283178.272211,561766.477071,,0.000000,,,,,,-2.939999,,,,,,,-2.629000,-2.939999,,"",,,,,,"D1 PROFILE",,,,,,
"64304000000964","Nodes",,21.000000,29.905855,"Default Known Flow Node","Known Flow",283143.015201,561780.553075,,0.000000,,,,,,,,,,,,,0.000000,0.000000,,"",,,,,,,,,,,,
"64304000000972","Nodes","972",21.000000,26.499334,"DDS demands","Known Flow",283431.771286,561787.196344,,0.000000,,,,,,-12.510000,,,,,,,-11.186666,-12.510000,,"",,,,,,"D1 PROFILE",,,,,,
"64304000000967","Nodes",,21.000000,27.753432,"DDS demands","Known Flow",283287.013241,561550.278013,,0.000000,,,,,,-13.489999,,,,,,,-12.062999,-13.489999,,"",,,,,,"D1 PROFILE",,,,,,
"64304000000952","Nodes",,21.000000,49.219414,"DDS demands","Known Flow",283500.586299,561879.271102,,0.000000,,,,,,-3.869999,,,,,,,-3.460623,-3.869999,,"",,,,,,"D1 PROFILE",,,,,,
"64304000000971","Nodes",,21.000000,48.983663,"DDS demands","Known Flow",283512.864302,561969.696127,,0.000000,,,,,,-6.489999,,,,,,,-5.803474,-6.489999,,"",,,,,,"D1 PROFILE",,,,,,
"64304000000965","Nodes",,21.000000,26.499334,"Default Known Flow Node","Known Flow",283432.584280,561791.608078,,0.000000,,,,,,,,,,,,,0.000000,0.000000,,"",,,,,,,,,,,,
"64304000000975","Nodes",,21.000000,25.591485,"DDS demands","Known Flow",283615.665323,561770.347004,,0.000000,,,,,,-2.559999,,,,,,,-2.289197,-2.559999,,"",,,,,,"D1 PROFILE",,,,,,
"64304000000974","Nodes",,21.000000,25.427744,"DDS demands","Known Flow",283614.698330,561699.630053,,0.000000,,,,,,-6.170000,,,,,,,-5.517324,-6.170000,,"",,,,,,"D1 PROFILE",,,,,,
"64304000000976","Nodes",,21.000000,29.597007,"DDS demands","Known Flow",283236.410235,561740.908062,,0.000000,,,,,,-6.510000,,,,,,,-5.821358,-6.510000,,"",,,,,,"D1 PROFILE",,,,,,
"64304000000949","Nodes",,21.000000,30.691287,"DDS demands","Known Flow",283074.941401,561799.482098,,0.000000,,,,,,-8.279999,,,,,,,-7.404124,-8.279999,,"",,,,,,"D1 PROFILE",,,,,,
"64304000000977","Nodes",,21.000000,49.160137,"DDS demands","Known Flow",283519.366304,561876.894101,,0.000000,,,,,,-7.479999,,,,,,,-6.688749,-7.479999,,"",,,,,,"D1 PROFILE",,,,,,
"64304000000973","Nodes",,21.000000,26.146447,"DDS demands","Known Flow",283520.582304,561778.270075,,0.000000,,-59.919996,,,,,,,,,,,-53.581533,-59.919996,,"",,"C2 PROFILE",,,,,,,,,,
"64304000000961","Nodes",,21.000000,26.120554,"Default Known Flow Node","Known Flow",283522.551305,561765.237071,,0.000000,,,,,,,,,,,,,0.000000,0.000000,,"",,,,,,,,,,,,
"64304000000980","Nodes",,21.000000,26.117433,"Default Known Flow Node","Known Flow",283521.402330,561746.862203,,0.000000,,,,,,,,,,,,,0.000000,0.000000,,"",,,,,,,,,,,,
"64304000000984","Nodes",,21.000000,26.118469,"Default Known Flow Node","Known Flow",283521.758359,561752.963049,,0.000000,,,,,,,,,,,,,0.000000,0.000000,,"",,,,,,,,,,,,
"64304000000988","Nodes",,21.000000,25.338644,"DDS demands","Known Flow",283655.915266,561766.807110,,0.000000,,,,,,-6.809999,,,,,,,-6.089623,-6.809999,,"",,,,,,"D1 PROFILE",,,,,,
"64304000000990","Nodes",,21.000000,25.787176,"Default Known Flow Node","Known Flow",283813.255384,560509.412729,,0.000000,,,,,,,,,,,,,0.000000,0.000000,,"",,,,,,,,,,,,
"64304000000843","Nodes",,21.000000,25.699937,"Default Known Flow Node","Known Flow",283766.879371,560568.762745,,0.000000,,,,,,,,,,,,,0.000000,0.000000,,"",,,,,,,,,,,,
"64304000000912","Nodes",,21.000000,22.659383,"DDS demands","Known Flow",283775.180373,561354.900959,,0.000000,,,,,,-2.450000,,,,,,,-2.190834,-2.450000,,"",,,,,,"D1 PROFILE",,,,,,
"64304000000994","Nodes",,21.000000,22.729295,"DDS demands","Known Flow",283778.667374,561283.848940,,0.000000,,,,,,-1.890000,,,,,,,-1.690071,-1.890000,,"",,,,,,"D1 PROFILE",,,,,,
"64304000001001","Nodes",,21.000000,23.378607,"Default Known Flow Node","Known Flow",283990.202432,561436.725982,,0.000000,,,,,,,,,,,,,0.000000,0.000000,,"",,,,,,,,,,,,
"64304000001002","Nodes",,21.000000,23.378607,"Default Known Flow Node","Known Flow",284002.247435,561454.842987,,0.000000,,,,,,,,,,,,,0.000000,0.000000,,"",,,,,,,,,,,,
"64304000001003","Nodes",,21.000000,24.855010,"DDS demands","Known Flow",283861.387397,561607.490028,,0.000000,,,,,,-4.559999,,,,,,,-4.077633,-4.559999,,"",,,,,,"D1 PROFILE",,,,,,
"64304000001004","Nodes","1004",21.000000,25.088063,"DDS demands","Known Flow",283761.601777,561703.595182,,0.000000,,,,,,-16.679999,,,,,,,-14.915554,-16.679999,,"",,,,,,"D1 PROFILE",,,,,,
"64304000001005","Nodes",,21.000000,23.330139,"DDS demands","Known Flow",283995.226433,561434.354981,,0.000000,,,,,,-4.559999,,,,,,,-4.077633,-4.559999,,"",,,,,,"D1 PROFILE",,,,,,
"64304000001007","Nodes",,21.000000,24.743260,"Default Known Flow Node","Known Flow",283922.798414,561517.975004,,0.000000,,,,,,,,,,,,,0.000000,0.000000,,"",,,,,,,,,,,,
"64304000000956","Nodes",,21.000000,24.830075,"DDS demands","Known Flow",283812.524384,561611.354029,,0.000000,,,,,,-14.300000,,,,,,,-12.787315,-14.300000,,"",,,,,,"D1 PROFILE",,,,,,
"64304000001008","Nodes","1008",21.000000,24.232941,"DDS demands","Known Flow",283949.690421,561480.077993,,0.000000,,,,,,-1.510000,,,-21.699999,,,,-1.350269,-1.510000,,"",,,,,,"D1 PROFILE",,,"DM PROFILE",,,
"64304000001009","Nodes",,21.000000,23.512782,"DDS demands","Known Flow",283968.851426,561455.995987,,0.000000,,,,,,-1.770000,,,,,,,-1.582765,-1.770000,,"",,,,,,"D1 PROFILE",,,,,,
"64304000000986","Nodes",,21.000000,26.085929,"Default Known Flow Node","Known Flow",283559.008315,561775.249074,,0.000000,,,,,,,,,,,,,0.000000,0.000000,,"",,,,,,,,,,,,
"64304000000676","Nodes",,21.000000,23.949253,"Default Known Flow Node","Known Flow",282980.855157,561086.936886,,0.000000,,,,,,,,,,,,,0.000000,0.000000,,"",,,,,,,,,,,,
"64304000000701","Nodes",,21.000000,49.998983,"Default Known Flow Node","Known Flow",282948.616873,561165.391693,,0.000000,,,,,,,,,,,,,0.000000,0.000000,,"",,,,,,,,,,,,
"64304000000743","Nodes",,21.000000,65.552027,"Default Known Flow Node","Known Flow",282791.702106,561708.835056,,0.000000,,,,,,,,,,,,,0.000000,0.000000,,"",,,,,,,,,,,,
"64304000000730","Nodes",,21.000000,31.169092,"DDS demands","Known Flow",283024.395169,561679.653048,,0.000000,,,,,,-5.079999,,,,,,,-4.542626,-5.079999,,"",,,,,,"D1 PROFILE",,,,,,
"64304000000739","Nodes",,21.000000,67.644062,"Default Known Flow Node","Known Flow",282694.386079,561761.288070,,0.000000,,,,,,,,,,,,,0.000000,0.000000,,"",,,,,,,,,,,,
"64304000000750","Nodes",,21.000000,50.692987,"Default Known Flow Node","Known Flow",282855.705123,561751.137067,,0.000000,,,,,,,,,,,,,0.000000,0.000000,,"",,,,,,,,,,,,
"64304000000741","Nodes",,21.000000,30.297995,"Default Known Flow Node","Known Flow",282925.395142,561906.086109,,0.000000,,,,,,,,,,,,,0.000000,0.000000,,"",,,,,,,,,,,,
"64304000000715","Nodes",,21.000000,30.200172,"Default Known Flow Node","Known Flow",282906.363137,561812.615084,,0.000000,,,,,,,,,,,,,0.000000,0.000000,,"",,,,,,,,,,,,
"64304000000837","Nodes",,21.000000,29.902843,"Default Known Flow Node","Known Flow",283456.953287,560452.934714,,0.000000,,,,,,,,,,,,,0.000000,0.000000,,"",,,,,,,,,,,,
"64304000000820","Nodes",,21.000000,25.980546,"Default Known Flow Node","Known Flow",283678.807347,560295.891671,,0.000000,,,,,,,,,,,,,0.000000,0.000000,,"",,,,,,,,,,,,
"64304000000827","Nodes",,21.000000,31.791116,"Default Known Flow Node","Known Flow",283239.855228,560513.363730,,0.000000,,,,,,,,,,,,,0.000000,0.000000,,"",,,,,,,,,,,,
"64304000000922","Nodes",,21.000000,25.125711,"Default Known Flow Node","Known Flow",283369.271263,560891.321833,,0.000000,,,,,,,,,,,,,0.000000,0.000000,,"",,,,,,,,,,,,
"64304000000896","Nodes",,21.000000,25.482829,"Default Known Flow Node","Known Flow",283484.359294,560914.425840,,0.000000,,,,,,,,,,,,,0.000000,0.000000,,"",,,,,,,,,,,,
"64304000000940","Nodes",,21.000000,25.128407,"Default Known Flow Node","Known Flow",283317.869582,561045.952846,,0.000000,,,,,,,,,,,,,0.000000,0.000000,,"",,,,,,,,,,,,
"64304000000987","Nodes",,21.000000,26.409077,"Default Known Flow Node","Known Flow",283355.696259,561623.480032,,0.000000,,,,,,,,,,,,,0.000000,0.000000,,"",,,,,,,,,,,,
"64304000000968","Nodes",,21.000000,27.379927,"Default Known Flow Node","Known Flow",283362.544261,561621.879032,,0.000000,,,,,,,,,,,,,0.000000,0.000000,,"",,,,,,,,,,,,
"64304000000985","Nodes",,21.000000,26.118469,"Default Known Flow Node","Known Flow",283537.100669,561751.143268,,0.000000,,,,,,,,,,,,,0.000000,0.000000,,"",,,,,,,,,,,,
"64304000001053","Nodes",,21.000000,25.487878,"DDS demands","Known Flow",283434.676281,561229.170925,,0.000000,,,-6.510000,,,,,,,,,,-5.821358,-6.510000,,"",,,"C3  PROFILE",,,,,,,,,
"64304000001054","Nodes","1054",21.000000,22.243438,"DDS demands","Known Flow",283731.879838,561129.712018,,0.000000,,,,,,-8.189999,,,-7.099999,,,,-7.323644,-8.189999,,"",,,,,,"D1 PROFILE",,,"DM PROFILE",,,
"64304000001058","Nodes",,21.000000,25.545663,"Default Known Flow Node","Known Flow",283405.782783,561254.475709,,0.000000,,,,,,,,,,,,,0.000000,0.000000,,"",,,,,,,,,,,,
"64304000001059","Nodes",,21.000000,25.545663,"Default Known Flow Node","Known Flow",283406.587082,561255.109774,,0.000000,,,,,,,,,,,,,0.000000,0.000000,,"",,,,,,,,,,,,
"64304000000339","Nodes","339",21.000000,30.330414,"DDS demands","Known Flow",282949.227584,561831.933237,,0.000000,,,,,,-5.909999,,,,,,,-5.284827,-5.909999,,"",,,,,,"D1 PROFILE",,,,,,
"64304000000380","Nodes",,21.000000,30.972867,"Default Known Flow Node","Known Flow",283139.879887,561654.384644,,0.000000,,,,,,,,,,,,,0.000000,0.000000,,"",,,,,,,,,,,,
"64304000000332","Nodes","332",21.000000,69.404091,"DDS demands","Known Flow",282657.831683,561782.072101,,0.000000,,,,,,-2.819999,,,,,,,-2.521694,-2.819999,,"",,,,,,"D1 PROFILE",,,,,,
"64304000001000","Nodes",,21.000000,28.629754,"Default Known Flow Node","Known Flow",283414.424150,560347.233253,,0.000000,,,,,,,,,,,,,0.000000,0.000000,,"",,,,,,,,,,,,
"64304000000381","Nodes",,21.000000,43.740768,"DDS demands","Known Flow",283398.108609,561874.680739,,0.000000,,,,,,-6.740000,,,,,,,-6.027028,-6.740000,,"",,,,,,"D1 PROFILE",,,,,,
"64304000000334","Nodes","334",21.000000,26.493576,"Default Known Flow Node","Known Flow",283433.408323,561786.910183,,0.000000,,,,,,,,,,,,,0.000000,0.000000,,"",,,,,,,,,,,,
"64304000000308","Nodes","308",21.000000,29.597007,"Default Known Flow Node","Known Flow",283236.403227,561750.634067,,0.000000,,,,,,,,,,,,,0.000000,0.000000,,"",,,,,,,,,,,,
"64304000000310","Nodes","310",21.000000,26.118469,"Default Known Flow Node","Known Flow",283523.403327,561752.768868,,0.000000,,,,,,,,,,,,,0.000000,0.000000,,"",,,,,,,,,,,,
"64304000000326","Nodes","326",21.000000,26.144758,"DDS demands","Known Flow",283521.544131,561778.188814,,0.000000,,,,,,-2.059999,,,,,,,-1.842088,-2.059999,,"",,,,,,"D1 PROFILE",,,,,,
"64304000000311","Nodes","311",21.000000,25.329089,"DDS demands","Known Flow",283657.557039,561766.703868,,0.000000,,,,,,-4.289999,,,,,,,-3.836194,-4.289999,,"",,,,,,"D1 PROFILE",,,,,,
"64304000000341","Nodes","341",21.000000,25.159955,"DDS demands","Known Flow",283634.765335,561885.799104,,0.000000,,,,,,-7.949999,,,,,,,-7.109032,-7.949999,,"",,,,,,"D1 PROFILE",,,,,,
"64304000000335","Nodes","335",21.000000,69.359379,"DDS demands","Known Flow",282646.093608,561802.383659,,0.000000,,,,,,-7.080000,,,,,,,-6.331062,-7.080000,,"",,,,,,"D1 PROFILE",,,,,,
"64304000000023","Nodes","23",21.000000,42.876664,"DDS demands","Known Flow",283126.080197,560682.252776,,0.000000,,,0.000000,,,-2.890000,,,,,,,-2.584289,-2.890000,,"",,,"C3  PROFILE",,,"D1 PROFILE",,,,,,
"64304000000222","Nodes","222",21.000000,23.150147,"DDS demands","Known Flow",282904.005136,561408.366974,,0.000000,,,-3.339999,,,-8.539999,,,,,,,-10.623308,-11.880000,,"",,,"C3  PROFILE",,,"D1 PROFILE",,,,,,
"64304000000059","Nodes","59",21.000000,21.684593,"DDS demands","Known Flow",283131.537213,561336.688056,,0.000000,-4.019999,,,,,-11.949999,,,,,,,-14.280659,-15.969999,,"","C1 PROFILE",,,,,"D1 PROFILE",,,,,,
"64304000000044","Nodes","44",21.000000,21.743905,"Default Known Flow Node","Known Flow",282873.188128,561304.356946,,0.000000,,,,,,,,,,,,,0.000000,0.000000,,"",,,,,,,,,,,,
"64304000000052","Nodes","52",21.000000,26.276277,"Default Known Flow Node","Known Flow",283113.394193,561329.934953,,0.000000,,,,,,,,,,,,,0.000000,0.000000,,"",,,,,,,,,,,,
"64304000000085","Nodes","85",21.000000,21.684593,"Default Known Flow Node","Known Flow",283126.266197,561344.555957,,0.000000,,,,,,,,,,,,,0.000000,0.000000,,"",,,,,,,,,,,,
"64304000000074","Nodes","74",21.000000,21.684593,"Default Known Flow Node","Known Flow",283127.180197,561337.687955,,0.000000,,,,,,,,,,,,,0.000000,0.000000,,"",,,,,,,,,,,,
"64304000000304","Nodes","304",21.000000,31.093847,"Default Known Flow Node","Known Flow",282998.020162,561748.045066,,0.000000,,,,,,,,,,,,,0.000000,0.000000,,"",,,,,,,,,,,,
"64304000000252","Nodes","252",21.000000,31.009709,"DDS demands","Known Flow",282909.488226,561658.642433,,0.000000,,,,,,-7.199999,,,,,,,-6.438368,-7.199999,,"",,,,,,"D1 PROFILE",,,,,,
"64304000000263","Nodes","263",21.000000,30.653409,"DDS demands","Known Flow",283172.125209,561704.228054,,0.000000,,,,,,-15.010000,,,,,,,-13.422211,-15.010000,,"",,,,,,"D1 PROFILE",,,,,,
"64304000000245","Nodes","245",21.000000,31.776297,"Default Known Flow Node","Known Flow",283228.948328,560514.726791,,0.000000,,,,,,,,,,,,,0.000000,0.000000,,"",,,,,,,,,,,,
"64304000000229","Nodes","229",21.000000,31.960495,"DDS demands","Known Flow",283189.066214,560503.987728,,0.000000,,,,,,-1.479999,,,,,,,-1.323442,-1.479999,,"",,,,,,"D1 PROFILE",,,,,,
"64304000000269","Nodes","269",21.000000,42.486901,"DDS demands","Known Flow",283194.140215,560635.450764,,0.000000,,,,,,-4.070000,,,,,,,-3.639466,-4.070000,,"",,,,,,"D1 PROFILE",,,,,,
"64304000000003","Nodes","3, MAXWELL PARK DG, Constant Setting, Site ID 6184",21.000000,69.999999,"Default Known Pressure Node","Known Pressure",282611.299057,561755.114068,,99999.988879,,,,,,,,,,,,,101.136042,113.099995,,"",,,,,,,,,,,,
"64304000000386","Nodes",,21.000000,27.741346,"DDS demands","Known Flow",283326.447283,561455.449331,,0.000000,,,-2.009999,,,-14.380000,,,,,,,-14.656231,-16.389999,,"",,,"C3  PROFILE",,,"D1 PROFILE",,,,,,
"64304000000390","Nodes",,21.000000,27.292652,"DDS demands","Known Flow",283320.522337,561349.891290,,0.000000,-6.000000,,,,,,,,,,,,-5.365307,-6.000000,,"","C1 PROFILE",,,,,,,,,,,
"64304000000043","Nodes","43",21.000000,25.107983,"DDS demands","Known Flow",283365.161262,560861.325825,,0.000000,,,,,,-13.439999,,,,,,,-12.018288,-13.439999,,"",,,,,,"D1 PROFILE",,,,,,
"64304000000388","Nodes",,21.000000,29.661624,"DDS demands","Known Flow",283255.075780,561436.804439,,0.000000,,,,,,-16.139999,,,,,,,-14.432676,-16.139999,,"",,,,,,"D1 PROFILE",,,,,,
"64304000000080","Nodes","80",21.000000,27.336150,"DDS demands","Known Flow",283317.923249,561348.685958,,0.000000,,,,,,-0.699999,,,,,,,-0.625952,-0.699999,,"",,,,,,"D1 PROFILE",,,,,,
"64304000000089","Nodes","89",21.000000,22.535170,"Default Known Flow Node","Known Flow",283767.496371,561353.418959,,0.000000,,,,,,,,,,,,,0.000000,0.000000,,"",,,,,,,,,,,,
"64304000000208","Nodes","208",21.000000,27.970657,"DDS demands","Known Flow",283262.500234,561365.287962,,0.000000,,,,,,-9.819999,,,,,,,-8.781219,-9.819999,,"",,,,,,"D1 PROFILE",,,,,,
"64304000000088","Nodes","88",21.000000,27.801233,"DDS demands","Known Flow",283268.804236,561352.711959,,0.000000,,,-3.440000,,,-12.839999,,,,,,,-14.557867,-16.280000,,"",,,"C3  PROFILE",,,"D1 PROFILE",,,,,,
"64304000000045","Nodes","45",21.000000,26.998849,"DDS demands","Known Flow",283330.384252,561330.266953,,0.000000,,,,,,-5.199999,,,,,,,-4.649932,-5.199999,,"",,,,,,"D1 PROFILE",,,,,,
"64304000000205","Nodes","205",21.000000,22.794243,"DDS demands","Known Flow",283729.346834,561357.545717,,0.000000,,-55.679999,,,,,,,,,,,-49.790051,-55.679999,,"",,"C2 PROFILE",,,,,,,,,,
"64304000000261","Nodes","261",21.000000,29.928637,"DDS demands","Known Flow",283215.624230,561703.569356,,0.000000,,,,,,-2.850000,,,,,,,-2.548521,-2.850000,,"",,,,,,"D1 PROFILE",,,,,,
"64304000000247","Nodes","247",21.000000,27.100999,"DDS demands","Known Flow",283409.379274,561651.272040,,0.000000,,,-0.899999,,,-4.839999,,,,,,,-5.132810,-5.740000,,"",,,"C3  PROFILE",,,"D1 PROFILE",,,,,,
"64304000000277","Nodes","277",21.000000,26.116652,"Default Known Flow Node","Known Flow",283499.122298,561736.216063,,0.000000,,,,,,,,,,,,,0.000000,0.000000,,"",,,,,,,,,,,,
"64304000000291","Nodes","291",21.000000,26.116652,"DDS demands","Known Flow",283520.935304,561739.617064,,0.000000,,,,,,-3.749999,,,,,,,-3.353317,-3.749999,,"",,,,,,"D1 PROFILE",,,,,,
"64304000000266","Nodes","266",21.000000,30.638648,"DDS demands","Known Flow",283168.893929,561707.385607,,0.000000,,,,,,-2.329999,,,,,,,-2.083527,-2.329999,,"",,,,,,"D1 PROFILE",,,,,,
"64304000000288","Nodes","288",21.000000,26.116652,"Default Known Flow Node","Known Flow",283520.799301,561737.128866,,0.000000,,,,,,,,,,,,,0.000000,0.000000,,"",,,,,,,,,,,,
"64304000000228","Nodes","228",21.000000,24.772648,"DDS demands","Known Flow",283541.803310,561454.196986,,0.000000,,,,,,-2.559999,,,,,,,-2.289197,-2.559999,,"",,,,,,"D1 PROFILE",,,,,,
"64304000000271","Nodes","271",21.000000,26.116652,"Default Known Flow Node","Known Flow",283516.837303,561735.961063,,0.000000,,,,,,,,,,,,,0.000000,0.000000,,"",,,,,,,,,,,,
"64304000000295","Nodes","295",21.000000,26.117328,"Default Known Flow Node","Known Flow",283523.029894,561746.664165,,0.000000,,,,,,,,,,,,,0.000000,0.000000,,"",,,,,,,,,,,,
"64304000000241","Nodes","241",21.000000,31.313092,"Default Known Flow Node","Known Flow",283193.873117,561531.508182,,0.000000,,,,,,,,,,,,,0.000000,0.000000,,"",,,,,,,,,,,,
"64304000000039","Nodes","39",21.000000,24.811627,"DDS demands","Known Flow",283867.997399,561600.468026,,0.000000,,,0.000000,0.000000,,-1.460000,,,,,,,-1.305558,-1.460000,,"",,,"C3  PROFILE","C4 PROFILE",,"D1 PROFILE",,,,,,
"64304000000387","Nodes","387",21.000000,23.330139,"Default Known Flow Node","Known Flow",284007.457012,561453.445619,,0.000000,,,,,,,,,,,,,0.000000,0.000000,,"",,,,,,,,,,,,
"64304000000235","Nodes","235",21.000000,24.209948,"Default Known Flow Node","Known Flow",283950.570169,561478.972306,,0.000000,,,,,,,,,,,,,0.000000,0.000000,,"",,,,,,,,,,,,
"64304000000393","Nodes",,21.000000,25.125798,"Default Known Flow Node","Known Flow",283368.308310,560894.244979,,0.000000,,,,,,,,,,,,,0.000000,0.000000,,"",,,,,,,,,,,,
"64304000000217","Nodes","217",21.000000,24.889866,"Default Known Flow Node","Known Flow",283503.412450,561388.195015,,0.000000,,,,,,,,,,,,,0.000000,0.000000,,"",,,,,,,,,,,,
"64304000000223","Nodes","223",21.000000,23.325289,"DDS demands","Known Flow",283996.718434,561433.586981,,0.000000,,,,,,-7.020000,,,,,,,-6.277409,-7.020000,,"",,,,,,"D1 PROFILE",,,,,,
"64304000000040","Nodes","40",21.000000,25.128407,"Default Known Flow Node","Known Flow",283291.009242,561042.567874,,0.000000,,,,,,,,,,,,,0.000000,0.000000,,"",,,,,,,,,,,,
"64304000000293","Nodes","293",21.000000,26.117238,"DDS demands","Known Flow",283524.408305,561746.497066,,0.000000,,,,,,-0.959999,,,,,,,-0.858449,-0.959999,,"",,,,,,"D1 PROFILE",,,,,,
"64304000000001","Nodes","1, NEW ROAD DALBEATTIE DG, Tel, Clocked, Site ID 6183",21.000000,32.999999,"Default Known Pressure Node","Known Pressure",283099.576190,561502.387999,,4797.499989,,,,,,,,,,,,,928.173280,1037.972165,,"",,,,,,,,,,,,
"64304000000289","Nodes","289",21.000000,26.118469,"Default Known Flow Node","Known Flow",283538.243309,561738.398064,,0.000000,,,,,,,,,,,,,0.000000,0.000000,,"",,,,,,,,,,,,
"64304000000021","Nodes","21",21.000000,23.330139,"Default Known Flow Node","Known Flow",284018.193440,561472.485991,,0.000000,,,,,,,,,,,,,0.000000,0.000000,,"",,,,,,,,,,,,
"64304000000389","Nodes",,21.000000,22.308358,"DDS demands","Known Flow",283723.954206,561300.682142,,0.000000,,,,,,-9.379999,,,,,,,-8.387763,-9.379999,,"",,,,,,"D1 PROFILE",,,,,,
"64304000000005","Nodes","Logger 9576, 2 Church Crescent, Dalbeatie",21.000000,25.399460,"Val Log Cath","Known Flow",283028.719990,560982.826282,,0.000000,,,,,,,,,,,,,0.000000,0.000000,,"",,,,,,,,,,,,
"64304000000006","Nodes","Logger 9351, 36 Galla Avenue",21.000000,30.048526,"Val Log Cath","Known Flow",282882.163629,561860.809574,,0.000000,,,,,,,,,,,,,0.000000,0.000000,,"",,,,,,,,,,,,
"64304000000009","Nodes","Logger 9470, Craiglee, Southwick Drive",21.000000,22.378874,"Val Log Cath","Known Flow",283752.818723,561032.418353,,0.000000,,,,,,,,,,,,,0.000000,0.000000,,"",,,,,,,,,,,,
"64304000000012","Nodes",,21.000000,42.739424,"Default Known Flow Node","Known Flow",283136.162200,560664.240771,,0.000000,,,,,,,,,,,,,0.000000,0.000000,,"",,,,,,,,,,,,
"64304000000016","Nodes",,21.000000,24.824361,"Default Known Flow Node","Known Flow",283036.013767,561138.197236,,0.000000,,,,,,,,,,,,,0.000000,0.000000,,"",,,,,,,,,,,,
"64304000000015","Nodes",,21.000000,27.484297,"Default Known Flow Node","Known Flow",283140.423796,561372.117573,,0.000000,,,,,,,,,,,,,0.000000,0.000000,,"",,,,,,,,,,,,
"64304000000013","Nodes",,21.000000,49.588459,"Default Known Flow Node","Known Flow",282828.356290,561188.490643,,0.000000,,,,,,,,,,,,,0.000000,0.000000,,"",,,,,,,,,,,,
"64304000000014","Nodes",,21.000000,22.856183,"DDS demands","Known Flow",282947.172812,561215.405875,,0.000000,,,,,,-4.849999,,,,,,,-4.336956,-4.849999,,"",,,,,,"D1 PROFILE",,,,,,
"64304000000017","Nodes",,21.000000,25.512396,"Default Known Flow Node","Known Flow",283498.727298,560874.707829,,0.000000,,,,,,,,,,,,,0.000000,0.000000,,"",,,,,,,,,,,,
"64304000000180","Nodes","180,",21.000000,25.482451,"Default Known Flow Node","Known Flow",283484.201453,560916.797094,,0.000000,,,,,,,,,,,,,0.000000,0.000000,,"",,,,,,,,,,,,
"64304000000020","Nodes",,21.000000,25.152525,"Default Known Flow Node","Known Flow",283302.850245,561215.150921,,0.000000,,,,,,,,,,,,,0.000000,0.000000,,"",,,,,,,,,,,,
"64304000000018","Nodes",,21.000000,22.745193,"Default Known Flow Node","Known Flow",283735.583718,561344.679340,,0.000000,,,,,,,,,,,,,0.000000,0.000000,,"",,,,,,,,,,,,
"64304000000019","Nodes",,21.000000,22.794243,"Default Known Flow Node","Known Flow",283729.414379,561356.920986,,0.000000,,,,,,,,,,,,,0.000000,0.000000,,"",,,,,,,,,,,,
"643040-01123","Nodes",,21.000000,31.142911,"Default Known Flow Node","Known Flow",283084.791186,561623.569032,,0.000000,,,,,,,,,,,,,0.000000,0.000000,,"",,,,,,,,,,,,
