"NAME","TYPE","NodeDescription","NodeMinimumPressure","NodePressure","NodeSymbolName","NodeStatus","NodeXCoordinate","NodeYCoordinate","NodeFlowByCategory(Base Thermal)","NodeFlowByCategory(Base Volumetric)","NodeFlowByCategory(C1)","NodeFlowByCategory(C2)","NodeFlowByCategory(C4)","NodeFlowByCategory(D1)","NodeFlowByCategory(DC)","NodeFlowByCategory(I2)","NodeFlowByCategory(IH)","NodeFlowByCategory(PL-DC)","NodeThermalFlow","NodeResultFlow","NodeFlowProfileNameByCategory(Base Thermal)","NodeFlowProfileNameByCategory(Base Volumetric)","NodeFlowProfileNameByCategory(C1)","NodeFlowProfileNameByCategory(C2)","NodeFlowProfileNameByCategory(C4)","NodeFlowProfileNameByCategory(D1)","NodeFlowProfileNameByCategory(DC)","NodeFlowProfileNameByCategory(I2)","NodeFlowProfileNameByCategory(IH)","NodeFlowProfileNameByCategory(PL-DC)"
"96105700000018","Nodes","-18","21.000000","22.521124","Default Known Flow Node","Known Flow","605219.305840","146429.567055","","0.000000","","","","","","","","","0.000000","0.000000","","","","","","","","","",""
"96105700000017","Nodes","-17","21.000000","22.565133","Default Known Flow Node","Known Flow","605234.430845","146425.817054","","0.000000","","","","","","","","","0.000000","0.000000","","","","","","","","","",""
"96105705003018","Nodes","5003018","21.000000","22.783156","Default Known Flow Node","Known Flow","605347.055875","146463.817064","","0.000000","","","","-22.129998","","","","","-19.789041","-22.129998","","","","","","D1 PROFILE","","","",""
"96105700003854","Nodes","Logger 3854, Chequers Park","21.000000","22.754054","Default Known Flow Node","Known Flow","605350.113680","146467.313249","","0.000000","","","","","","","","","0.000000","0.000000","","","","","","","","","",""
"96105700000032","Nodes","-32","21.000000","22.550322","Default Known Flow Node","Known Flow","605357.430878","146499.317074","","0.000000","","","","","","","","","0.000000","0.000000","","","","","","","","","",""
"96105705003012","Nodes","5003012","21.000000","25.056958","Default Known Flow Node","Known Flow","606029.385599","146624.184956","","0.000000","","","","","","","","","0.000000","0.000000","","","","","","","","","",""
"96105705003011","Nodes","5003011","21.000000","25.143194","Default Known Flow Node","Known Flow","606322.784483","146539.758772","","0.000000","","0.000000","","","","","","","0.000000","0.000000","","","","C2 PROFILE","","","","","",""
"96105700000034","Nodes","-34","21.000000","25.525536","Default Known Flow Node","Known Flow","606645.306228","146501.192074","","0.000000","","","","","","","","","0.000000","0.000000","","","","","","","","","",""
"96105700000109","Nodes","-109","21.000000","25.005311","Default Known Flow Node","Known Flow","605835.806008","146717.192133","","0.000000","","","","","","","","","0.000000","0.000000","","","","","","","","","",""
"96105700000182","Nodes","-182","21.000000","33.125631","Default Known Flow Node","Known Flow","605783.930994","147419.442324","","0.000000","","","","-3.219999","","","","","-2.879381","-3.219999","","","","","","D1 PROFILE","","","",""
"96105705003027","Nodes","5003027","21.000000","33.260757","Default Known Flow Node","Known Flow","605715.493347","147238.584941","","0.000000","","-15.999999","","-8.830000","","","","","-22.203430","-24.830000","","","","C2 PROFILE","","D1 PROFILE","","","",""
"96105700000169","Nodes","-169","21.000000","33.918393","Default Known Flow Node","Known Flow","605624.129784","146983.404824","","0.000000","","","","","","","","","0.000000","0.000000","","","","","","","","","",""
"96105700000172","Nodes","-172","21.000000","33.788764","Default Known Flow Node","Known Flow","605703.185437","146985.353934","","0.000000","","","","","","","","","0.000000","0.000000","","","","","","","","","",""
"96105705003030","Nodes","5003030","21.000000","32.027167","Default Known Flow Node","Known Flow","605859.371992","146966.961611","","0.000000","","-151.420006","","","","","","","-135.402486","-151.420006","","","","C2 PROFILE","","","","","",""
"96105700000162","Nodes","-162","21.000000","31.869591","Default Known Flow Node","Known Flow","605917.806030","146960.567199","","0.000000","","","","","","","","","0.000000","0.000000","","","","","","","","","",""
"96105700000006","Nodes","-6","21.000000","22.132677","Default Known Flow Node","Known Flow","605225.805842","146373.942040","","0.000000","","","","-7.420000","","","","","-6.635097","-7.420000","","","","","","D1 PROFILE","","","",""
"96105705003040","Nodes","5003040","21.000000","22.461641","Default Known Flow Node","Known Flow","605316.430867","146348.442033","","0.000000","","","","-15.819999","","","","","-14.146526","-15.819999","","","","","","D1 PROFILE","","","",""
"96105700000028","Nodes","-28","21.000000","22.920698","Default Known Flow Node","Known Flow","605153.555823","146482.817069","","0.000000","","","","","","","","","0.000000","0.000000","","","","","","","","","",""
"96105700000016","Nodes","-16","21.000000","22.475980","Default Known Flow Node","Known Flow","605143.930820","146423.442053","","0.000000","","","","-7.309999","","","","","-6.536732","-7.309999","","","","","","D1 PROFILE","","","",""
"96105700000029","Nodes","-29","21.000000","22.923328","Default Known Flow Node","Known Flow","605154.805823","146486.317070","","0.000000","","","","","","","","","0.000000","0.000000","","","","","","","","","",""
"96105700000026","Nodes","-26","21.000000","22.967298","Default Known Flow Node","Known Flow","605195.055834","146470.817066","","0.000000","","","","","","","","","0.000000","0.000000","","","","","","","","","",""
"96105700000023","Nodes","-23","21.000000","22.967298","Default Known Flow Node","Known Flow","605190.680833","146458.567063","","0.000000","","","","","","","","","0.000000","0.000000","","","","","","","","","",""
"96105705003039","Nodes","5003039","21.000000","22.565133","Default Known Flow Node","Known Flow","605334.902768","146397.465217","","0.000000","","","","-19.520000","","","","","-17.455132","-19.520000","","","","","","D1 PROFILE","","","",""
"96105700000031","Nodes","-31","21.000000","23.362933","Default Known Flow Node","Known Flow","605245.774788","146498.165244","","0.000000","","","","","","","","","0.000000","0.000000","","","","","","","","","",""
"96105700000027","Nodes","-27","21.000000","23.362933","Default Known Flow Node","Known Flow","605304.078864","146480.910069","","0.000000","","","","","","","","","0.000000","0.000000","","","","","","","","","",""
"96105700000030","Nodes","-30","21.000000","23.022897","Default Known Flow Node","Known Flow","605306.069030","146489.865853","","0.000000","","","","","","","","","0.000000","0.000000","","","","","","","","","",""
"96105700000003","Nodes","-3","21.000000","22.324617","Default Known Flow Node","Known Flow","605523.930923","146321.192025","","0.000000","","","","","","","","","0.000000","0.000000","","","","","","","","","",""
"96105705003036","Nodes","5003036","21.000000","22.456733","Default Known Flow Node","Known Flow","605537.430927","146381.817042","","0.000000","","","","-25.309999","","","","","-22.632654","-25.309999","","","","","","D1 PROFILE","","","",""
"96105700000021","Nodes","-21","21.000000","22.507566","Default Known Flow Node","Known Flow","605606.680946","146442.067058","","0.000000","","","","","","","","","0.000000","0.000000","","","","","","","","","",""
"96105700000014","Nodes","-14","21.000000","22.463507","Default Known Flow Node","Known Flow","605575.997532","146418.643559","","0.000000","","","","","","","","","0.000000","0.000000","","","","","","","","","",""
"96105700000008","Nodes","-8","21.000000","22.442515","Default Known Flow Node","Known Flow","605553.555931","146394.067045","","0.000000","","","","","","","","","0.000000","0.000000","","","","","","","","","",""
"96105700000012","Nodes","-12","21.000000","22.463507","Default Known Flow Node","Known Flow","605579.805939","146413.817051","","0.000000","","","","","","","","","0.000000","0.000000","","","","","","","","","",""
"96105700000010","Nodes","-10","21.000000","22.419454","Default Known Flow Node","Known Flow","605562.380761","146407.983036","","0.000000","","","","","","","","","0.000000","0.000000","","","","","","","","","",""
"96105700000020","Nodes","-20","21.000000","22.475131","Default Known Flow Node","Known Flow","605616.555949","146441.817058","","0.000000","","","","","","","","","0.000000","0.000000","","","","","","","","","",""
"96105705003037","Nodes","5003037","21.000000","22.456262","Default Known Flow Node","Known Flow","605638.033501","146457.971913","","0.000000","","","","-17.670000","","","","","-15.800830","-17.670000","","","","","","D1 PROFILE","","","",""
"96105701462498","Nodes","-1462498","21.000000","25.113083","Default Known Flow Node","Known Flow","606631.431225","146484.567070","","0.000000","","","","","","","","","0.000000","0.000000","","","","","","","","","",""
"96105700000019","Nodes","-19","21.000000","24.681142","Default Known Flow Node","Known Flow","606675.056236","146435.567056","","0.000000","","","","","","-12.000000","","","-10.730614","-12.000000","","","","","","","","I2 PROFILE","",""
"96105700000015","Nodes","-15","21.000000","24.592820","Default Known Flow Node","Known Flow","606712.181247","146420.692052","","0.000000","","","","","","","","","0.000000","0.000000","","","","","","","","","",""
"96105700326835","Nodes","-326835","21.000000","24.681142","Default Known Flow Node","Known Flow","606676.806237","146437.567057","","0.000000","","","","","","","","","0.000000","0.000000","","","","","","","","","",""
"96105700000142","Nodes","-142","21.000000","33.180098","Default Known Flow Node","Known Flow","604954.680768","146902.317183","","0.000000","","","","","","","","","0.000000","0.000000","","","","","","","","","",""
"96105700000145","Nodes","-145","21.000000","33.180098","Default Known Flow Node","Known Flow","604955.952781","146903.544367","","0.000000","","","","","","","","","0.000000","0.000000","","","","","","","","","",""
"96105700000134","Nodes","-134","21.000000","31.366893","Default Known Flow Node","Known Flow","604918.680759","146869.567175","","0.000000","","","","-3.170000","","","","","-2.834670","-3.170000","","","","","","D1 PROFILE","","","",""
"96105700000137","Nodes","-137","21.000000","31.355041","Default Known Flow Node","Known Flow","604914.930758","146875.192176","","0.000000","","","","","","","","","0.000000","0.000000","","","","","","","","","",""
"96105700000136","Nodes","-136","21.000000","30.919912","Default Known Flow Node","Known Flow","604970.180773","146871.317175","","0.000000","","","","","","","","","0.000000","0.000000","","","","","","","","","",""
"96105700000141","Nodes","-141","21.000000","31.594252","Default Known Flow Node","Known Flow","604950.680767","146900.567183","","0.000000","","","","","","","","","0.000000","0.000000","","","","","","","","","",""
"96105701462489","Nodes","-1462489","21.000000","31.313106","Default Known Flow Node","Known Flow","604929.930762","146833.817165","","0.000000","","","","-5.239999","","","","","-4.685701","-5.239999","","","","","","D1 PROFILE","","","",""
"96105700000144","Nodes","-144","21.000000","32.033270","Default Known Flow Node","Known Flow","604952.305768","146902.442183","","0.000000","","","","","","","","","0.000000","0.000000","","","","","","","","","",""
"96105700000033","Nodes","-33","21.000000","22.490524","Default Known Flow Node","Known Flow","605347.930875","146500.942074","","0.000000","","","","","","","","","0.000000","0.000000","","","","","","","","","",""
"96105701462468","Nodes","-1462468","21.000000","28.340235","Default Known Flow Node","Known Flow","605062.430798","146738.817139","","0.000000","","-6.000000","","","","","","","-5.365307","-6.000000","","","","C2 PROFILE","","","","","",""
"96105700000117","Nodes","-117","21.000000","28.395102","Default Known Flow Node","Known Flow","605072.680801","146761.442145","","0.000000","","","","","","","","","0.000000","0.000000","","","","","","","","","",""
"96105701462502","Nodes","-1462502","21.000000","22.843696","Default Known Flow Node","Known Flow","605083.805804","146579.317096","","0.000000","","","","-1.339999","","","","","-1.198251","-1.339999","","","","","","D1 PROFILE","","","",""
"96105700000057","Nodes","-57","21.000000","22.806083","Default Known Flow Node","Known Flow","605087.680805","146549.317087","","0.000000","","","","","","","","","0.000000","0.000000","","","","","","","","","",""
"96105701462475","Nodes","-1462475","21.000000","27.448081","Default Known Flow Node","Known Flow","605087.305805","146727.317136","","0.000000","","","","-1.039999","","","","","-0.929986","-1.039999","","","","","","D1 PROFILE","","","",""
"96105705003022","Nodes","5003022","21.000000","27.451956","Default Known Flow Node","Known Flow","605103.305809","146767.067147","","0.000000","","","","-34.060001","","","","","-30.457062","-34.060001","","","","","","D1 PROFILE","","","",""
"96105701462472","Nodes","-1462472","21.000000","22.480761","Default Known Flow Node","Known Flow","605090.305805","146528.067082","","0.000000","","","","-3.510000","","","","","-3.138704","-3.510000","","","","","","D1 PROFILE","","","",""
"96105700000044","Nodes","-44","21.000000","22.452535","Default Known Flow Node","Known Flow","605094.680807","146518.067079","","0.000000","","","","-3.950000","","","","","-3.532160","-3.950000","","","","","","D1 PROFILE","","","",""
"96105701462511","Nodes","-1462511","21.000000","25.630873","Default Known Flow Node","Known Flow","605096.930807","146687.442125","","0.000000","","-15.999999","","","","","","","-14.307486","-15.999999","","","","C2 PROFILE","","","","","",""
"96105700000116","Nodes","-116","21.000000","27.063669","Default Known Flow Node","Known Flow","605122.305814","146759.067144","","0.000000","","","","","","","","","0.000000","0.000000","","","","","","","","","",""
"96105701462493","Nodes","-1462493","21.000000","29.371308","Default Known Flow Node","Known Flow","605107.180810","146945.817195","","0.000000","","","","-4.110000","","","","","-3.675235","-4.110000","","","","","","D1 PROFILE","","","",""
"96105700000164","Nodes","-164","21.000000","29.512273","Default Known Flow Node","Known Flow","605143.430820","146974.192203","","0.000000","","","","-4.719999","","","","","-4.220708","-4.719999","","","","","","D1 PROFILE","","","",""
"96105701462505","Nodes","-1462505","21.000000","22.870947","Default Known Flow Node","Known Flow","605123.930814","146573.817094","","0.000000","","","","-5.830000","","","","","-5.213290","-5.830000","","","","","","D1 PROFILE","","","",""
"96105700000062","Nodes","-62","21.000000","22.908858","Default Known Flow Node","Known Flow","605120.055813","146563.442091","","0.000000","","","","-1.019999","","","","","-0.912102","-1.019999","","","","","","D1 PROFILE","","","",""
"96105705003045","Nodes","5003045","21.000000","22.931734","Default Known Flow Node","Known Flow","605145.180820","146531.317082","","0.000000","","","","-2.959999","","","","","-2.646885","-2.959999","","","","","","D1 PROFILE","","","",""
"96105700000041","Nodes","-41","21.000000","22.518146","Default Known Flow Node","Known Flow","605125.055815","146508.442076","","0.000000","","","","","","","","","0.000000","0.000000","","","","","","","","","",""
"96105700000160","Nodes","-160","21.000000","29.674738","Default Known Flow Node","Known Flow","605203.430836","146944.442195","","0.000000","","","","","","","","","0.000000","0.000000","","","","","","","","","",""
"96105700000159","Nodes","-159","21.000000","29.674738","Default Known Flow Node","Known Flow","605203.508525","146942.565236","","0.000000","","","","","","","","","0.000000","0.000000","","","","","","","","","",""
"96105701462477","Nodes","-1462477","21.000000","23.362933","Default Known Flow Node","Known Flow","605226.097842","146502.650075","","0.000000","","","","","","","","","0.000000","0.000000","","","","","","","","","",""
"96105701462481","Nodes","-1462481","21.000000","24.485747","Default Known Flow Node","Known Flow","605381.555885","146596.817100","","0.000000","","","","-4.139999","","","","","-3.702062","-4.139999","","","","","","D1 PROFILE","","","",""
"96105700000094","Nodes","-94","21.000000","24.617348","Default Known Flow Node","Known Flow","605408.930892","146663.067118","","0.000000","","","","","","","","","0.000000","0.000000","","","","","","","","","",""
"96105700000052","Nodes","-52","21.000000","22.471981","Default Known Flow Node","Known Flow","605029.055789","146532.942083","","0.000000","","","","-2.480000","","","","","-2.217660","-2.480000","","","","","","D1 PROFILE","","","",""
"96105701462488","Nodes","-1462488","21.000000","22.461937","Default Known Flow Node","Known Flow","605031.680789","146540.942085","","0.000000","","","","-3.190000","","","","","-2.852555","-3.190000","","","","","","D1 PROFILE","","","",""
"96105700000119","Nodes","-119","21.000000","28.451778","Default Known Flow Node","Known Flow","605049.930794","146773.317148","","0.000000","","","","-2.230000","","","","","-1.994105","-2.230000","","","","","","D1 PROFILE","","","",""
"96105700000120","Nodes","-120","21.000000","28.495171","Default Known Flow Node","Known Flow","605061.088899","146793.609943","","0.000000","","","","","","","","","0.000000","0.000000","","","","","","","","","",""
"96105700000146","Nodes","-146","21.000000","29.988179","Default Known Flow Node","Known Flow","605085.680804","146905.567184","","0.000000","","","","","","","","","0.000000","0.000000","","","","","","","","","",""
"96105705003024","Nodes","5003024","21.000000","27.120678","Default Known Flow Node","Known Flow","605208.430837","146847.317168","","0.000000","","","","-30.989999","","","","","-27.711811","-30.989999","","","","","","D1 PROFILE","","","",""
"96105700000055","Nodes","-55","21.000000","22.843170","Default Known Flow Node","Known Flow","605088.680805","146541.442085","","0.000000","","","","-0.660000","","","","","-0.590183","-0.660000","","","","","","D1 PROFILE","","","",""
"96105705003046","Nodes","5003046","21.000000","29.961257","Default Known Flow Node","Known Flow","605093.430806","146912.817186","","0.000000","","","","-9.289999","","","","","-8.307284","-9.289999","","","","","","D1 PROFILE","","","",""
"96105700000039","Nodes","-39","21.000000","22.515660","Default Known Flow Node","Known Flow","605124.430815","146506.567076","","0.000000","","","","-3.869999","","","","","-3.460623","-3.869999","","","","","","D1 PROFILE","","","",""
"96105701462478","Nodes","-1462478","21.000000","22.901851","Default Known Flow Node","Known Flow","605116.805813","146553.942089","","0.000000","","","","-2.440000","","","","","-2.181891","-2.440000","","","","","","D1 PROFILE","","","",""
"96105705003047","Nodes","5003047","21.000000","29.547906","Default Known Flow Node","Known Flow","605186.930832","146984.442206","","0.000000","","","","-6.489999","","","","","-5.803474","-6.489999","","","","","","D1 PROFILE","","","",""
"96105700000050","Nodes","-50","21.000000","22.997950","Default Known Flow Node","Known Flow","605159.430824","146528.817082","","0.000000","","","","","","","","","0.000000","0.000000","","","","","","","","","",""
"96105700000059","Nodes","-59","21.000000","23.183393","Default Known Flow Node","Known Flow","605148.930821","146553.317088","","0.000000","","","","-2.990000","","","","","-2.673711","-2.990000","","","","","","D1 PROFILE","","","",""
"96105700000049","Nodes","-49","21.000000","23.240661","Default Known Flow Node","Known Flow","605185.430831","146528.317082","","0.000000","","","","","","","","","0.000000","0.000000","","","","","","","","","",""
"96105705003044","Nodes","5003044","21.000000","23.296625","Default Known Flow Node","Known Flow","605182.555830","146535.192084","","0.000000","","","","-2.059999","","","","","-1.842088","-2.059999","","","","","","D1 PROFILE","","","",""
"96105700000171","Nodes","-171","21.000000","29.538242","Default Known Flow Node","Known Flow","605192.556971","146984.663233","","0.000000","","","","-1.620000","","","","","-1.448633","-1.620000","","","","","","D1 PROFILE","","","",""
"96105700000132","Nodes","-132","21.000000","29.812109","Default Known Flow Node","Known Flow","605199.430835","146858.567172","","0.000000","","","","","","","","","0.000000","0.000000","","","","","","","","","",""
"96105700000131","Nodes","-131","21.000000","26.305266","Default Known Flow Node","Known Flow","605273.930855","146856.067171","","0.000000","","","","","","","","","0.000000","0.000000","","","","","","","","","",""
"96105705003019","Nodes","5003019","21.000000","23.858990","Default Known Flow Node","Known Flow","605208.680838","146559.817090","","0.000000","","-5.830000","","-7.999999","","","","","-12.367033","-13.829999","","","","C2 PROFILE","","D1 PROFILE","","","",""
"96105700000056","Nodes","-56","21.000000","23.659252","Default Known Flow Node","Known Flow","605250.670354","146548.278894","","0.000000","","","","","","","","","0.000000","0.000000","","","","","","","","","",""
"96105700000086","Nodes","-86","21.000000","24.256010","Default Known Flow Node","Known Flow","605229.805843","146635.067111","","0.000000","","","","","","","","","0.000000","0.000000","","","","","","","","","",""
"96105705003043","Nodes","5003043","21.000000","24.083263","Default Known Flow Node","Known Flow","605221.930841","146608.567104","","0.000000","","","","-14.239999","","","","","-12.733662","-14.239999","","","","","","D1 PROFILE","","","",""
"96105700000036","Nodes","-36","21.000000","23.362933","Default Known Flow Node","Known Flow","605247.430848","146505.692076","","0.000000","","","","","","","","","0.000000","0.000000","","","","","","","","","",""
"96105700000165","Nodes","-165","21.000000","29.589349","Default Known Flow Node","Known Flow","605278.555857","146977.942204","","0.000000","","","","-2.309999","","","","","-2.065643","-2.309999","","","","","","D1 PROFILE","","","",""
"96105701462499","Nodes","-1462499","21.000000","29.531251","Default Known Flow Node","Known Flow","605318.180867","146936.942193","","0.000000","","","","-3.670000","","","","","-3.281779","-3.670000","","","","","","D1 PROFILE","","","",""
"96105701462471","Nodes","-1462471","21.000000","22.084748","Default Known Flow Node","Known Flow","605399.055889","146527.067081","","0.000000","","","","-11.000000","","","","","-9.836397","-11.000000","","","","","","D1 PROFILE","","","",""
"96105705003020","Nodes","5003020","21.000000","24.628500","Default Known Flow Node","Known Flow","605349.680876","146683.442124","","0.000000","-18.549999","","-14.239999","-28.399998","","","","","-54.717193","-61.189998","","","C1 PROFILE","","C4 PROFILE","D1 PROFILE","","","",""
"96105700000128","Nodes","-128","21.000000","24.782129","Default Known Flow Node","Known Flow","605402.680890","146839.442166","","0.000000","","","","","","","","","0.000000","0.000000","","","","","","","","","",""
"96105705003041","Nodes","5003041","21.000000","24.684750","Default Known Flow Node","Known Flow","605392.180887","146811.942159","","0.000000","","","","-1.970000","","","","","-1.761609","-1.970000","","","","","","D1 PROFILE","","","",""
"96105700000127","Nodes","-127","21.000000","24.810680","Default Known Flow Node","Known Flow","605484.430913","146821.817162","","0.000000","","-22.620000","","-6.540000","","","","","-26.075395","-29.160001","","","","C2 PROFILE","","D1 PROFILE","","","",""
"96105701462503","Nodes","-1462503","21.000000","24.722907","Default Known Flow Node","Known Flow","605390.305887","146788.067152","","0.000000","","","","","","","","","0.000000","0.000000","","","","","","","","","",""
"96105700000071","Nodes","-71","21.000000","23.585252","Default Known Flow Node","Known Flow","605150.555822","146599.442101","","0.000000","","","","","","","","","0.000000","0.000000","","","","","","","","","",""
"96105700000066","Nodes","-66","21.000000","23.940442","Default Known Flow Node","Known Flow","605213.680839","146578.942095","","0.000000","","","","","","","","","0.000000","0.000000","","","","","","","","","",""
"96105700000095","Nodes","P12129002, Luckey house, Wyne, 29.82","22.999998","23.231171","CSEP Unmatched","Known Flow","605166.305826","146663.567118","","0.000000","","","","","","","","-29.819999","-26.665578","-29.819999","","","","","","","","","","PL-DC PROFILE"
"96105701462487","Nodes","-1462487","21.000000","23.450051","Default Known Flow Node","Known Flow","605251.805849","146629.692109","","0.000000","","","","-13.959999","","","","","-12.483281","-13.959999","","","","","","D1 PROFILE","","","",""
"96105700000093","Nodes","-93","21.000000","24.425217","Default Known Flow Node","Known Flow","605236.930845","146661.192118","","0.000000","","","","","","","","","0.000000","0.000000","","","","","","","","","",""
"96105704904546","Nodes","-4904546","21.000000","24.011962","Default Known Flow Node","Known Flow","605340.061646","146827.815405","","0.000000","","","","-2.939999","","","","","-2.629000","-2.939999","","","","","","D1 PROFILE","","","",""
"96105700000125","Nodes","-125","21.000000","23.438118","Default Known Flow Node","Known Flow","605303.680863","146802.942156","","0.000000","-6.000000","","-4.639999","-2.869999","","","","","-12.080884","-13.510000","","","C1 PROFILE","","C4 PROFILE","D1 PROFILE","","","",""
"96105704904542","Nodes","-4904542","21.000000","24.353157","Default Known Flow Node","Known Flow","605433.318885","146628.013967","","0.000000","","","","","","","","","0.000000","0.000000","","","","","","","","","",""
"96105701462484","Nodes","-1462484","21.000000","24.312410","Default Known Flow Node","Known Flow","605406.680891","146636.067111","","0.000000","","","","-4.659999","","","","","-4.167055","-4.659999","","","","","","D1 PROFILE","","","",""
"96105704904539","Nodes","-4904539","21.000000","24.667837","Default Known Flow Node","Known Flow","605496.927883","146664.065529","","0.000000","","","","","","","","","0.000000","0.000000","","","","","","","","","",""
"96105705003034","Nodes","5003034","21.000000","24.668328","Default Known Flow Node","Known Flow","605497.696617","146665.054919","","0.000000","","0.000000","","-8.120000","","","","","-7.261049","-8.120000","","","","C2 PROFILE","","D1 PROFILE","","","",""
"96105700000045","Nodes","-45","21.000000","22.535791","Default Known Flow Node","Known Flow","605687.305968","146518.067079","","0.000000","","","","","","","","","0.000000","0.000000","","","","","","","","","",""
"96105701462490","Nodes","-1462490","21.000000","22.536640","Default Known Flow Node","Known Flow","605684.430967","146514.317078","","0.000000","","","","","","","","","0.000000","0.000000","","","","","","","","","",""
"96105700000124","Nodes","-124","21.000000","24.983612","Default Known Flow Node","Known Flow","605569.305936","146797.442155","","0.000000","","","","","","","","","0.000000","0.000000","","","","","","","","","",""
"96105700000097","Nodes","-97","21.000000","24.732682","Default Known Flow Node","Known Flow","605508.680919","146679.192123","","0.000000","","","","","","","","","0.000000","0.000000","","","","","","","","","",""
"96105700003855","Nodes","Logger 3855, High Street","21.000000","24.983939","Default Known Flow Node","Known Flow","605572.555937","146796.942155","","0.000000","","","","","","","","","0.000000","0.000000","","","","","","","","","",""
"96105705003029","Nodes","5003029","21.000000","30.961058","Default Known Flow Node","Known Flow","605590.930942","146896.067182","","0.000000","","-183.520009","","-4.579999","","","","","-168.202402","-188.100009","","","","C2 PROFILE","","D1 PROFILE","","","",""
"96105700000138","Nodes","-138","21.000000","30.988442","Default Known Flow Node","Known Flow","605591.930942","146895.817182","","0.000000","","","","","","","","","0.000000","0.000000","","","","","","","","","",""
"96105705003028","Nodes","5003028","21.000000","35.234217","Default Known Flow Node","Known Flow","605610.273507","146979.924904","","0.000000","","-27.290001","","","","","","","-24.403208","-27.290001","","","","C2 PROFILE","","","","","",""
"96105700000173","Nodes","-173","21.000000","34.618941","Default Known Flow Node","Known Flow","605629.930952","146986.942206","","0.000000","","","","","","","","","0.000000","0.000000","","","","","","","","","",""
"96105700000085","Nodes","-85","21.000000","22.234108","Default Known Flow Node","Known Flow","605739.430982","146633.692110","","0.000000","","","","","","","","","0.000000","0.000000","","","","","","","","","",""
"96105700000088","Nodes","-88","21.000000","22.234108","Default Known Flow Node","Known Flow","605731.805980","146637.942112","","0.000000","","","","-2.920000","","","","","-2.611116","-2.920000","","","","","","D1 PROFILE","","","",""
"96105700000092","Nodes","-92","21.000000","24.655506","Default Known Flow Node","Known Flow","605502.180917","146659.942117","","0.000000","","","","","","","","","0.000000","0.000000","","","","","","","","","",""
"96105700000080","Nodes","-80","21.000000","24.488613","Default Known Flow Node","Known Flow","605571.055936","146617.192106","","0.000000","","","","","","","","","0.000000","0.000000","","","","","","","","","",""
"96105700000081","Nodes","-81","21.000000","24.483984","Default Known Flow Node","Known Flow","605571.805936","146618.442106","","0.000000","","","","","","","","","0.000000","0.000000","","","","","","","","","",""
"96105705003035","Nodes","5003035","21.000000","23.435649","Default Known Flow Node","Known Flow","605626.805951","146580.192096","","0.000000","","","","-1.640000","","","","","-1.466517","-1.640000","","","","","","D1 PROFILE","","","",""
"96105700000083","Nodes","-83","21.000000","23.211846","Default Known Flow Node","Known Flow","605649.180957","146619.817107","","0.000000","","","","-3.569999","","","","","-3.192357","-3.569999","","","","","","D1 PROFILE","","","",""
"96105700000070","Nodes","-70","21.000000","23.276661","Default Known Flow Node","Known Flow","605654.305959","146598.442101","","0.000000","","","","-1.009999","","","","","-0.903160","-1.009999","","","","","","D1 PROFILE","","","",""
"96105700000064","Nodes","-64","21.000000","23.273800","Default Known Flow Node","Known Flow","605630.555952","146575.192094","","0.000000","","","","-7.159999","","","","","-6.402599","-7.159999","","","","","","D1 PROFILE","","","",""
"96105700000077","Nodes","-77","21.000000","22.784333","Default Known Flow Node","Known Flow","605670.555963","146614.692105","","0.000000","","","","-1.190000","","","","","-1.064119","-1.190000","","","","","","D1 PROFILE","","","",""
"96105700000060","Nodes","-60","21.000000","22.797245","Default Known Flow Node","Known Flow","605654.555959","146554.192089","","0.000000","","","","-6.399999","","","","","-5.722994","-6.399999","","","","","","D1 PROFILE","","","",""
"96105700000158","Nodes","-158","21.000000","31.868124","Default Known Flow Node","Known Flow","605914.806030","146933.442192","","0.000000","","-6.000000","","","","","","","-5.365307","-6.000000","","","","C2 PROFILE","","","","","",""
"96105700000091","Nodes","-91","21.000000","24.655506","Default Known Flow Node","Known Flow","605501.930917","146658.567117","","0.000000","","","","","","","","","0.000000","0.000000","","","","","","","","","",""
"96105700000079","Nodes","-79","21.000000","24.483984","Default Known Flow Node","Known Flow","605572.095463","146616.641768","","0.000000","","","","","","","","","0.000000","0.000000","","","","","","","","","",""
"96105700000112","Nodes","-112","21.000000","24.847484","Default Known Flow Node","Known Flow","605557.180932","146745.067141","","0.000000","","","","","","","","","0.000000","0.000000","","","","","","","","","",""
"96105705003014","Nodes","5003014","21.000000","25.018957","Default Known Flow Node","Known Flow","605583.555940","146796.942155","","0.000000","","","-13.959999","-38.790001","","","","","-47.169995","-52.750002","","","","","C4 PROFILE","D1 PROFILE","","","",""
"96105700000121","Nodes","-121","21.000000","25.012426","Default Known Flow Node","Known Flow","605598.305944","146796.442155","","0.000000","","","","","","","","","0.000000","0.000000","","","","","","","","","",""
"96105700000140","Nodes","-140","21.000000","31.089250","Default Known Flow Node","Known Flow","605586.555940","146897.692182","","0.000000","","","","","","","","","0.000000","0.000000","","","","","","","","","",""
"96105701462494","Nodes","-1462494","21.000000","35.227510","Default Known Flow Node","Known Flow","605610.930947","146978.692204","","0.000000","","","","","","","","","0.000000","0.000000","","","","","","","","","",""
"96105705003026","Nodes","5003026","21.000000","33.964909","Default Known Flow Node","Known Flow","605625.680951","146982.817205","","0.000000","","-5.339999","","-3.440000","","","","","-7.851233","-8.780000","","","","C2 PROFILE","","D1 PROFILE","","","",""
"96105705003013","Nodes","5003013","21.000000","24.971536","Default Known Flow Node","Known Flow","605753.930986","146758.817144","","0.000000","","","","-37.639998","","","","","-33.658360","-37.639998","","","","","","D1 PROFILE","","","",""
"96105700000113","Nodes","-113","21.000000","24.970391","Default Known Flow Node","Known Flow","605753.305986","146756.942144","","0.000000","","","","","","","","","0.000000","0.000000","","","","","","","","","",""
"96105700000114","Nodes","-114","21.000000","24.971536","Default Known Flow Node","Known Flow","605755.305986","146758.317144","","0.000000","","","","","","","","","0.000000","0.000000","","","","","","","","","",""
"96105705003032","Nodes","5003032","21.000000","30.000066","Default Known Flow Node","Known Flow","605913.806029","146692.692126","","0.000000","","","","","","","","","0.000000","0.000000","","","","","","","","","",""
"96105700000101","Nodes","-101","21.000000","30.000066","Default Known Flow Node","Known Flow","605912.806029","146689.067125","","0.000000","","","","","","","","","0.000000","0.000000","","","","","","","","","",""
"96105705003031","Nodes","5003031","21.000000","31.765225","Default Known Flow Node","Known Flow","605985.431049","146945.567195","","0.000000","","","","","","","","","0.000000","0.000000","","","","","","","","","",""
"96105701462486","Nodes","-1462486","21.000000","22.533557","Default Known Flow Node","Known Flow","605690.430969","146523.317080","","0.000000","","","","","","","","","0.000000","0.000000","","","","","","","","","",""
"96105705003038","Nodes","5003038","21.000000","22.410043","Default Known Flow Node","Known Flow","605707.180973","146550.067088","","0.000000","","","","-2.730000","","","","","-2.441214","-2.730000","","","","","","D1 PROFILE","","","",""
"96105701462469","Nodes","-1462469","21.000000","22.377978","Default Known Flow Node","Known Flow","605703.180972","146575.692095","","0.000000","","","","-2.079999","","","","","-1.859973","-2.079999","","","","","","D1 PROFILE","","","",""
"96105701462470","Nodes","-1462470","21.000000","22.354654","Default Known Flow Node","Known Flow","605707.805973","146588.692098","","0.000000","","","","","","","","","0.000000","0.000000","","","","","","","","","",""
"96105700000075","Nodes","-75","21.000000","22.234418","Default Known Flow Node","Known Flow","605717.680976","146604.692102","","0.000000","","","","-2.570000","","","","","-2.298140","-2.570000","","","","","","D1 PROFILE","","","",""
"96105701462483","Nodes","-1462483","21.000000","22.210833","Default Known Flow Node","Known Flow","605721.555977","146609.317104","","0.000000","","","","","","","","","0.000000","0.000000","","","","","","","","","",""
"96105700000072","Nodes","-72","21.000000","22.234418","Default Known Flow Node","Known Flow","605708.305973","146601.192102","","0.000000","","","","","","","","","0.000000","0.000000","","","","","","","","","",""
"96105700000082","Nodes","-82","21.000000","22.244053","Default Known Flow Node","Known Flow","605725.680978","146618.567106","","0.000000","","","","-2.850000","","","","","-2.548521","-2.850000","","","","","","D1 PROFILE","","","",""
"96105701462509","Nodes","-1462509","21.000000","22.239510","Default Known Flow Node","Known Flow","605724.930978","146630.567110","","0.000000","","","","","","","","","0.000000","0.000000","","","","","","","","","",""
"96105700000089","Nodes","-89","21.000000","22.210062","Default Known Flow Node","Known Flow","605749.305985","146649.442115","","0.000000","","","","-2.599999","","","","","-2.324966","-2.599999","","","","","","D1 PROFILE","","","",""
"96105700000065","Nodes","-65","21.000000","23.427300","Default Known Flow Node","Known Flow","605625.564290","146578.174662","","0.000000","","","","","","","","","0.000000","0.000000","","","","","","","","","",""
"96105700000078","Nodes","-78","21.000000","24.467239","Default Known Flow Node","Known Flow","605573.180937","146616.067106","","0.000000","","","","","","","","","0.000000","0.000000","","","","","","","","","",""
"96105700000098","Nodes","-98","21.000000","23.259528","Default Known Flow Node","Known Flow","605661.430961","146679.442123","","0.000000","","","","-2.970000","","","","","-2.655827","-2.970000","","","","","","D1 PROFILE","","","",""
"96105700000054","Nodes","-54","21.000000","22.642480","Default Known Flow Node","Known Flow","605674.055964","146537.192084","","0.000000","","","","-1.209999","","","","","-1.082003","-1.209999","","","","","","D1 PROFILE","","","",""
"96105700000168","Nodes","-168","21.000000","33.919217","Default Known Flow Node","Known Flow","605623.805950","146982.942205","","0.000000","","","","","","","","","0.000000","0.000000","","","","","","","","","",""
"96105704904548","Nodes","-4904548","21.000000","34.599646","Default Known Flow Node","Known Flow","605631.554644","146986.761796","","0.000000","","","","","","","","","0.000000","0.000000","","","","","","","","","",""
"96105700000063","Nodes","-63","21.000000","22.405081","Default Known Flow Node","Known Flow","605713.180975","146566.317092","","0.000000","","","","-2.019999","","","","","-1.806320","-2.019999","","","","","","D1 PROFILE","","","",""
"96105705003033","Nodes","5003033","21.000000","24.624723","Default Known Flow Node","Known Flow","606147.813065","146604.472503","","0.000000","","-129.460006","","","","","","","-115.765454","-129.460006","","","","C2 PROFILE","","","","","",""
"96105700000073","Nodes","-73","21.000000","24.622598","Default Known Flow Node","Known Flow","606152.306094","146603.442102","","0.000000","","","","","","","","","0.000000","0.000000","","","","","","","","","",""
"96105700000047","Nodes","-47","21.000000","24.324024","Default Known Flow Node","Known Flow","606152.017631","146524.342890","","0.000000","","-7.469999","","-0.730000","","","","","-7.332586","-8.199999","","","","C2 PROFILE","","D1 PROFILE","","","",""
"96105700000025","Nodes","-25","21.000000","24.205312","Default Known Flow Node","Known Flow","606129.556088","146464.817064","","0.000000","","-10.399999","","-3.819999","","","","","-12.715777","-14.219998","","","","C2 PROFILE","","D1 PROFILE","","","",""
"96105700000035","Nodes","-35","21.000000","23.642205","Default Known Flow Node","Known Flow","606206.806109","146505.067075","","0.000000","","-15.999999","","-1.120000","","","","","-15.309010","-17.119999","","","","C2 PROFILE","","D1 PROFILE","","","",""
"96105700003856","Nodes","Logger 3856, Farriers","21.000000","24.862726","Default Known Flow Node","Known Flow","606574.430993","146509.686650","","0.000000","","","","","","","","","0.000000","0.000000","","","","","","","","","",""
"96105700000046","Nodes","-46","21.000000","25.493654","Default Known Flow Node","Known Flow","606631.056225","146524.067081","","0.000000","","","","","","","","","0.000000","0.000000","","","","","","","","","",""
"96105700000043","Nodes","-43","21.000000","25.493654","Default Known Flow Node","Known Flow","606644.289303","146515.065838","","0.000000","","","","","","","","","0.000000","0.000000","","","","","","","","","",""
"96105700000038","Nodes","-38","21.000000","24.992435","Default Known Flow Node","Known Flow","606580.056211","146505.942076","","0.000000","-5.079999","","","","","","","","-4.542626","-5.079999","","","C1 PROFILE","","","","","","",""
"96105700000004","Nodes","-4","21.000000","24.742557","Default Known Flow Node","Known Flow","606711.056246","146323.192026","","0.000000","","","","-3.150000","","","","","-2.816786","-3.150000","","","","","","D1 PROFILE","","","",""
"96105700000037","Nodes","-37","21.000000","24.985987","Default Known Flow Node","Known Flow","606613.806220","146505.692076","","0.000000","","","","","","","","","0.000000","0.000000","","","","","","","","","",""
"96105700000040","Nodes","-40","21.000000","24.985987","Default Known Flow Node","Known Flow","606615.681220","146507.317076","","0.000000","","","","","","","","","0.000000","0.000000","","","","","","","","","",""
"96105700000048","Nodes","-48","21.000000","25.514771","Default Known Flow Node","Known Flow","606643.556228","146525.067081","","0.000000","","","","-4.219999","","-11.989999","","","-14.495271","-16.209998","","","","","","D1 PROFILE","","I2 PROFILE","",""
"96105701462495","Nodes","-1462495","21.000000","29.522870","Default Known Flow Node","Known Flow","605190.930833","147018.067215","","0.000000","","","","-3.609999","","","","","-3.228126","-3.609999","","","","","","D1 PROFILE","","","",""
"96105700000177","Nodes","-177","21.000000","29.418268","Default Known Flow Node","Known Flow","605214.680839","147027.192217","","0.000000","","","","-2.799999","","","","","-2.503810","-2.799999","","","","","","D1 PROFILE","","","",""
"96105701462497","Nodes","-1462497","21.000000","36.100791","Default Known Flow Node","Known Flow","605598.555944","146990.192207","","0.000000","","","","","","","","","0.000000","0.000000","","","","","","","","","",""
"96105700000180","Nodes","-180","21.000000","36.056264","Default Known Flow Node","Known Flow","605599.055944","147058.067226","","0.000000","","","","-1.510000","","","","","-1.350269","-1.510000","","","","","","D1 PROFILE","","","",""
"96105700000179","Nodes","-179","21.000000","33.781015","Default Known Flow Node","Known Flow","605746.680984","147051.067224","","0.000000","","-6.000000","","","","","","","-5.365307","-6.000000","","","","C2 PROFILE","","","","","",""
"96105700000108","Nodes","-108","21.000000","24.782203","Default Known Flow Node","Known Flow","605241.180846","146715.692133","","0.000000","","","","","","","","","0.000000","0.000000","","","","","","","","","",""
"96105700000107","Nodes","-107","21.000000","24.782203","Default Known Flow Node","Known Flow","605240.917267","146714.194522","","0.000000","","","","","","","","","0.000000","0.000000","","","","","","","","","",""
"96105700000100","Nodes","-100","21.000000","24.642949","Default Known Flow Node","Known Flow","605343.930874","146685.567124","","0.000000","","","","","","","","","0.000000","0.000000","","","","","","","","","",""
"96105700000068","Nodes","-68","21.000000","24.123609","Default Known Flow Node","Known Flow","605281.055857","146588.192098","","0.000000","","","","-2.250000","","","","","-2.011990","-2.250000","","","","","","D1 PROFILE","","","",""
"96105701462482","Nodes","-1462482","21.000000","24.042346","Default Known Flow Node","Known Flow","605300.555863","146533.442083","","0.000000","","","","-4.010000","","","","","-3.585814","-4.010000","","","","","","D1 PROFILE","","","",""
"96105700000069","Nodes","-69","21.000000","24.126130","Default Known Flow Node","Known Flow","605281.527213","146592.944940","","0.000000","","","","-3.380000","","","","","-3.022456","-3.380000","","","","","","D1 PROFILE","","","",""
"96105705003042","Nodes","5003042","21.000000","24.330418","Default Known Flow Node","Known Flow","605324.055869","146636.442111","","0.000000","","","","-10.199999","","","","","-9.121022","-10.199999","","","","","","D1 PROFILE","","","",""
"96105700000174","Nodes","-174","21.000000","36.100795","Default Known Flow Node","Known Flow","605598.015835","146988.328833","","0.000000","","","","","","","","","0.000000","0.000000","","","","","","","","","",""
"96105705003002","Nodes","Wye College DG, Site ID 3852","21.000000","38.000000","Default Known Pressure Node","Known Pressure","605573.305937","146997.317209","","99999.988879","","","","","","","","","750.937717","839.770400","","","","","","","","","",""
"96105705003017","Nodes","5003017","21.000000","22.401830","Default Known Flow Node","Known Flow","605410.305892","146303.317020","","0.000000","","","","-29.499999","","","","","-26.379426","-29.499999","","","","","","D1 PROFILE","","","",""
"96105700000002","Nodes","-2","21.000000","22.402687","Default Known Flow Node","Known Flow","605408.055892","146305.442021","","0.000000","","","","","","","","","0.000000","0.000000","","","","","","","","","",""
"96105701462504","Nodes","-1462504","21.000000","22.401830","Default Known Flow Node","Known Flow","605399.805890","146282.692015","","0.000000","","","","","","","","","0.000000","0.000000","","","","","","","","","",""
"96105705003016","Nodes","5003016","21.000000","22.585388","Default Known Flow Node","Known Flow","605453.930904","146413.817051","","0.000000","","-17.649999","","-13.979999","","","","","-28.284110","-31.629998","","","","C2 PROFILE","","D1 PROFILE","","","",""
"96105700000013","Nodes","-13","21.000000","22.576786","Default Known Flow Node","Known Flow","605456.805905","146414.567051","","0.000000","","","","","","","","","0.000000","0.000000","","","","","","","","","",""
"96105704904540","Nodes","-4904540","21.000000","24.599176","Default Known Flow Node","Known Flow","605430.933308","146657.552982","","0.000000","","","","","","","","","0.000000","0.000000","","","","","","","","","",""
"96105705003015","Nodes","5003015","21.000000","24.597943","Default Known Flow Node","Known Flow","605432.430898","146657.192117","","0.000000","","","","-19.200001","","","","","-17.168985","-19.200001","","","","","","D1 PROFILE","","","",""
"96105701462480","Nodes","-1462480","21.000000","24.058622","Default Known Flow Node","Known Flow","605322.555869","146587.692098","","0.000000","","","","-3.790000","","","","","-3.389085","-3.790000","","","","","","D1 PROFILE","","","",""
"96105701462507","Nodes","-1462507","21.000000","24.327692","Default Known Flow Node","Known Flow","605487.805913","146753.567143","","0.000000","","","","","","","","","0.000000","0.000000","","","","","","","","","",""
"96105700000111","Nodes","-111","21.000000","24.327692","Default Known Flow Node","Known Flow","605469.680909","146723.942135","","0.000000","","","","-11.279999","","","","","-10.086777","-11.279999","","","","","","D1 PROFILE","","","",""
"96105700000084","Nodes","-84","21.000000","24.355707","Default Known Flow Node","Known Flow","605435.061754","146627.817865","","0.000000","","","","","","","","","0.000000","0.000000","","","","","","","","","",""
"96105701462473","Nodes","-1462473","21.000000","24.327692","Default Known Flow Node","Known Flow","605432.180898","146715.567133","","0.000000","","","","","","","","","0.000000","0.000000","","","","","","","","","",""
"96105700000102","Nodes","-102","21.000000","24.748892","Default Known Flow Node","Known Flow","605516.788848","146690.204696","","0.000000","","","","","","","","","0.000000","0.000000","","","","","","","","","",""
"96105705003023","Nodes","5003023","21.000000","31.594714","Default Known Flow Node","Known Flow","604947.980767","146902.417183","","0.000000","","","","-13.480000","","","","","-12.054057","-13.480000","","","","","","D1 PROFILE","","","",""
"96105700000148","Nodes","-148","21.000000","34.984962","Default Known Flow Node","Known Flow","604961.995982","146909.374592","","0.000000","","","","","","","","","0.000000","0.000000","","","","","","","","","",""
"96105705003001","Nodes","Churchfield Way DG, Site ID 3851","21.000000","35.999999","Default Known Pressure Node","Known Pressure","604947.805767","146922.317189","","99999.988879","","","","","","","","","579.113051","647.619564","","","","","","","","","",""
"96105700000129","Nodes","-129","21.000000","24.780004","Default Known Flow Node","Known Flow","605417.178584","146845.557673","","0.000000","","","","","","","","","0.000000","0.000000","","","","","","","","","",""
"96105704904543","Nodes","-4904543","21.000000","24.780421","Default Known Flow Node","Known Flow","605415.055894","146846.317168","","0.000000","","","","","","","","","0.000000","0.000000","","","","","","","","","",""
"96105700000133","Nodes","-133","21.000000","25.765068","Default Known Flow Node","Known Flow","605318.555867","146861.567172","","0.000000","","","","","","","","","0.000000","0.000000","","","","","","","","","",""
"96105705003025","Nodes","5003025","21.000000","24.792249","Default Known Flow Node","Known Flow","605399.190493","146838.197499","","0.000000","-12.000000","-34.909998","-6.000000","-6.520000","","","","","-53.143370","-59.429999","","","C1 PROFILE","C2 PROFILE","C4 PROFILE","D1 PROFILE","","","",""
"96105705003010","Nodes","10,''P00051236'',''Bridge Street'',6.84","22.999998","24.723608","Default Known Flow Node","Known Flow","605307.428014","146699.934468","","0.000000","","","","","-6.840000","","","","-6.116450","-6.840000","","","","","","","DC PROFILE","","",""
"96105700003853","Nodes","Logger 3853, Bridge Street","21.000000","24.650944","Default Known Flow Node","Known Flow","605341.582540","146686.476272","","0.000000","","","","","","","","","0.000000","0.000000","","","","","","","","","",""
"96105700000105","Nodes","-105","21.000000","24.723608","Default Known Flow Node","Known Flow","605305.805864","146695.692127","","0.000000","","","","","","","","","0.000000","0.000000","","","","","","","","","",""
"96105700000104","Nodes","-104","21.000000","24.723608","Default Known Flow Node","Known Flow","605305.430864","146694.692127","","0.000000","","","","","","","","","0.000000","0.000000","","","","","","","","","",""
"96105705003021","Nodes","5003021","21.000000","24.821201","Default Known Flow Node","Known Flow","605243.937690","146720.713763","","0.000000","","","","-39.129999","","","","","-34.990744","-39.129999","","","","","","D1 PROFILE","","","",""
"96105705004001","Nodes","","0.000000","22.576786","Default Known Flow Node","Known Flow","605456.305905","146412.942050","","0.000000","","","","","","","","","0.000000","0.000000","","","","","","","","","",""
"96105705004002","Nodes","","0.000000","23.362933","Default Known Flow Node","Known Flow","605245.567312","146497.222262","","0.000000","","","","","","","","","0.000000","0.000000","","","","","","","","","",""
"96105700004002","Nodes","","0.000000","24.694954","Default Known Flow Node","Known Flow","606275.880312","146565.054459","","0.000000","","","","","","","","","0.000000","0.000000","","","","","","","","","",""
"96105700000001","Nodes","","0.000000","35.806931","Default Known Flow Node","Known Flow","604950.505715","146921.686988","","0.000000","","","","","","","","","0.000000","0.000000","","","","","","","","","",""
"96105700000005","Nodes","","0.000000","37.947615","Default Known Flow Node","Known Flow","605574.098340","146996.803453","","0.000000","","","","","","","","","0.000000","0.000000","","","","","","","","","",""
"96105700000011","Nodes","","0.000000","23.277682","Default Known Flow Node","Known Flow","605642.222735","146605.630743","","0.000000","","","","","","","","","0.000000","0.000000","","","","","","","","","",""
"96105700000007","Nodes","","0.000000","22.535123","Default Known Flow Node","Known Flow","605689.210346","146521.266435","","0.000000","","","","","","","","","0.000000","0.000000","","","","","","","","","",""
"96105700000009","Nodes","","0.000000","23.276876","Default Known Flow Node","Known Flow","605652.357132","146600.742541","","0.000000","","","","","","","","","0.000000","0.000000","","","","","","","","","",""
