"NAME","TYPE","NodeDescription","NodeMinimumPressure","NodePressure","NodeSymbolName","NodeStatus","NodeXCoordinate","NodeYCoordinate","NodeFlowByCategory(Base Thermal)","NodeFlowByCategory(Base Volumetric)","NodeFlowByCategory(C1)","NodeFlowByCategory(C2)","NodeFlowByCategory(C4)","NodeFlowByCategory(D1)","NodeThermalFlow","NodeResultFlow","NodeFlowProfileNameByCategory(Base Thermal)","NodeFlowProfileNameByCategory(Base Volumetric)","NodeFlowProfileNameByCategory(C1)","NodeFlowProfileNameByCategory(C2)","NodeFlowProfileNameByCategory(C4)","NodeFlowProfileNameByCategory(D1)"
"96110005802026","Nodes","5802026","21.000000","24.058250","DDS demands","Known Flow","564359.799752","161549.400099","","0.000000","","","","-3.749999","-3.353317","-3.749999","","","","","","D1 PROFILE"
"96110000003656","Nodes","Logger 3656, 6 Churchside","21.000000","24.051786","Val Log Post","Known Flow","564308.024500","161529.157500","","0.000000","","","","","0.000000","0.000000","","","","","",""
"96110002794238","Nodes","2794238","21.000000","23.809073","Default Known Flow Node","Known Flow","564619.459500","161685.338300","","0.000000","","","","","0.000000","0.000000","","","","","",""
"96110005802033","Nodes","5802033","21.000000","23.784931","DDS demands","Known Flow","564601.519800","161717.986200","","0.000000","","","","-5.519999","-4.936082","-5.519999","","","","","","D1 PROFILE"
"96110000117672","Nodes","117672","21.000000","23.726057","Default Known Flow Node","Known Flow","564594.208974","161741.291749","","0.000000","","","","","0.000000","0.000000","","","","","",""
"96110005802038","Nodes","5802038","21.000000","23.552951","DDS demands","Known Flow","564577.670689","161884.034573","","0.000000","","","","-13.449999","-12.027230","-13.449999","","","","","","D1 PROFILE"
"96110000003654","Nodes","Logger 3654, 4 Fern Down","21.000000","23.613830","Val Log Post","Known Flow","564583.672735","161865.471543","","0.000000","","","","","0.000000","0.000000","","","","","",""
"96110002794220","Nodes","2794220","21.000000","23.552951","Default Known Flow Node","Known Flow","564547.019800","161851.611300","","0.000000","","","","","0.000000","0.000000","","","","","",""
"96110005802032","Nodes","5802032","21.000000","23.971188","DDS demands","Known Flow","564674.530958","161677.150412","","0.000000","","","","-8.420000","-7.529314","-8.420000","","","","","","D1 PROFILE"
"96110000003655","Nodes","Logger 3655, 36 Beechmast","21.000000","23.912103","Val Log Post","Known Flow","564666.173800","161699.309700","","0.000000","","","","","0.000000","0.000000","","","","","",""
"96110002794246","Nodes","2794246","21.000000","23.838777","Default Known Flow Node","Known Flow","564661.145884","161741.511755","","0.000000","","","","","0.000000","0.000000","","","","","",""
"96110005802025","Nodes","5802025","21.000000","24.081229","DDS demands","Known Flow","564353.214400","161619.534327","","0.000000","","","","-6.959999","-6.223756","-6.959999","","","","","","D1 PROFILE"
"96110005802024","Nodes","5802024","21.000000","24.022641","DDS demands","Known Flow","564256.120578","161550.344201","","0.000000","","","","-17.719999","-15.845541","-17.719999","","","","","","D1 PROFILE"
"96110000117616","Nodes","117616","21.000000","24.003669","Default Known Flow Node","Known Flow","564193.792946","161581.010567","","0.000000","","","","","0.000000","0.000000","","","","","",""
"96110000003659","Nodes","Logger 3659, 148 Timberbank","21.000000","24.288696","Val Log Post","Known Flow","563643.891400","161365.718900","","0.000000","","","","","0.000000","0.000000","","","","","",""
"96110005802076","Nodes","5802076","21.000000","24.256109","Default Known Flow Node","Known Flow","563654.633600","161390.040400","","0.000000","","","","","0.000000","0.000000","","","","","",""
"96110005802054","Nodes","5802054","21.000000","24.264743","DDS demands","Known Flow","563670.624045","161397.698876","","0.000000","","","","-6.869999","-6.143277","-6.869999","","","","","","D1 PROFILE"
"96110003361720","Nodes","3361720","21.000000","24.275352","Default Known Flow Node","Known Flow","563640.479941","161338.117711","","0.000000","","","","","0.000000","0.000000","","","","","",""
"96110005802027","Nodes","5802027","21.000000","24.095559","DDS demands","Known Flow","564295.769700","161525.361200","","0.000000","","","","-12.600000","-11.267146","-12.600000","","","","","","D1 PROFILE"
"96110005802022","Nodes","5802022","21.000000","24.208968","DDS demands","Known Flow","564022.195612","161494.327894","","0.000000","","","","-2.710000","-2.423330","-2.710000","","","","","","D1 PROFILE"
"96110000003657","Nodes","Logger 3657, 8 Croftside, Waterloo Rd","21.000000","24.212021","Val Log Post","Known Flow","564067.769985","161500.787511","","0.000000","","","","","0.000000","0.000000","","","","","",""
"96110000133830","Nodes","133830","21.000000","24.273046","Default Known Flow Node","Known Flow","563815.974819","161427.800596","","0.000000","","","","","0.000000","0.000000","","","","","",""
"96110005802057","Nodes","5802057","21.000000","24.152196","DDS demands","Known Flow","563947.369690","161480.358545","","0.000000","","","","-12.000000","-10.730614","-12.000000","","","","","","D1 PROFILE"
"96110000133799","Nodes","133799","21.000000","24.336883","Default Known Flow Node","Known Flow","563408.394500","161224.111100","","0.000000","","","","","0.000000","0.000000","","","","","",""
"96110000351664","Nodes","351664","21.000000","24.382226","Default Known Flow Node","Known Flow","563371.933813","161185.676534","","0.000000","","","","","0.000000","0.000000","","","","","",""
"96110000133801","Nodes","133801","21.000000","24.291544","Default Known Flow Node","Known Flow","563450.769500","161248.236100","","0.000000","","","","","0.000000","0.000000","","","","","",""
"96110005802051","Nodes","5802051","21.000000","24.291544","DDS demands","Known Flow","563458.176642","161250.334724","","0.000000","","","","-30.809999","-27.550853","-30.809999","","","","","","D1 PROFILE"
"96110000133804","Nodes","133804","21.000000","24.297262","Default Known Flow Node","Known Flow","563478.894500","161273.736100","","0.000000","","","","","0.000000","0.000000","","","","","",""
"96110000133806","Nodes","133806","21.000000","24.291544","Default Known Flow Node","Known Flow","563483.912958","161206.878322","","0.000000","","","","","0.000000","0.000000","","","","","",""
"96110005802052","Nodes","5802052","21.000000","24.315318","DDS demands","Known Flow","563551.009326","161275.701871","","0.000000","","","","-14.279999","-12.769430","-14.279999","","","","","","D1 PROFILE"
"96110000133824","Nodes","133824","21.000000","24.245148","Default Known Flow Node","Known Flow","563721.245648","161410.458010","","0.000000","","","","","0.000000","0.000000","","","","","",""
"96110005802055","Nodes","5802055","21.000000","24.245148","DDS demands","Known Flow","563720.415785","161409.005751","","0.000000","","","","-6.550000","-5.857127","-6.550000","","","","","","D1 PROFILE"
"96110005802053","Nodes","5802053","21.000000","24.299046","DDS demands","Known Flow","563625.291296","161295.874291","","0.000000","","","","-8.859999","-7.922770","-8.859999","","","","","","D1 PROFILE"
"96110000133816","Nodes","133816","21.000000","24.265160","Default Known Flow Node","Known Flow","563671.868838","161397.180212","","0.000000","","","","","0.000000","0.000000","","","","","",""
"96110000133819","Nodes","133819","21.000000","24.225994","Default Known Flow Node","Known Flow","563686.495162","161399.047403","","0.000000","","","","","0.000000","0.000000","","","","","",""
"96110000133817","Nodes","133817","21.000000","24.228020","Default Known Flow Node","Known Flow","563674.214101","161476.459734","","0.000000","","","","","0.000000","0.000000","","","","","",""
"96110005802066","Nodes","5802066","21.000000","24.227450","DDS demands","Known Flow","563674.214101","161474.189062","","0.000000","","","","-19.420000","-17.365711","-19.420000","","","","","","D1 PROFILE"
"96110000133818","Nodes","133818","21.000000","24.228431","Default Known Flow Node","Known Flow","563686.054037","161473.702489","","0.000000","","","","","0.000000","0.000000","","","","","",""
"96110000133820","Nodes","133820","21.000000","24.231090","Default Known Flow Node","Known Flow","563688.154887","161411.184139","","0.000000","","","","","0.000000","0.000000","","","","","",""
"96110000320393","Nodes","320393","21.000000","24.245148","Default Known Flow Node","Known Flow","563727.486904","161445.104763","","0.000000","","","","","0.000000","0.000000","","","","","",""
"96110005802056","Nodes","5802056","21.000000","24.261757","Default Known Flow Node","Known Flow","563728.870008","161368.619117","","0.000000","","","","","0.000000","0.000000","","","","","",""
"96110000133827","Nodes","133827","21.000000","24.262076","Default Known Flow Node","Known Flow","563729.284939","161367.927565","","0.000000","","","","","0.000000","0.000000","","","","","",""
"96110000133821","Nodes","133821","21.000000","24.261757","Default Known Flow Node","Known Flow","563703.769500","161350.611100","","0.000000","","","","","0.000000","0.000000","","","","","",""
"96110000133829","Nodes","133829","21.000000","24.272066","Default Known Flow Node","Known Flow","563808.894600","161421.486100","","0.000000","","","","","0.000000","0.000000","","","","","",""
"96110000133828","Nodes","133828","21.000000","24.181491","Default Known Flow Node","Known Flow","563804.771677","161480.911786","","0.000000","","","","","0.000000","0.000000","","","","","",""
"96110000117577","Nodes","117577","21.000000","24.012551","Default Known Flow Node","Known Flow","563729.196818","161589.668987","","0.000000","","","","","0.000000","0.000000","","","","","",""
"96110005802065","Nodes","5802065","21.000000","24.015588","DDS demands","Known Flow","563764.716627","161593.723759","","0.000000","","","","-11.910000","-10.650135","-11.910000","","","","","","D1 PROFILE"
"96110000117579","Nodes","117579","21.000000","24.106135","Default Known Flow Node","Known Flow","563769.744545","161573.449896","","0.000000","","","","","0.000000","0.000000","","","","","",""
"96110000117581","Nodes","117581","21.000000","23.967451","Default Known Flow Node","Known Flow","563791.019600","161652.361200","","0.000000","","","","","0.000000","0.000000","","","","","",""
"96110005802064","Nodes","5802064","21.000000","23.970543","DDS demands","Known Flow","563811.589799","161656.491640","","0.000000","","","","-13.090000","-11.705312","-13.090000","","","","","","D1 PROFILE"
"96110000117583","Nodes","117583","21.000000","24.080619","Default Known Flow Node","Known Flow","563842.144600","161619.611200","","0.000000","","","","","0.000000","0.000000","","","","","",""
"96110005802063","Nodes","5802063","21.000000","24.080619","DDS demands","Known Flow","563849.364500","161620.371600","","0.000000","","","","-11.669999","-10.435522","-11.669999","","","","","","D1 PROFILE"
"96110000117587","Nodes","117587","21.000000","24.136409","Default Known Flow Node","Known Flow","563953.652036","161569.219894","","0.000000","","","","","0.000000","0.000000","","","","","",""
"96110000117593","Nodes","117593","21.000000","24.136409","Default Known Flow Node","Known Flow","563966.049390","161557.961757","","0.000000","","","","","0.000000","0.000000","","","","","",""
"96110005802058","Nodes","5802058","21.000000","24.122228","DDS demands","Known Flow","563959.476253","161527.240874","","0.000000","","","","-6.800000","-6.080681","-6.800000","","","","","","D1 PROFILE"
"96110000117596","Nodes","117596","21.000000","24.102665","Default Known Flow Node","Known Flow","563975.019600","161588.986200","","0.000000","","","","","0.000000","0.000000","","","","","",""
"96110005802059","Nodes","5802059","21.000000","24.188173","DDS demands","Known Flow","563979.250896","161563.724851","","0.000000","","","","-1.120000","-1.001524","-1.120000","","","","","","D1 PROFILE"
"96110000117576","Nodes","117576","21.000000","24.186831","Default Known Flow Node","Known Flow","563711.643700","161509.358700","","0.000000","","","","","0.000000","0.000000","","","","","",""
"96110000117580","Nodes","117580","21.000000","23.957867","Default Known Flow Node","Known Flow","563789.019600","161644.361200","","0.000000","","","","","0.000000","0.000000","","","","","",""
"96110000320395","Nodes","320395","21.000000","23.970110","Default Known Flow Node","Known Flow","563813.211708","161649.517431","","0.000000","","","","","0.000000","0.000000","","","","","",""
"96110000117584","Nodes","117584","21.000000","24.080619","Default Known Flow Node","Known Flow","563849.144600","161617.361200","","0.000000","","","","","0.000000","0.000000","","","","","",""
"96110005802062","Nodes","5802062","21.000000","24.046004","DDS demands","Known Flow","563870.140716","161672.061967","","0.000000","","","","-9.720000","-8.691797","-9.720000","","","","","","D1 PROFILE"
"96110005802061","Nodes","5802061","21.000000","23.946985","DDS demands","Known Flow","563969.279606","161679.414937","","0.000000","","","","-6.269999","-5.606746","-6.269999","","","","","","D1 PROFILE"
"96110000117588","Nodes","117588","21.000000","24.024745","Default Known Flow Node","Known Flow","563953.961175","161650.186018","","0.000000","","","","","0.000000","0.000000","","","","","",""
"96110000117589","Nodes","117589","21.000000","24.069987","Default Known Flow Node","Known Flow","563957.452876","161591.277639","","0.000000","","","","","0.000000","0.000000","","","","","",""
"96110005802060","Nodes","5802060","21.000000","24.024745","DDS demands","Known Flow","563963.084652","161652.044504","","0.000000","","","","-19.200001","-17.168985","-19.200001","","","","","","D1 PROFILE"
"96110000117592","Nodes","117592","21.000000","24.024412","Default Known Flow Node","Known Flow","563963.394600","161650.361200","","0.000000","","","","","0.000000","0.000000","","","","","",""
"96110000117582","Nodes","117582","21.000000","24.015365","Default Known Flow Node","Known Flow","563825.700407","161652.436867","","0.000000","","","","","0.000000","0.000000","","","","","",""
"96110000117624","Nodes","117624","21.000000","24.050298","Default Known Flow Node","Known Flow","564295.769700","161544.611200","","0.000000","","","","","0.000000","0.000000","","","","","",""
"96110005802020","Nodes","5802020","21.000000","24.177270","DDS demands","Known Flow","564012.154142","161570.560149","","0.000000","","","","-6.959999","-6.223756","-6.959999","","","","","","D1 PROFILE"
"96110005802021","Nodes","5802021","21.000000","24.155350","DDS demands","Known Flow","564012.928816","161535.129460","","0.000000","","","","-7.369999","-6.590385","-7.369999","","","","","","D1 PROFILE"
"96110000117603","Nodes","117603","21.000000","24.218177","Default Known Flow Node","Known Flow","564020.644700","161504.860100","","0.000000","","","","","0.000000","0.000000","","","","","",""
"96110000117622","Nodes","117622","21.000000","24.093264","Default Known Flow Node","Known Flow","564278.767900","161507.608200","","0.000000","","","","","0.000000","0.000000","","","","","",""
"96110005802018","Nodes","5802018","21.000000","24.030687","DDS demands","Known Flow","564352.343458","161647.944111","","0.000000","-8.130000","-30.709997","","-10.949999","-44.523106","-49.789998","","","C1 PROFILE","C2 PROFILE","","D1 PROFILE"
"96110000133834","Nodes","133834","21.000000","24.023411","Default Known Flow Node","Known Flow","564351.510005","161643.544069","","0.000000","","","","","0.000000","0.000000","","","","","",""
"96110000133835","Nodes","133835","21.000000","23.978181","Default Known Flow Node","Known Flow","564430.255331","161667.246172","","0.000000","","","","","0.000000","0.000000","","","","","",""
"96110000352756","Nodes","352756","21.000000","23.978181","Default Known Flow Node","Known Flow","564429.648539","161688.830601","","0.000000","","","","","0.000000","0.000000","","","","","",""
"96110000304549","Nodes","304549","21.000000","24.212021","Default Known Flow Node","Known Flow","564068.370708","161487.071007","","0.000000","","","","","0.000000","0.000000","","","","","",""
"96110000117645","Nodes","117645","21.000000","23.998041","Default Known Flow Node","Known Flow","564527.644800","161623.611200","","0.000000","","","","","0.000000","0.000000","","","","","",""
"96110000117642","Nodes","117642","21.000000","23.908273","Default Known Flow Node","Known Flow","564520.844349","161642.536091","","0.000000","","","","","0.000000","0.000000","","","","","",""
"96110000117693","Nodes","117693","21.000000","24.497287","Default Known Flow Node","Known Flow","564781.269800","161607.236200","","0.000000","","","","","0.000000","0.000000","","","","","",""
"96110005802044","Nodes","5802044","21.000000","24.406832","DDS demands","Known Flow","564752.894800","161699.986200","","0.000000","","","","-50.330000","-45.005988","-50.330000","","","","","","D1 PROFILE"
"96110000117717","Nodes","117717","21.000000","24.497287","Default Known Flow Node","Known Flow","564907.644900","161655.236200","","0.000000","","","","","0.000000","0.000000","","","","","",""
"96110000117718","Nodes","117718","21.000000","24.497287","Default Known Flow Node","Known Flow","564909.394900","161748.611200","","0.000000","","","","","0.000000","0.000000","","","","","",""
"96110000133847","Nodes","133847","21.000000","24.589787","Default Known Flow Node","Known Flow","564884.519900","161944.486300","","0.000000","","","","","0.000000","0.000000","","","","","",""
"96110000133848","Nodes","133848","21.000000","24.589787","Default Known Flow Node","Known Flow","564897.585010","161944.402851","","0.000000","","","","","0.000000","0.000000","","","","","",""
"96110000133850","Nodes","133850","21.000000","24.416860","Default Known Flow Node","Known Flow","564909.605125","161917.205822","","0.000000","","","","","0.000000","0.000000","","","","","",""
"96110000133855","Nodes","133855","21.000000","24.326430","Default Known Flow Node","Known Flow","564955.985773","161921.819604","","0.000000","","","","","0.000000","0.000000","","","","","",""
"96110000133853","Nodes","133853","21.000000","24.333020","Default Known Flow Node","Known Flow","564912.769900","161945.611300","","0.000000","","","","","0.000000","0.000000","","","","","",""
"96110005802048","Nodes","5802048","21.000000","24.330476","DDS demands","Known Flow","564913.854661","161947.195403","","0.000000","","","","-32.220000","-28.811701","-32.220000","","","","","","D1 PROFILE"
"96110000304561","Nodes","304561","21.000000","24.497287","Default Known Flow Node","Known Flow","564796.394800","161614.486200","","0.000000","","","","","0.000000","0.000000","","","","","",""
"96110000133845","Nodes","133845","21.000000","24.406832","Default Known Flow Node","Known Flow","564760.269800","161704.736200","","0.000000","","","","","0.000000","0.000000","","","","","",""
"96110005802050","Nodes","5802050","21.000000","24.728944","DDS demands","Known Flow","564863.082826","161804.046754","","0.000000","","","","-24.160000","-21.604304","-24.160000","","","","","","D1 PROFILE"
"96110000304567","Nodes","304567","21.000000","24.726251","Default Known Flow Node","Known Flow","564863.204242","161814.124225","","0.000000","","","","","0.000000","0.000000","","","","","",""
"96110000352758","Nodes","352758","21.000000","23.460672","Default Known Flow Node","Known Flow","564715.124045","161931.003533","","0.000000","","","","","0.000000","0.000000","","","","","",""
"96110000117690","Nodes","117690","21.000000","23.505931","Default Known Flow Node","Known Flow","564773.465997","161935.152522","","0.000000","","","","","0.000000","0.000000","","","","","",""
"96110000117640","Nodes","117640","21.000000","23.909333","Default Known Flow Node","Known Flow","564494.443595","161629.335714","","0.000000","","","","","0.000000","0.000000","","","","","",""
"96110000117667","Nodes","117667","21.000000","23.523538","Default Known Flow Node","Known Flow","564579.483156","161912.459500","","0.000000","","","","","0.000000","0.000000","","","","","",""
"96110000133838","Nodes","133838","21.000000","23.515740","Default Known Flow Node","Known Flow","564578.701943","161920.532039","","0.000000","","","","","0.000000","0.000000","","","","","",""
"96110005802041","Nodes","5802041","21.000000","23.911698","DDS demands","Known Flow","564714.236062","161807.982496","","0.000000","","","","-3.270000","-2.924092","-3.270000","","","","","","D1 PROFILE"
"96110005802045","Nodes","5802045","21.000000","23.954329","DDS demands","Known Flow","564733.576400","161815.588975","","0.000000","","","","-13.000000","-11.624833","-13.000000","","","","","","D1 PROFILE"
"96110000117686","Nodes","117686","21.000000","24.662840","Default Known Flow Node","Known Flow","564731.210179","161715.723987","","0.000000","","","","","0.000000","0.000000","","","","","",""
"96110005802042","Nodes","5802042","21.000000","24.755519","DDS demands","Known Flow","564781.204513","161744.494377","","0.000000","","","","-10.600000","-9.478710","-10.600000","","","","","","D1 PROFILE"
"96110005802074","Nodes","5802074","21.000000","23.953538","DDS demands","Known Flow","564816.185215","161893.713857","","0.000000","","","","-20.709999","-18.519252","-20.709999","","","","","","D1 PROFILE"
"96110000117691","Nodes","117691","21.000000","24.044814","Default Known Flow Node","Known Flow","564778.519800","161805.486200","","0.000000","","","","","0.000000","0.000000","","","","","",""
"96110000352759","Nodes","352759","21.000000","23.551196","Default Known Flow Node","Known Flow","564805.479799","161929.518093","","0.000000","","","","","0.000000","0.000000","","","","","",""
"96110000117698","Nodes","117698","21.000000","24.044814","Default Known Flow Node","Known Flow","564799.269800","161818.861200","","0.000000","","","","","0.000000","0.000000","","","","","",""
"96110000117695","Nodes","117695","21.000000","24.770573","Default Known Flow Node","Known Flow","564789.609816","161746.934626","","0.000000","","","","","0.000000","0.000000","","","","","",""
"96110000117694","Nodes","117694","21.000000","24.725373","Default Known Flow Node","Known Flow","564786.220581","161791.062464","","0.000000","","","","","0.000000","0.000000","","","","","",""
"96110000117701","Nodes","117701","21.000000","23.672345","Default Known Flow Node","Known Flow","564832.019900","161939.986300","","0.000000","","","","","0.000000","0.000000","","","","","",""
"96110000117700","Nodes","117700","21.000000","24.670635","Default Known Flow Node","Known Flow","564820.487870","161876.861791","","0.000000","","","","","0.000000","0.000000","","","","","",""
"96110005802073","Nodes","5802073","21.000000","23.553748","DDS demands","Known Flow","564853.394900","161943.111300","","0.000000","","","","-13.850000","-12.384918","-13.850000","","","","","","D1 PROFILE"
"96110000117703","Nodes","117703","21.000000","23.672345","Default Known Flow Node","Known Flow","564839.750851","161965.002982","","0.000000","","","","","0.000000","0.000000","","","","","",""
"96110000117702","Nodes","117702","21.000000","24.796629","Default Known Flow Node","Known Flow","564840.499579","161844.478052","","0.000000","","","","","0.000000","0.000000","","","","","",""
"96110000117707","Nodes","117707","21.000000","24.795275","Default Known Flow Node","Known Flow","564847.663082","161844.356637","","0.000000","","","","","0.000000","0.000000","","","","","",""
"96110000117709","Nodes","117709","21.000000","24.742368","Default Known Flow Node","Known Flow","564855.676492","161877.138770","","0.000000","","","","","0.000000","0.000000","","","","","",""
"96110000117710","Nodes","117710","21.000000","23.553748","Default Known Flow Node","Known Flow","564862.519900","161943.236300","","0.000000","","","","","0.000000","0.000000","","","","","",""
"96110005802078","Nodes","5802078","21.000000","23.389163","DDS demands","Known Flow","564655.000448","161947.093293","","0.000000","","","","-20.969999","-18.751748","-20.969999","","","","","","D1 PROFILE"
"96110000133842","Nodes","133842","21.000000","23.384069","Default Known Flow Node","Known Flow","564665.519800","161941.736300","","0.000000","","","","","0.000000","0.000000","","","","","",""
"96110000133840","Nodes","133840","21.000000","48.334552","DDS demands","Known Flow","564533.734780","162284.156650","","0.000000","","","","-35.669997","-31.896749","-35.669997","","","","","","D1 PROFILE"
"96110000133841","Nodes","133841","21.000000","23.328758","Default Known Flow Node","Known Flow","564662.291773","162000.085600","","0.000000","","","","","0.000000","0.000000","","","","","",""
"96110000133843","Nodes","133843","21.000000","23.519799","Default Known Flow Node","Known Flow","564679.144800","161930.736300","","0.000000","","","","","0.000000","0.000000","","","","","",""
"96110005802043","Nodes","5802043","21.000000","24.572059","Default Known Flow Node","Known Flow","564728.114709","161711.373611","","0.000000","","","","","0.000000","0.000000","","","","","",""
"96110000304572","Nodes","304572","21.000000","24.430656","Default Known Flow Node","Known Flow","564906.691158","161949.138048","","0.000000","","","","","0.000000","0.000000","","","","","",""
"96110000133849","Nodes","133849","21.000000","24.497287","Default Known Flow Node","Known Flow","564901.509700","161747.011300","","0.000000","","","","","0.000000","0.000000","","","","","",""
"96110000133852","Nodes","133852","21.000000","24.385448","Default Known Flow Node","Known Flow","564913.369000","161984.227072","","0.000000","","","","","0.000000","0.000000","","","","","",""
"96110000133854","Nodes","133854","21.000000","24.248214","Default Known Flow Node","Known Flow","564921.503826","161993.576051","","0.000000","","","","","0.000000","0.000000","","","","","",""
"96110000304552","Nodes","304552","21.000000","23.392646","Default Known Flow Node","Known Flow","564710.075990","162030.683123","","0.000000","","","","","0.000000","0.000000","","","","","",""
"96110005802075","Nodes","5802075","21.000000","23.505960","DDS demands","Known Flow","564744.268500","162023.725800","","0.000000","","","","-39.189999","-35.044401","-39.189999","","","","","","D1 PROFILE"
"96110000304574","Nodes","304574","21.000000","24.385448","Default Known Flow Node","Known Flow","564914.218907","162005.474751","","0.000000","","","","","0.000000","0.000000","","","","","",""
"96110005802068","Nodes","5802068","21.000000","24.215005","DDS demands","Known Flow","564912.397677","162033.157441","","0.000000","","","","-10.979999","-9.818512","-10.979999","","","","","","D1 PROFILE"
"96110000304554","Nodes","304554","21.000000","23.462573","Default Known Flow Node","Known Flow","564734.519800","162051.986300","","0.000000","","","","","0.000000","0.000000","","","","","",""
"96110000304553","Nodes","304553","21.000000","23.462573","Default Known Flow Node","Known Flow","564732.519800","162072.986300","","0.000000","","","","","0.000000","0.000000","","","","","",""
"96110000304557","Nodes","304557","21.000000","23.505931","Default Known Flow Node","Known Flow","564763.542509","162007.053150","","0.000000","","","","","0.000000","0.000000","","","","","",""
"96110005802072","Nodes","5802072","21.000000","23.548469","DDS demands","Known Flow","564846.833411","162014.702315","","0.000000","","","","-11.890000","-10.632251","-11.890000","","","","","","D1 PROFILE"
"96110000304571","Nodes","304571","21.000000","23.615291","Default Known Flow Node","Known Flow","564906.326912","162028.422244","","0.000000","","","","","0.000000","0.000000","","","","","",""
"96110000003653","Nodes","Logger 3653, 123 High View","21.000000","23.578601","Val Log Post","Known Flow","564845.266400","162024.858400","","0.000000","","","","","0.000000","0.000000","","","","","",""
"96110000304564","Nodes","304564","21.000000","23.598964","Default Known Flow Node","Known Flow","564849.394900","162030.486300","","0.000000","","","","","0.000000","0.000000","","","","","",""
"96110000304556","Nodes","304556","21.000000","23.461132","Default Known Flow Node","Known Flow","564744.394800","162031.486300","","0.000000","","","","","0.000000","0.000000","","","","","",""
"96110005802071","Nodes","5802071","21.000000","23.331698","DDS demands","Known Flow","564802.269800","162044.611300","","0.000000","","","","-14.930000","-13.350673","-14.930000","","","","","","D1 PROFILE"
"96110000304558","Nodes","304558","21.000000","23.376976","Default Known Flow Node","Known Flow","564786.769800","162024.111300","","0.000000","","","","","0.000000","0.000000","","","","","",""
"96110000304566","Nodes","304566","21.000000","23.572893","Default Known Flow Node","Known Flow","564860.189095","162041.656513","","0.000000","","","","","0.000000","0.000000","","","","","",""
"96110005802070","Nodes","5802070","21.000000","23.600747","DDS demands","Known Flow","564866.502691","162031.943288","","0.000000","","","","-1.919999","-1.716898","-1.919999","","","","","","D1 PROFILE"
"96110005802067","Nodes","5802067","21.000000","23.608732","DDS demands","Known Flow","564890.178676","162032.671780","","0.000000","","","","-10.379999","-9.281981","-10.379999","","","","","","D1 PROFILE"
"96110000324810","Nodes","324810","21.000000","24.034599","Default Known Flow Node","Known Flow","563968.829064","161672.262581","","0.000000","","","","","0.000000","0.000000","","","","","",""
"96110005802028","Nodes","5802028","21.000000","24.000847","DDS demands","Known Flow","564480.803206","161613.641933","","0.000000","-1.120000","","-5.330000","-1.120000","-6.769229","-7.570000","","","C1 PROFILE","","C4 PROFILE","D1 PROFILE"
"96110000133836","Nodes","133836","21.000000","23.910356","Default Known Flow Node","Known Flow","564479.644800","161668.986200","","0.000000","","","","","0.000000","0.000000","","","","","",""
"96110000133808","Nodes","133808","21.000000","24.315318","Default Known Flow Node","Known Flow","563533.210133","161260.750549","","0.000000","","","","","0.000000","0.000000","","","","","",""
"96110000497034","Nodes","497034","21.000000","24.315318","Default Known Flow Node","Known Flow","563525.853132","161271.904710","","0.000000","","","","","0.000000","0.000000","","","","","",""
"96110000497035","Nodes","497035","21.000000","24.315318","Default Known Flow Node","Known Flow","563537.244616","161246.036548","","0.000000","","","","","0.000000","0.000000","","","","","",""
"96110000496766","Nodes","496766","21.000000","24.344366","Default Known Flow Node","Known Flow","563644.394500","161259.111100","","0.000000","","","","","0.000000","0.000000","","","","","",""
"96110003361719","Nodes","3361719","21.000000","24.275352","Default Known Flow Node","Known Flow","563605.593521","161340.728260","","0.000000","","","","","0.000000","0.000000","","","","","",""
"96110005802023","Nodes","5802023","21.000000","24.221475","DDS demands","Known Flow","564197.025507","161473.855106","","0.000000","","","","-6.390000","-5.714052","-6.390000","","","","","","D1 PROFILE"
"96110002794214","Nodes","2794214","21.000000","24.221309","Default Known Flow Node","Known Flow","564196.269700","161475.361100","","0.000000","","","","","0.000000","0.000000","","","","","",""
"96110002794213","Nodes","2794213","21.000000","24.060081","Default Known Flow Node","Known Flow","564177.854171","161563.560356","","0.000000","","","","","0.000000","0.000000","","","","","",""
"96110000496768","Nodes","496768","21.000000","24.220415","Default Known Flow Node","Known Flow","564072.197541","161620.350601","","0.000000","","","","","0.000000","0.000000","","","","","",""
"96110005802047","Nodes","5802047","21.000000","24.175172","DDS demands","Known Flow","564071.594426","161624.170326","","0.000000","","","","-16.940001","-15.148052","-16.940001","","","","","","D1 PROFILE"
"96110000117666","Nodes","117666","21.000000","23.551332","Default Known Flow Node","Known Flow","564578.289457","161886.324014","","0.000000","","","","","0.000000","0.000000","","","","","",""
"96110002794221","Nodes","2794221","21.000000","23.784931","Default Known Flow Node","Known Flow","564554.019800","161689.861200","","0.000000","","","","","0.000000","0.000000","","","","","",""
"96110000496956","Nodes","496956","21.000000","24.497287","Default Known Flow Node","Known Flow","564900.769900","161746.861200","","0.000000","","","","","0.000000","0.000000","","","","","",""
"96110005802034","Nodes","5802034","21.000000","23.756877","DDS demands","Known Flow","564542.269800","161688.986200","","0.000000","","","","-11.079999","-9.907934","-11.079999","","","","","","D1 PROFILE"
"96110002794228","Nodes","2794228","21.000000","23.709759","Default Known Flow Node","Known Flow","564575.728446","161735.351579","","0.000000","","","","","0.000000","0.000000","","","","","",""
"96110005802029","Nodes","5802029","21.000000","23.906251","DDS demands","Known Flow","564560.445479","161634.909206","","0.000000","","","","-9.729999","-8.700739","-9.729999","","","","","","D1 PROFILE"
"96110002794226","Nodes","2794226","21.000000","23.906201","Default Known Flow Node","Known Flow","564560.298808","161636.082573","","0.000000","","","","","0.000000","0.000000","","","","","",""
"96110002794227","Nodes","2794227","21.000000","23.706796","Default Known Flow Node","Known Flow","564574.269800","161738.861200","","0.000000","","","","","0.000000","0.000000","","","","","",""
"96110002794234","Nodes","2794234","21.000000","23.666649","Default Known Flow Node","Known Flow","564590.358864","161797.173344","","0.000000","","","","","0.000000","0.000000","","","","","",""
"96110002794231","Nodes","2794231","21.000000","23.665833","Default Known Flow Node","Known Flow","564579.908565","161796.293319","","0.000000","","","","","0.000000","0.000000","","","","","",""
"96110005802037","Nodes","5802037","21.000000","23.668116","DDS demands","Known Flow","564607.977900","161803.968300","","0.000000","","","","-8.749999","-7.824406","-8.749999","","","","","","D1 PROFILE"
"96110002794232","Nodes","279422","21.000000","23.552951","Default Known Flow Node","Known Flow","564576.433154","161883.539559","","0.000000","","","","","0.000000","0.000000","","","","","",""
"96110005802031","Nodes","5802031","21.000000","23.956094","DDS demands","Known Flow","564624.662867","161668.741283","","0.000000","","","","-9.529999","-8.521896","-9.529999","","","","","","D1 PROFILE"
"96110005802039","Nodes","5802039","21.000000","23.757035","DDS demands","Known Flow","564627.269800","161768.361200","","0.000000","","","","-9.779999","-8.745450","-9.779999","","","","","","D1 PROFILE"
"96110002794237","Nodes","2794237","21.000000","23.685713","Default Known Flow Node","Known Flow","564614.559554","161788.263090","","0.000000","","","","","0.000000","0.000000","","","","","",""
"96110005802030","Nodes","5802030","21.000000","23.953747","DDS demands","Known Flow","564629.769800","161628.611200","","0.000000","","","","-5.469999","-4.891371","-5.469999","","","","","","D1 PROFILE"
"96110002794230","Nodes","2794230","21.000000","23.952305","Default Known Flow Node","Known Flow","564577.752640","161613.495262","","0.000000","","","","","0.000000","0.000000","","","","","",""
"96110002794248","Nodes","2794248","21.000000","23.884007","Default Known Flow Node","Known Flow","564675.394800","161746.861200","","0.000000","","","","","0.000000","0.000000","","","","","",""
"96110002794242","Nodes","2794242","21.000000","23.759279","Default Known Flow Node","Known Flow","564629.858359","161761.177515","","0.000000","","","","","0.000000","0.000000","","","","","",""
"96110002794249","Nodes","2794249","21.000000","24.091002","Default Known Flow Node","Known Flow","564689.589165","161672.848067","","0.000000","","","","","0.000000","0.000000","","","","","",""
"96110000496955","Nodes","496955","21.000000","24.497287","Default Known Flow Node","Known Flow","564891.019900","161652.236200","","0.000000","","","","","0.000000","0.000000","","","","","",""
"96110002794216","Nodes","2794216","21.000000","23.802113","Default Known Flow Node","Known Flow","564520.144800","161680.736200","","0.000000","","","","","0.000000","0.000000","","","","","",""
"96110002794219","Nodes","2794219","21.000000","23.766461","Default Known Flow Node","Known Flow","564547.019800","161681.111200","","0.000000","","","","","0.000000","0.000000","","","","","",""
"96110002794225","Nodes","2794225","21.000000","23.677443","Default Known Flow Node","Known Flow","564560.988025","161774.072685","","0.000000","","","","","0.000000","0.000000","","","","","",""
"96110002794217","Nodes","2794217","21.000000","23.677443","Default Known Flow Node","Known Flow","564539.144800","161767.486200","","0.000000","","","","","0.000000","0.000000","","","","","",""
"96110002794233","Nodes","2794233","21.000000","23.666649","Default Known Flow Node","Known Flow","564584.308691","161816.973909","","0.000000","","","","","0.000000","0.000000","","","","","",""
"96110002794235","Nodes","2794235","21.000000","23.725965","Default Known Flow Node","Known Flow","564592.998939","161741.071743","","0.000000","","","","","0.000000","0.000000","","","","","",""
"96110002794243","Nodes","2794243","21.000000","23.854305","Default Known Flow Node","Known Flow","564635.027608","161689.861886","","0.000000","","","","","0.000000","0.000000","","","","","",""
"96110005802040","Nodes","5802040","21.000000","23.817605","DDS demands","Known Flow","564649.408113","161775.763005","","0.000000","","","","-9.340000","-8.351995","-9.340000","","","","","","D1 PROFILE"
"96110002794245","Nodes","2794245","21.000000","23.826122","Default Known Flow Node","Known Flow","564651.244904","161778.096811","","0.000000","","","","","0.000000","0.000000","","","","","",""
"96110005802036","Nodes","5802036","21.000000","23.663846","DDS demands","Known Flow","564555.047856","161790.463152","","0.000000","","","","-14.069999","-12.581645","-14.069999","","","","","","D1 PROFILE"
"96110002794215","Nodes","2794215","21.000000","23.709080","Default Known Flow Node","Known Flow","564507.644800","161774.111200","","0.000000","","","","","0.000000","0.000000","","","","","",""
"96110005802049","Nodes","5802049","21.000000","23.841568","Default Known Flow Node","Known Flow","564672.551690","161795.362655","","0.000000","","","","","0.000000","0.000000","","","","","",""
"96110005802035","Nodes","5802035","21.000000","23.717721","DDS demands","Known Flow","564589.038826","161739.751705","","0.000000","","","","-9.819999","-8.781219","-9.819999","","","","","","D1 PROFILE"
"96110005802013","Nodes","5802013","21.000000","24.853601","DDS demands","Known Flow","564179.305863","161724.995334","","0.000000","","","","-3.710000","-3.317548","-3.710000","","","","","","D1 PROFILE"
"96110005802069","Nodes","5802069","21.000000","24.532376","DDS demands","Known Flow","564243.169789","161723.524610","","0.000000","","","","-5.820000","-5.204348","-5.820000","","","","","","D1 PROFILE"
"96110005802015","Nodes","5802015","21.000000","24.407588","DDS demands","Known Flow","564241.858801","161693.014333","","0.000000","","","","-4.689999","-4.193881","-4.689999","","","","","","D1 PROFILE"
"96110005802014","Nodes","5802014","21.000000","24.880804","Default Known Flow Node","Known Flow","564178.262300","161751.204400","","0.000000","","","","","0.000000","0.000000","","","","","",""
"96110000117595","Nodes","117595","21.000000","24.004244","Default Known Flow Node","Known Flow","563974.517158","161680.935516","","0.000000","","","","","0.000000","0.000000","","","","","",""
"96110000117611","Nodes","117611","21.000000","24.374009","Default Known Flow Node","Known Flow","564171.808429","161617.147617","","0.000000","","","","","0.000000","0.000000","","","","","",""
"96110000117617","Nodes","117617","21.000000","24.374009","Default Known Flow Node","Known Flow","564218.388124","161619.483471","","0.000000","","","","","0.000000","0.000000","","","","","",""
"96110000003658","Nodes","Logger 3658, 59 Timberbank","21.000000","24.108324","Val Log Post","Known Flow","564012.250058","161691.579573","","0.000000","","","","","0.000000","0.000000","","","","","",""
"96110000117604","Nodes","117604","21.000000","24.198515","Default Known Flow Node","Known Flow","564039.902080","161700.703051","","0.000000","","","","","0.000000","0.000000","","","","","",""
"96110000117599","Nodes","117599","21.000000","24.153829","Default Known Flow Node","Known Flow","563994.455600","161724.905200","","0.000000","","","","","0.000000","0.000000","","","","","",""
"96110005802012","Nodes","5802012","21.000000","24.685475","DDS demands","Known Flow","564143.214261","161705.580105","","0.000000","","","","-11.770000","-10.524945","-11.770000","","","","","","D1 PROFILE"
"96110000117613","Nodes","117613","21.000000","24.826981","Default Known Flow Node","Known Flow","564175.034900","161722.165300","","0.000000","","","","","0.000000","0.000000","","","","","",""
"96110005802017","Nodes","5802017","21.000000","24.212479","DDS demands","Known Flow","564303.508000","161681.502400","","0.000000","","","","-15.540000","-13.896146","-15.540000","","","","","","D1 PROFILE"
"96110000117625","Nodes","117625","21.000000","24.259964","Default Known Flow Node","Known Flow","564302.164270","161674.898856","","0.000000","","","","","0.000000","0.000000","","","","","",""
"96110000117627","Nodes","117627","21.000000","24.192671","Default Known Flow Node","Known Flow","564310.769700","161681.861200","","0.000000","","","","","0.000000","0.000000","","","","","",""
"96110005802011","Nodes","5802011","21.000000","24.091990","DDS demands","Known Flow","564007.181460","161690.115311","","0.000000","","","","-15.869999","-14.191237","-15.869999","","","","","","D1 PROFILE"
"96110005802046","Nodes","5802046","21.000000","24.912339","DDS demands","Known Flow","564843.269900","161763.486200","","0.000000","","","","-12.149999","-10.864747","-12.149999","","","","","","D1 PROFILE"
"96110000304565","Nodes","304565","21.000000","24.892925","Default Known Flow Node","Known Flow","564851.019900","161764.236200","","0.000000","","","","","0.000000","0.000000","","","","","",""
"96110005802019","Nodes","5802019","21.000000","24.246920","DDS demands","Known Flow","564054.713651","161705.715332","","0.000000","","","","-12.020000","-10.748499","-12.020000","","","","","","D1 PROFILE"
"96110000117608","Nodes","117608","21.000000","24.220415","Default Known Flow Node","Known Flow","564144.772318","161624.237339","","0.000000","","","","","0.000000","0.000000","","","","","",""
"96110000003706","Nodes","3706","21.000000","24.325325","Default Known Flow Node","Known Flow","563572.368359","161287.568001","","0.000000","","","","","0.000000","0.000000","","","","","",""
"96110000003710","Nodes","3710","21.000000","36.063147","Default Known Flow Node","Known Flow","563997.263030","160190.874084","","0.000000","","","","","0.000000","0.000000","","","","","",""
"96110000003711","Nodes","3711","21.000000","37.174625","Default Known Flow Node","Known Flow","564026.902533","160199.301701","","0.000000","","","","","0.000000","0.000000","","","","","",""
"96110000003712","Nodes","3712","21.000000","35.807079","DDS demands","Known Flow","563964.109410","160278.467875","","0.000000","","","","-5.670000","-5.070216","-5.670000","","","","","","D1 PROFILE"
"96110000003713","Nodes","3713","21.000000","35.796784","Default Known Flow Node","Known Flow","564006.065357","160356.277428","","0.000000","","","","","0.000000","0.000000","","","","","",""
"96110000003714","Nodes","3714","21.000000","35.810654","Default Known Flow Node","Known Flow","563962.838355","160274.864577","","0.000000","","","","","0.000000","0.000000","","","","","",""
"96110000003715","Nodes","3715","21.000000","35.680030","Default Known Flow Node","Known Flow","563998.144600","160246.985800","","0.000000","","","","","0.000000","0.000000","","","","","",""
"96110000003718","Nodes","3718","21.000000","39.816605","Default Known Flow Node","Known Flow","564263.161507","160220.442166","","0.000000","","","","","0.000000","0.000000","","","","","",""
"96110000003720","Nodes","3720","21.000000","35.741793","Default Known Flow Node","Known Flow","563961.838468","160255.581046","","0.000000","","","","","0.000000","0.000000","","","","","",""
"96110000003721","Nodes","3721","21.000000","35.741793","Default Known Flow Node","Known Flow","563959.553012","160255.223943","","0.000000","","","","","0.000000","0.000000","","","","","",""
"96110000003703","Nodes","3703","21.000000","23.956291","Default Known Flow Node","Known Flow","563973.503438","161680.653927","","0.000000","","","","","0.000000","0.000000","","","","","",""
"96110000003731","Nodes","3731","21.000000","24.259378","Default Known Flow Node","Known Flow","564301.806728","161672.634421","","0.000000","","","","","0.000000","0.000000","","","","","",""
"96110000003738","Nodes","3738","21.000000","24.343555","Default Known Flow Node","Known Flow","564250.201455","161678.712641","","0.000000","","","","","0.000000","0.000000","","","","","",""
"96110000003739","Nodes","3739","21.000000","24.401110","Default Known Flow Node","Known Flow","564241.620439","161691.345802","","0.000000","","","","","0.000000","0.000000","","","","","",""
"96110000003742","Nodes","3742","21.000000","24.241255","Default Known Flow Node","Known Flow","564231.304028","161667.024989","","0.000000","","","","","0.000000","0.000000","","","","","",""
"96110000003745","Nodes","3745","21.000000","24.153829","Default Known Flow Node","Known Flow","564026.047910","161696.648172","","0.000000","","","","","0.000000","0.000000","","","","","",""
"96110000003746","Nodes","3746","21.000000","24.153829","Default Known Flow Node","Known Flow","564005.773516","161700.083555","","0.000000","","","","","0.000000","0.000000","","","","","",""
"96110000003755","Nodes","3755","21.000000","24.376353","Default Known Flow Node","Known Flow","564077.915280","161711.838264","","0.000000","","","","","0.000000","0.000000","","","","","",""
"96110000003760","Nodes","3760","21.000000","24.381601","Default Known Flow Node","Known Flow","564079.380831","161712.135556","","0.000000","","","","","0.000000","0.000000","","","","","",""
"96110000003759","Nodes","3759","21.000000","24.158272","Default Known Flow Node","Known Flow","564064.400306","161698.450340","","0.000000","","","","","0.000000","0.000000","","","","","",""
"96110000003764","Nodes","3764","21.000000","24.129938","Default Known Flow Node","Known Flow","564140.509388","161687.328523","","0.000000","","","","","0.000000","0.000000","","","","","",""
"96110000003768","Nodes","3768","21.000000","24.374009","Default Known Flow Node","Known Flow","564220.311770","161620.033084","","0.000000","","","","","0.000000","0.000000","","","","","",""
"96110000003765","Nodes","3765","21.000000","24.220415","Default Known Flow Node","Known Flow","564142.560898","161624.237339","","0.000000","","","","","0.000000","0.000000","","","","","",""
"96110000003782","Nodes","3782","21.000000","24.897218","Default Known Flow Node","Known Flow","564173.875689","161749.598714","","0.000000","","","","","0.000000","0.000000","","","","","",""
"96110000003783","Nodes","3783","21.000000","24.897218","Default Known Flow Node","Known Flow","564174.881277","161748.526087","","0.000000","","","","","0.000000","0.000000","","","","","",""
"96110000003784","Nodes","3784","21.000000","24.346331","Default Known Flow Node","Known Flow","564220.048720","161689.915633","","0.000000","","","","","0.000000","0.000000","","","","","",""
"96110000003785","Nodes","3785","21.000000","24.879101","Default Known Flow Node","Known Flow","564183.998606","161726.000922","","0.000000","","","","","0.000000","0.000000","","","","","",""
"96110000003788","Nodes","3788","21.000000","24.328025","Default Known Flow Node","Known Flow","564235.065497","161690.869079","","0.000000","","","","","0.000000","0.000000","","","","","",""
"96110000003812","Nodes","3812","21.000000","24.902020","Default Known Flow Node","Known Flow","564843.137900","161766.215200","","0.000000","","","","","0.000000","0.000000","","","","","",""
"96110000003813","Nodes","3813","21.000000","24.892925","Default Known Flow Node","Known Flow","564850.107900","161766.971200","","0.000000","","","","","0.000000","0.000000","","","","","",""
"96110000003843","Nodes","3843","21.000000","24.914240","Default Known Flow Node","Known Flow","564842.592600","161760.852300","","0.000000","","","","","0.000000","0.000000","","","","","",""
"96110000003732","Nodes","3732","21.000000","24.216488","Default Known Flow Node","Known Flow","564302.283451","161681.692160","","0.000000","","","","","0.000000","0.000000","","","","","",""
"96110000003756","Nodes","3756","21.000000","24.686852","Default Known Flow Node","Known Flow","564143.333569","161705.341489","","0.000000","","","","","0.000000","0.000000","","","","","",""
"96110005802016","Nodes","5802016","21.000000","24.283555","DDS demands","Known Flow","564219.899560","161667.574602","","0.000000","","","","-17.219999","-15.398431","-17.219999","","","","","","D1 PROFILE"
"96110005802001","Nodes","VIGO VILLAGE (TIMBERBANK DG), Tel, Site ID 3652","21.000000","24.999999","Default Known Pressure Node","Known Pressure","564171.127082","161752.079164","","1299.999936","","","","","372.136327","416.158433","","","","","",""
"96110005802002","Nodes","VIGO (CHESTNUT LANE DG), Tel, Site ID 3651","21.000000","24.999999","Default Known Pressure Node","Known Pressure","564869.033900","161762.684200","","1299.999936","","","","","351.715191","393.321571","","","","","",""
"96110000000003","Nodes","3","21.000000","35.775270","DDS demands","Known Flow","563977.877460","160321.363733","","0.000000","","","","-4.099999","-3.666293","-4.099999","","","","","","D1 PROFILE"
"96110000000006","Nodes","6","21.000000","37.685090","DDS demands","Known Flow","564082.681934","160204.158294","","0.000000","","","","-17.290000","-15.461028","-17.290000","","","","","","D1 PROFILE"
"96110000000007","Nodes","7","21.000000","38.047042","DDS demands","Known Flow","564110.893026","160203.944033","","0.000000","","","","-33.240000","-29.723803","-33.240000","","","","","","D1 PROFILE"
"96110000000012","Nodes","12","21.000000","24.362336","DDS demands","Known Flow","564100.754008","160041.020265","","0.000000","","","-4.019999","-20.510000","-21.935164","-24.530001","","","","","C4 PROFILE","D1 PROFILE"
"96110000000004","Nodes","4","21.000000","35.648580","DDS demands","Known Flow","563978.907965","160219.799381","","0.000000","","","-13.460000","-20.260001","-30.153029","-33.720001","","","","","C4 PROFILE","D1 PROFILE"
"96110000000010","Nodes","10","21.000000","24.283417","DDS demands","Known Flow","564102.144700","160035.735800","","0.000000","","","","-16.620000","-14.861901","-16.620000","","","","","","D1 PROFILE"
"96110000000011","Nodes","11","21.000000","24.362336","Default Known Flow Node","Known Flow","564095.750667","160037.868587","","0.000000","","","","","0.000000","0.000000","","","","","",""
"96110000000008","Nodes","SCHOOL LANE (TROTTISCLIFFE DG)","21.000000","40.000000","Default Known Pressure Node","Known Pressure","564268.589464","160223.941770","","99999.998097","","","","","120.871438","135.170005","","","","","",""
"96105200003051","Nodes","3051","21.000000","23.991504","Default Known Flow Node","Known Flow","564417.434366","161664.100123","","0.000000","","","","","0.000000","0.000000","","","","","",""
"96105200003054","Nodes","3054","21.000000","23.978181","Default Known Flow Node","Known Flow","564429.913171","161678.341923","","0.000000","","","","","0.000000","0.000000","","","","","",""
"96105200003049","Nodes","3049","21.000000","24.276971","Default Known Flow Node","Known Flow","563641.241789","161341.469841","","0.000000","","","","","0.000000","0.000000","","","","","",""
"96105200003047","Nodes","3047","21.000000","24.276971","Default Known Flow Node","Known Flow","563588.841769","161367.419726","","0.000000","","","","","0.000000","0.000000","","","","","",""
"96105200003050","Nodes","3050","21.000000","23.991504","Default Known Flow Node","Known Flow","564404.638318","161708.977708","","0.000000","","","","","0.000000","0.000000","","","","","",""
"96105200003052","Nodes","3052","21.000000","23.978181","Default Known Flow Node","Known Flow","564456.780773","161690.650974","","0.000000","","","","","0.000000","0.000000","","","","","",""
"96105200003053","Nodes","3053","21.000000","23.978181","Default Known Flow Node","Known Flow","564437.970247","161678.775204","","0.000000","","","","","0.000000","0.000000","","","","","",""
"96110000233840","Nodes","233840","21.000000","23.341855","Default Known Flow Node","Known Flow","564655.019800","161980.861300","","0.000000","","","","","0.000000","0.000000","","","","","",""
"96110000003055","Nodes","SOUTHFIELD SHAW PK HOMES DG","21.000000","49.999970","Default Known Pressure Node","Known Pressure","564558.617559","161994.703905","","0.000000","","","","","31.896749","35.669997","","","","","",""
"96110000003057","Nodes","","21.000000","48.334519","Default Known Flow Node","Known Flow","564482.445784","162279.078532","","0.000000","","","","","0.000000","0.000000","","","","","",""
"96110000003058","Nodes","3058","21.000000","48.334519","Default Known Flow Node","Known Flow","564534.242591","162334.937833","","0.000000","","","","","0.000000","0.000000","","","","","",""
"96110000003059","Nodes","3059","21.000000","48.334519","Default Known Flow Node","Known Flow","564476.352042","162326.305032","","0.000000","","","","","0.000000","0.000000","","","","","",""
"96110000003060","Nodes","3060","21.000000","48.334519","Default Known Flow Node","Known Flow","564517.484801","162380.640898","","0.000000","","","","","0.000000","0.000000","","","","","",""
"96110000003061","Nodes","3061","21.000000","48.334519","Default Known Flow Node","Known Flow","564476.859854","162411.617420","","0.000000","","","","","0.000000","0.000000","","","","","",""
"96110000003062","Nodes","3062","21.000000","48.334519","Default Known Flow Node","Known Flow","564465.687994","162375.054968","","0.000000","","","","","0.000000","0.000000","","","","","",""
