"NAME","TYPE","NodeDescription","NodeMinimumPressure","NodePressure","NodeSymbolName","NodeStatus","NodeXCoordinate","NodeYCoordinate","NodeFlowByCategory(Base Thermal)","NodeFlowByCategory(Base Volumetric)","NodeFlowByCategory(C1)","NodeFlowByCategory(C2)","NodeFlowByCategory(C3)","NodeFlowByCategory(C4)","NodeFlowByCategory(CC)","NodeFlowByCategory(CT)","NodeFlowByCategory(D1)","NodeFlowByCategory(DC)","NodeFlowByCategory(PL-AF)","NodeThermalFlow","NodeResultFlow","NodeFlowProfileNameByCategory(Base Thermal)","NodeFlowProfileNameByCategory(Base Volumetric)","NodeFlowProfileNameByCategory(C1)","NodeFlowProfileNameByCategory(C2)","NodeFlowProfileNameByCategory(C3)","NodeFlowProfileNameByCategory(C4)","NodeFlowProfileNameByCategory(CC)","NodeFlowProfileNameByCategory(CT)","NodeFlowProfileNameByCategory(D1)","NodeFlowProfileNameByCategory(DC)","NodeFlowProfileNameByCategory(PL-AF)"
"60206300000201","Nodes","201","21.000000","23.991837","DDS demands","Known Flow","313061.399240","717826.380959","","0.000000","","","","","","","-21.829999","","","-19.520775","-21.829999","","","","","","","","","D1 PROFILE","",""
"60206300001003","Nodes","1003","21.000000","23.976486","Default Known Flow Node","Known Flow","313086.305981","717888.950715","","0.000000","","","","","","","","","","0.000000","0.000000","","","","","","","","","","",""
"60206300002401","Nodes","-96","21.000000","23.996799","Default Known Flow Node","Known Flow","313136.944221","717976.992641","","0.000000","","","","","","","","","","0.000000","0.000000","","","","","","","","","","",""
"60206300000038","Nodes","38","21.000000","24.359126","DDS demands","Known Flow","312872.246291","717656.997491","","0.000000","","","","","","","-13.020000","","","-11.642717","-13.020000","","","","","","","","","D1 PROFILE","",""
"60206300001002","Nodes","1002","21.000000","24.251157","Default Known Flow Node","Known Flow","312938.339584","717681.443865","","0.000000","","","","","","","","","","0.000000","0.000000","","","","","","","","","","",""
"60206300000186","Nodes","186","21.000000","28.157354","DDS demands","Known Flow","313067.322827","717824.089218","","0.000000","","","","","","","-10.640000","","","-9.514479","-10.640000","","","","","","","","","D1 PROFILE","",""
"60206300001001","Nodes","1001","21.000000","29.159633","Default Known Flow Node","Known Flow","313092.390675","717886.879264","","0.000000","","","","","","","","","","0.000000","0.000000","","","","","","","","","","",""
"60206300000137","Nodes","137","21.000000","33.477846","Default Known Flow Node","Known Flow","313241.452392","718050.446598","","0.000000","","","","","","","","","","0.000000","0.000000","","","","","","","","","","",""
"60206300000067","Nodes","67","21.000000","23.528199","DDS demands","Known Flow","313231.792161","717398.105620","","0.000000","","","","","","","-4.750000","","","-4.247535","-4.750000","","","","","","","","","D1 PROFILE","",""
"60206300000068","Nodes","68","21.000000","22.762059","DDS demands","Known Flow","313243.712246","717279.425753","","0.000000","","","","","","","-20.189999","","","-18.054258","-20.189999","","","","","","","","","D1 PROFILE","",""
"60206300000182","Nodes","182","21.000000","24.820886","DDS demands","Known Flow","312913.025302","717663.832492","","0.000000","","","","","","","-10.069999","","","-9.004774","-10.069999","","","","","","","","","D1 PROFILE","",""
"60206300000145","Nodes","145","21.000000","22.834374","DDS demands","Known Flow","312146.509712","717322.060782","","0.000000","","","","","","","-1.580000","","","-1.412864","-1.580000","","","","","","","","","D1 PROFILE","",""
"60206300000142","Nodes","142","21.000000","23.342948","DDS demands","Known Flow","312406.420164","717461.484437","","0.000000","","","","","","","-3.089999","","","-2.763133","-3.089999","","","","","","","","","D1 PROFILE","",""
"60206300000176","Nodes","P07115370, Kintillo Road, -70.25","24.000000","24.026553","CSEP DDS Matched","Known Flow","313051.047874","717416.700116","","0.000000","","","","","","","","-70.249998","","-62.818807","-70.249998","","","","","","","","","","DC PROFILE",""
"60206300000041","Nodes","41","21.000000","24.007834","DDS demands","Known Flow","312948.155312","717421.996427","","0.000000","","","","","","","-14.290000","","","-12.778373","-14.290000","","","","","","","","","D1 PROFILE","",""
"60206300000154","Nodes","154","21.000000","23.970849","Default Known Flow Node","Known Flow","312946.746300","717380.547763","","0.000000","","","","","","","","","","0.000000","0.000000","","","","","","","","","","",""
"60206300000175","Nodes","175","21.000000","23.935610","Default Known Flow Node","Known Flow","312937.328309","717333.639403","","0.000000","","","","","","","","","","0.000000","0.000000","","","","","","","","","","",""
"60206300002347","Nodes","-1462497","21.000000","23.935610","Default Known Flow Node","Known Flow","312935.365308","717327.336401","","0.000000","","","","","","","","","","0.000000","0.000000","","","","","","","","","","",""
"60206300000081","Nodes","81","21.000000","23.954021","DDS demands","Known Flow","312968.729723","717319.235783","","0.000000","","","","","","","-16.520000","","","-14.772480","-16.520000","","","","","","","","","D1 PROFILE","",""
"60206300000082","Nodes","82","21.000000","23.944883","DDS demands","Known Flow","312906.083300","717191.298364","","0.000000","","","","","","","-14.630000","","","-13.082408","-14.630000","","","","","","","","","D1 PROFILE","",""
"60206300000085","Nodes","85","21.000000","23.474022","DDS demands","Known Flow","312997.972325","717147.968352","","0.000000","","","","","","","-9.469999","","","-8.468243","-9.469999","","","","","","","","","D1 PROFILE","",""
"60206300002357","Nodes","-1462533","21.000000","23.517732","Default Known Flow Node","Known Flow","312984.301322","717118.067344","","0.000000","","","","","","","","","","0.000000","0.000000","","","","","","","","","","",""
"60206300000084","Nodes","84","21.000000","23.462246","DDS demands","Known Flow","312948.668768","717151.254038","","0.000000","","","","","","","-15.940000","","","-14.253833","-15.940000","","","","","","","","","D1 PROFILE","",""
"60206300000086","Nodes","86","21.000000","23.419911","DDS demands","Known Flow","312941.703310","717134.654348","","0.000000","","","","","","","-5.659999","","","-5.061273","-5.659999","","","","","","","","","D1 PROFILE","",""
"60206300000083","Nodes","83","21.000000","23.936565","DDS demands","Known Flow","312870.086290","717150.703353","","0.000000","","","","","","","-1.150000","","","-1.028350","-1.150000","","","","","","","","","D1 PROFILE","",""
"60206300002374","Nodes","-4","21.000000","23.489449","DDS demands","Known Flow","312957.481314","717169.644358","","0.000000","","","","","","","-12.050000","","","-10.775325","-12.050000","","","","","","","","","D1 PROFILE","",""
"60206300002344","Nodes","-1462489","21.000000","23.863862","Default Known Flow Node","Known Flow","312999.452326","717391.182418","","0.000000","","","","","","","","","","0.000000","0.000000","","","","","","","","","","",""
"60206300000088","Nodes","88","21.000000","23.258671","DDS demands","Known Flow","313041.266337","717233.069375","","0.000000","","","","","","","-5.519999","","","-4.936082","-5.519999","","","","","","","","","D1 PROFILE","",""
"60206300000071","Nodes","71","21.000000","22.251559","DDS demands","Known Flow","313285.198403","717039.199322","","0.000000","","","","","","","-5.530000","","","-4.945025","-5.530000","","","","","","","","","D1 PROFILE","",""
"60206300000070","Nodes","70","21.000000","22.475370","DDS demands","Known Flow","313266.724398","717148.174352","","0.000000","","","","","","","-9.119999","","","-8.155266","-9.119999","","","","","","","","","D1 PROFILE","",""
"60206300000069","Nodes","69","21.000000","22.609811","DDS demands","Known Flow","313255.934395","717219.061371","","0.000000","","","","","","","-5.409999","","","-4.837718","-5.409999","","","","","","","","","D1 PROFILE","",""
"60206300002367","Nodes","-1462556","21.000000","22.609811","Default Known Flow Node","Known Flow","313227.513388","717213.347370","","0.000000","","","","","","","","","","0.000000","0.000000","","","","","","","","","","",""
"60206300000073","Nodes","73","21.000000","22.242220","DDS demands","Known Flow","313364.205033","717319.543824","","0.000000","","","","","","","-12.239999","","","-10.945226","-12.239999","","","","","","","","","D1 PROFILE","",""
"60206300002371","Nodes","-18","21.000000","21.831184","Default Known Flow Node","Known Flow","313345.153912","717411.212363","","0.000000","","","","","","","","","","0.000000","0.000000","","","","","","","","","","",""
"60206300000066","Nodes","66","21.000000","23.997342","DDS demands","Known Flow","313277.850401","717427.819428","","0.000000","","","","","","","-8.260000","","","-7.386240","-8.260000","","","","","","","","","D1 PROFILE","",""
"60206300002333","Nodes","-14","21.000000","23.590667","Default Known Flow Node","Known Flow","313312.582496","717359.164930","","0.000000","","","","","","","","","","0.000000","0.000000","","","","","","","","","","",""
"60206300001063","Nodes","P08117010, Kintillo Road, -27.42","24.000000","25.508566","CSEP DDS Matched","Known Flow","313394.930433","717487.107444","","0.000000","","","","","","","","-27.419999","","-24.519454","-27.419999","","","","","","","","","","DC PROFILE",""
"60206300000044","Nodes","44","21.000000","24.262996","DDS demands","Known Flow","313230.581389","717447.897434","","0.000000","","","","","","","-11.400000","","","-10.194084","-11.400000","","","","","","","","","D1 PROFILE","",""
"60206300000178","Nodes","178","21.000000","24.167311","DDS demands","Known Flow","313155.105143","717422.293084","","0.000000","","","","","","","-3.319999","","","-2.968803","-3.319999","","","","","","","","","D1 PROFILE","",""
"60206300000129","Nodes","129","21.000000","24.986234","DDS demands","Known Flow","313353.048422","717479.201442","","0.000000","","","","","","","-4.889999","","","-4.372725","-4.889999","","","","","","","","","D1 PROFILE","",""
"60206300000181","Nodes","181","21.000000","23.772342","Default Known Flow Node","Known Flow","313084.328349","717452.235435","","0.000000","","","","","","","","","","0.000000","0.000000","","","","","","","","","","",""
"60206300000072","Nodes","72","21.000000","22.039083","DDS demands","Known Flow","313319.075413","717343.448405","","0.000000","","","","","","","-8.120000","","","-7.261049","-8.120000","","","","","","","","","D1 PROFILE","",""
"60206300000074","Nodes","74","21.000000","21.723441","DDS demands","Known Flow","313369.910426","717418.993426","","0.000000","","","","","","","-8.350000","","","-7.466719","-8.350000","","","","","","","","","D1 PROFILE","",""
"60206300002364","Nodes","-1462549","21.000000","21.824412","Default Known Flow Node","Known Flow","313337.590284","717429.791274","","0.000000","","","","","","","","","","0.000000","0.000000","","","","","","","","","","",""
"60206300002372","Nodes","-34","21.000000","24.362442","Default Known Flow Node","Known Flow","313269.620747","717461.130900","","0.000000","","","","","","","","","","0.000000","0.000000","","","","","","","","","","",""
"60206300000183","Nodes","183","21.000000","24.134483","DDS demands","Known Flow","312916.214794","717577.456936","","0.000000","","","","","","","-2.689999","","","-2.405446","-2.689999","","","","","","","","","D1 PROFILE","",""
"60206300000141","Nodes","141","21.000000","24.410533","DDS demands","Known Flow","312860.217190","717681.540665","","0.000000","","","","","","","-3.240000","","","-2.897266","-3.240000","","","","","","","","","D1 PROFILE","",""
"60206300000143","Nodes","143","21.000000","23.192765","Default Known Flow Node","Known Flow","312651.406138","717505.824996","","0.000000","","","","","","","","","","0.000000","0.000000","","","","","","","","","","",""
"60206300002341","Nodes","-1462478","21.000000","24.359126","Default Known Flow Node","Known Flow","312868.870290","717656.225490","","0.000000","","","","","","","","","","0.000000","0.000000","","","","","","","","","","",""
"60206300000040","Nodes","40","21.000000","23.068569","DDS demands","Known Flow","312578.566211","717557.713464","","0.000000","","-155.050004","","","","","","","","-138.648486","-155.050004","","","","C2 PROFILE","","","","","","",""
"60206300002383","Nodes","-53","21.000000","24.443490","Default Known Flow Node","Known Flow","312901.001299","717628.116483","","0.000000","","","","","","","","","","0.000000","0.000000","","","","","","","","","","",""
"60206300000039","Nodes","39","21.000000","24.568230","DDS demands","Known Flow","312023.325350","717974.305528","","0.000000","","","","","","","-2.819999","","","-2.521694","-2.819999","","","","","","","","","D1 PROFILE","",""
"60206300002389","Nodes","-72","21.000000","24.418240","Default Known Flow Node","Known Flow","312859.024532","717683.250904","","0.000000","","","","","","","","","","0.000000","0.000000","","","","","","","","","","",""
"60206300000045","Nodes","45","21.000000","24.013523","DDS demands","Known Flow","313217.682752","717524.802423","","0.000000","","","","","","","-19.979999","","","-17.866473","-19.979999","","","","","","","","","D1 PROFILE","",""
"60206300000161","Nodes","161","21.000000","24.719205","DDS demands","Known Flow","313348.005944","717534.387491","","0.000000","","","","","","","-7.170000","","","-6.411542","-7.170000","","","","","","","","","D1 PROFILE","",""
"60206300002351","Nodes","-1462510","21.000000","29.826238","Default Known Flow Node","Known Flow","313164.767371","717638.352485","","0.000000","","","","","","","","","","0.000000","0.000000","","","","","","","","","","",""
"60206300000150","Nodes","150","21.000000","29.826238","DDS demands","Known Flow","313192.751378","717678.334496","","0.000000","","","","","","","-7.860000","","","-7.028552","-7.860000","","","","","","","","","D1 PROFILE","",""
"60206300002384","Nodes","-57","21.000000","27.094333","Default Known Flow Node","Known Flow","313439.561339","717646.514245","","0.000000","","","","","","","","","","0.000000","0.000000","","","","","","","","","","",""
"60206300002393","Nodes","-76","21.000000","26.775509","DDS demands","Known Flow","313466.621453","717721.094508","","0.000000","","","","","","","-6.840000","","","-6.116450","-6.840000","","","","","","","","","D1 PROFILE","",""
"60206300002400","Nodes","-95","21.000000","32.392962","Default Known Flow Node","Known Flow","313301.921408","717960.614573","","0.000000","","","","","","","","","","0.000000","0.000000","","","","","","","","","","",""
"60206300000130","Nodes","130","21.000000","24.506192","DDS demands","Known Flow","313341.713079","717607.853991","","0.000000","","","","","","","-13.120000","","","-11.732139","-13.120000","","","","","","","","","D1 PROFILE","",""
"60206300000160","Nodes","160","21.000000","24.410862","DDS demands","Known Flow","313270.620399","717531.726456","","0.000000","","","","","","","-7.620000","","","-6.813940","-7.620000","","","","","","","","","D1 PROFILE","",""
"60206300000159","Nodes","159","21.000000","24.209452","DDS demands","Known Flow","313262.389397","717603.174476","","0.000000","","","","","","","-14.040000","","","-12.554819","-14.040000","","","","","","","","","D1 PROFILE","",""
"60206300000162","Nodes","162","21.000000","24.395243","DDS demands","Known Flow","313334.858417","717677.488496","","0.000000","","","","","","","-8.920000","","","-7.976423","-8.920000","","","","","","","","","D1 PROFILE","",""
"60206300002379","Nodes","-49","21.000000","24.189059","Default Known Flow Node","Known Flow","313261.939397","717612.468478","","0.000000","","","","","","","","","","0.000000","0.000000","","","","","","","","","","",""
"60206300002358","Nodes","-1462535","21.000000","24.209452","Default Known Flow Node","Known Flow","313233.180389","717600.450475","","0.000000","","","","","","","","","","0.000000","0.000000","","","","","","","","","","",""
"60206300002360","Nodes","-1462538","21.000000","24.395243","Default Known Flow Node","Known Flow","313292.997406","717681.361497","","0.000000","","","","","","","","","","0.000000","0.000000","","","","","","","","","","",""
"60206300000046","Nodes","46","21.000000","23.232458","DDS demands","Known Flow","313058.209342","717514.048452","","0.000000","","","","","","","-11.340000","","","-10.140432","-11.340000","","","","","","","","","D1 PROFILE","",""
"60206300002378","Nodes","-47","21.000000","23.955175","Default Known Flow Node","Known Flow","313210.652955","717605.521203","","0.000000","","","","","","","","","","0.000000","0.000000","","","","","","","","","","",""
"60206300000128","Nodes","128","21.000000","23.954795","DDS demands","Known Flow","313204.075381","717605.186476","","0.000000","","","","","","","-8.739999","","","-7.815464","-8.739999","","","","","","","","","D1 PROFILE","",""
"60206300000157","Nodes","157","21.000000","23.837816","DDS demands","Known Flow","313093.427496","717590.525991","","0.000000","","","","","","","-7.560000","","","-6.760287","-7.560000","","","","","","","","","D1 PROFILE","",""
"60206300000149","Nodes","149","21.000000","29.906575","DDS demands","Known Flow","313237.460150","717755.490924","","0.000000","","","","","","","-5.480000","","","-4.900314","-5.480000","","","","","","","","","D1 PROFILE","",""
"60206300000153","Nodes","153","21.000000","29.843975","DDS demands","Known Flow","313231.797389","717829.671538","","0.000000","","","","","","","-4.659999","","","-4.167055","-4.659999","","","","","","","","","D1 PROFILE","",""
"60206300000148","Nodes","148","21.000000","30.096276","DDS demands","Known Flow","313284.832149","717759.019152","","0.000000","","","","","","","-10.100000","","","-9.031600","-10.100000","","","","","","","","","D1 PROFILE","",""
"60206300000151","Nodes","151","21.000000","30.081695","DDS demands","Known Flow","313293.544406","717830.187538","","0.000000","","","","","","","-11.979999","","","-10.712730","-11.979999","","","","","","","","","D1 PROFILE","",""
"60206300002395","Nodes","-84","21.000000","30.002020","Default Known Flow Node","Known Flow","313283.411403","717851.785544","","0.000000","","","","","","","","","","0.000000","0.000000","","","","","","","","","","",""
"60206300000147","Nodes","147","21.000000","30.184815","Default Known Flow Node","Known Flow","313313.428411","717803.365530","","0.000000","","","","","","","","","","0.000000","0.000000","","","","","","","","","","",""
"60206300000146","Nodes","146","21.000000","30.360196","Default Known Flow Node","Known Flow","313358.025423","717822.526536","","0.000000","","","","","","","","","","0.000000","0.000000","","","","","","","","","","",""
"60206300002394","Nodes","-79","21.000000","29.365861","Default Known Flow Node","Known Flow","313371.100999","717763.726357","","0.000000","","","","","","","","","","0.000000","0.000000","","","","","","","","","","",""
"60206300000055","Nodes","55","21.000000","31.459416","DDS demands","Known Flow","313353.424422","717881.791552","","0.000000","","","","","","","-3.859999","","","-3.451680","-3.859999","","","","","","","","","D1 PROFILE","",""
"60206300000167","Nodes","167","21.000000","31.439813","Default Known Flow Node","Known Flow","313358.477423","717882.845552","","0.000000","","","","","","","","","","0.000000","0.000000","","","","","","","","","","",""
"60206300000036","Nodes","36","21.000000","31.082264","DDS demands","Known Flow","313365.600425","717881.916552","","0.000000","","","","","","","-3.390000","","","-3.031398","-3.390000","","","","","","","","","D1 PROFILE","",""
"60206300000166","Nodes","166","21.000000","29.746163","DDS demands","Known Flow","313385.714431","717918.239562","","0.000000","","","","","","","-3.790000","","","-3.389085","-3.790000","","","","","","","","","D1 PROFILE","",""
"60206300000100","Nodes","100","21.000000","27.222850","DDS demands","Known Flow","313403.489436","717638.044485","","0.000000","","","","","","","-1.970000","","","-1.761609","-1.970000","","","","","","","","","D1 PROFILE","",""
"60206300002375","Nodes","-40","21.000000","26.076090","Default Known Flow Node","Known Flow","313426.921725","717542.772523","","0.000000","","","","","","","","","","0.000000","0.000000","","","","","","","","","","",""
"60206300000168","Nodes","168","21.000000","29.535601","DDS demands","Known Flow","313452.995449","717870.312549","","0.000000","","","","","","","-16.569999","","","-14.817190","-16.569999","","","","","","","","","D1 PROFILE","",""
"60206300002350","Nodes","-1462504","21.000000","23.955268","Default Known Flow Node","Known Flow","313218.504312","717606.117950","","0.000000","","","","","","","","","","0.000000","0.000000","","","","","","","","","","",""
"60206300000152","Nodes","152","21.000000","29.366286","DDS demands","Known Flow","313217.433385","717844.524542","","0.000000","","","","","","","-7.690000","","","-6.876535","-7.690000","","","","","","","","","D1 PROFILE","",""
"60206300002340","Nodes","-1462477","21.000000","30.002020","Default Known Flow Node","Known Flow","313289.388405","717854.227544","","0.000000","","","","","","","","","","0.000000","0.000000","","","","","","","","","","",""
"60206300002391","Nodes","-74","21.000000","28.212684","Default Known Flow Node","Known Flow","313388.980435","717696.185826","","0.000000","","","","","","","","","","0.000000","0.000000","","","","","","","","","","",""
"60206300002392","Nodes","-75","21.000000","28.229434","Default Known Flow Node","Known Flow","313408.427437","717701.561503","","0.000000","","","","","","","","","","0.000000","0.000000","","","","","","","","","","",""
"60206300002349","Nodes","-1462499","21.000000","28.229434","Default Known Flow Node","Known Flow","313426.543442","717706.235504","","0.000000","","","","","","","","","","0.000000","0.000000","","","","","","","","","","",""
"60206300002385","Nodes","-58","21.000000","26.992325","Default Known Flow Node","Known Flow","313468.132453","717653.472490","","0.000000","","","","","","","","","","0.000000","0.000000","","","","","","","","","","",""
"60206300002353","Nodes","-1462518","21.000000","27.132935","Default Known Flow Node","Known Flow","313448.470448","717616.734480","","0.000000","","","","","","","","","","0.000000","0.000000","","","","","","","","","","",""
"60206300002390","Nodes","-73","21.000000","26.868455","Default Known Flow Node","Known Flow","313473.989455","717688.092499","","0.000000","","","","","","","","","","0.000000","0.000000","","","","","","","","","","",""
"60206300002387","Nodes","-66","21.000000","26.874414","DDS demands","Known Flow","313472.382454","717676.568496","","0.000000","","","","","","","-7.309999","","","-6.536732","-7.309999","","","","","","","","","D1 PROFILE","",""
"60206300002361","Nodes","-1462542","21.000000","26.992325","Default Known Flow Node","Known Flow","313471.745454","717638.478485","","0.000000","","","","","","","","","","0.000000","0.000000","","","","","","","","","","",""
"60206300002399","Nodes","-94","21.000000","23.865190","Default Known Flow Node","Known Flow","313184.207308","717958.439652","","0.000000","","","","","","","","","","0.000000","0.000000","","","","","","","","","","",""
"60206300002402","Nodes","-99","21.000000","23.996115","Default Known Flow Node","Known Flow","313196.274934","717991.304576","","0.000000","","","","","","","","","","0.000000","0.000000","","","","","","","","","","",""
"60206300000170","Nodes","170","21.000000","29.283837","DDS demands","Known Flow","313514.699466","717926.518564","","0.000000","","","","","","","-4.670000","","","-4.175997","-4.670000","","","","","","","","","D1 PROFILE","",""
"60206300000169","Nodes","169","21.000000","28.805326","DDS demands","Known Flow","313579.094483","717852.800544","","0.000000","","","","","","","-16.430000","","","-14.692001","-16.430000","","","","","","","","","D1 PROFILE","",""
"60206300002386","Nodes","-64","21.000000","26.796901","DDS demands","Known Flow","313504.638672","717666.343921","","0.000000","","","","","","","-8.709999","","","-7.788637","-8.709999","","","","","","","","","D1 PROFILE","",""
"60206300002388","Nodes","-71","21.000000","26.822288","Default Known Flow Node","Known Flow","313500.059719","717682.500524","","0.000000","","","","","","","","","","0.000000","0.000000","","","","","","","","","","",""
"60206300000101","Nodes","101","21.000000","26.788684","DDS demands","Known Flow","313509.092255","717664.110897","","0.000000","","","","","","","-13.560000","","","-12.125594","-13.560000","","","","","","","","","D1 PROFILE","",""
"60206300002382","Nodes","-52","21.000000","26.788137","Default Known Flow Node","Known Flow","313504.872463","717626.100482","","0.000000","","","","","","","","","","0.000000","0.000000","","","","","","","","","","",""
"60206300000171","Nodes","171","21.000000","28.543890","DDS demands","Known Flow","313520.393467","717919.493562","","0.000000","","","","","","","-5.739999","","","-5.132810","-5.739999","","","","","","","","","D1 PROFILE","",""
"60206300002346","Nodes","-1462494","21.000000","26.822288","Default Known Flow Node","Known Flow","313512.154012","717701.639915","","0.000000","","","","","","","","","","0.000000","0.000000","","","","","","","","","","",""
"60206300002355","Nodes","-1462528","21.000000","26.796901","Default Known Flow Node","Known Flow","313505.556553","717668.409322","","0.000000","","","","","","","","","","0.000000","0.000000","","","","","","","","","","",""
"60206300002366","Nodes","-1462554","21.000000","26.831576","Default Known Flow Node","Known Flow","313494.687460","717623.680481","","0.000000","","","","","","","","","","0.000000","0.000000","","","","","","","","","","",""
"60206300000184","Nodes","184","21.000000","23.703921","DDS demands","Known Flow","313510.396566","717988.387398","","0.000000","","","","","","","-6.789999","","","-6.071739","-6.789999","","","","","","","","","D1 PROFILE","",""
"60206300000185","Nodes","P10124915, Clayton Road, -94.89","22.999998","23.260319","CSEP DDS Matched","Known Flow","313575.997483","717961.322573","","0.000000","","","","","","","-1.240000","-94.889996","","-85.961160","-96.129995","","","","","","","","","D1 PROFILE","DC PROFILE",""
"60206300000057","Nodes","57","21.000000","27.780286","DDS demands","Known Flow","313419.973440","718022.727590","","0.000000","","","","","","","-5.119999","","","-4.578395","-5.119999","","","","","","","","","D1 PROFILE","",""
"60206300000138","Nodes","138","21.000000","23.986764","DDS demands","Known Flow","313167.413373","718008.699774","","0.000000","","","","","","","-10.560000","","","-9.442941","-10.560000","","","","","","","","","D1 PROFILE","",""
"60206300000062","Nodes","62","21.000000","25.569825","DDS demands","Known Flow","312945.121311","718284.789661","","0.000000","","","","","","","-18.389999","","","-16.444666","-18.389999","","","","","","","","","D1 PROFILE","",""
"60206300002339","Nodes","-1462476","21.000000","25.308412","Default Known Flow Node","Known Flow","313088.691350","718316.526670","","0.000000","","","","","","","","","","0.000000","0.000000","","","","","","","","","","",""
"60206300000174","Nodes","174","21.000000","27.435966","Default Known Flow Node","Known Flow","313484.588458","718239.612649","","0.000000","","","","","","","","","","0.000000","0.000000","","","","","","","","","","",""
"60206300000120","Nodes","120","21.000000","27.435966","DDS demands","Known Flow","313428.415442","718226.033645","","0.000000","","","","","","","-13.560000","","","-12.125594","-13.560000","","","","","","","","","D1 PROFILE","",""
"60206300002356","Nodes","-1462531","21.000000","30.819497","Default Known Flow Node","Known Flow","313067.434344","718413.430696","","0.000000","","","","","","","","","","0.000000","0.000000","","","","","","","","","","",""
"60206300000121","Nodes","121","21.000000","30.026515","DDS demands","Known Flow","313063.235780","718418.800170","","0.000000","","-51.139998","","","","","-11.709999","","","-56.201593","-62.849998","","","","C2 PROFILE","","","","","D1 PROFILE","",""
"60206300002332","Nodes","-139","21.000000","35.718155","Default Known Flow Node","Known Flow","313221.100386","718363.929683","","0.000000","","","","","","","","","","0.000000","0.000000","","","","","","","","","","",""
"60206300000124","Nodes","124","21.000000","35.718155","DDS demands","Known Flow","313218.309385","718362.448682","","0.000000","","","","","","","-12.709999","","","-11.365509","-12.709999","","","","","","","","","D1 PROFILE","",""
"60206300002327","Nodes","-131","21.000000","30.363142","Default Known Flow Node","Known Flow","313359.481424","718316.825670","","0.000000","","","","","","","","","","0.000000","0.000000","","","","","","","","","","",""
"60206300002326","Nodes","-128","21.000000","30.578588","Default Known Flow Node","Known Flow","313277.340401","718267.790657","","0.000000","","","","","","","","","","0.000000","0.000000","","","","","","","","","","",""
"60206300000140","Nodes","140","21.000000","23.986764","Default Known Flow Node","Known Flow","313098.441353","718090.055608","","0.000000","","","","","","","","","","0.000000","0.000000","","","","","","","","","","",""
"60206300000136","Nodes","Bridge of Earn DG, Clocked, Site ID 1525","21.000000","40.000000","Default Known Pressure Node","Known Pressure","313226.748743","718103.257497","","999998.967025","","","","","","","","","","1233.779292","1379.730034","","","","","","","","","","",""
"60206300002318","Nodes","-105","21.000000","39.535867","Default Known Flow Node","Known Flow","313227.646388","718100.546611","","0.000000","","","","","","","","","","0.000000","0.000000","","","","","","","","","","",""
"60206300000127","Nodes","127","21.000000","37.489169","DDS demands","Known Flow","313175.199387","718230.853844","","0.000000","","-6.000000","","","","","-4.510000","","","-9.398230","-10.509999","","","","C2 PROFILE","","","","","D1 PROFILE","",""
"60206300002328","Nodes","-132","21.000000","33.236181","Default Known Flow Node","Known Flow","313240.261385","718316.980406","","0.000000","","","","","","","","","","0.000000","0.000000","","","","","","","","","","",""
"60206300000122","Nodes","122","21.000000","35.931143","DDS demands","Known Flow","313140.169685","718415.340567","","0.000000","","","","-6.000000","","","-7.329999","","","-11.919924","-13.330000","","","","","","C4 PROFILE","","","D1 PROFILE","",""
"60206300002335","Nodes","-141","21.000000","35.480238","Default Known Flow Node","Known Flow","313133.166532","718413.611350","","0.000000","","","","","","","","","","0.000000","0.000000","","","","","","","","","","",""
"60206300000125","Nodes","125","21.000000","31.203701","DDS demands","Known Flow","313265.000398","718282.177661","","0.000000","","","","","","","-18.549999","","","-16.587741","-18.549999","","","","","","","","","D1 PROFILE","",""
"60206300000064","Nodes","64","21.000000","28.138209","DDS demands","Known Flow","313345.542170","718192.441190","","0.000000","","","","","","","-2.069999","","","-1.851031","-2.069999","","","","","","","","","D1 PROFILE","",""
"60206300002322","Nodes","-115","21.000000","27.553638","Default Known Flow Node","Known Flow","313385.167431","718176.310632","","0.000000","","","","","","","","","","0.000000","0.000000","","","","","","","","","","",""
"60206300000026","Nodes","26","21.000000","28.045513","DDS demands","Known Flow","313003.863023","718441.601159","","0.000000","","","","","","","-8.590000","","","-7.681332","-8.590000","","","","","","","","","D1 PROFILE","",""
"60206300000135","Nodes","135","21.000000","37.364426","DDS demands","Known Flow","313189.359377","718159.470627","","0.000000","","","","","","","-5.480000","","","-4.900314","-5.480000","","","","","","","","","D1 PROFILE","",""
"60206300002368","Nodes","-1462561","21.000000","37.407084","Default Known Flow Node","Known Flow","313114.591357","718153.950626","","0.000000","","","","","","","","","","0.000000","0.000000","","","","","","","","","","",""
"60206300002369","Nodes","-1462562","21.000000","35.675391","Default Known Flow Node","Known Flow","313220.444386","718415.139697","","0.000000","","","","","","","","","","0.000000","0.000000","","","","","","","","","","",""
"60206300002320","Nodes","-109","21.000000","39.212318","Default Known Flow Node","Known Flow","313223.861462","718117.921770","","0.000000","","","","","","","","","","0.000000","0.000000","","","","","","","","","","",""
"60206300002362","Nodes","-1462545","21.000000","33.164189","Default Known Flow Node","Known Flow","313226.032522","718309.084227","","0.000000","","","","","","","","","","0.000000","0.000000","","","","","","","","","","",""
"60206300002324","Nodes","-120","21.000000","28.768432","DDS demands","Known Flow","313324.205622","718212.706755","","0.000000","-1.389999","","","","","","-11.530000","","","-11.553295","-12.919999","","","C1 PROFILE","","","","","","D1 PROFILE","",""
"60206300002354","Nodes","-1462527","21.000000","28.647686","Default Known Flow Node","Known Flow","313275.286401","718173.311631","","0.000000","","","","","","","","","","0.000000","0.000000","","","","","","","","","","",""
"60206300001035","Nodes","1035","21.000000","27.521793","Default Known Flow Node","Known Flow","313389.115432","718177.128632","","0.000000","","","","","","","","","","0.000000","0.000000","","","","","","","","","","",""
"60206300002336","Nodes","-1462468","21.000000","23.986764","Default Known Flow Node","Known Flow","313174.363642","718014.942168","","0.000000","","","","","","","","","","0.000000","0.000000","","","","","","","","","","",""
"60206300002319","Nodes","-108","21.000000","39.265287","Default Known Flow Node","Known Flow","313220.220283","718117.084983","","0.000000","","","","","","","","","","0.000000","0.000000","","","","","","","","","","",""
"60206300000027","Nodes","27","21.000000","24.966806","Default Known Flow Node","Known Flow","312992.566813","718574.178034","","0.000000","","","","","","","","","","0.000000","0.000000","","","","","","","","","","",""
"60206300002345","Nodes","-1462492","21.000000","28.786665","Default Known Flow Node","Known Flow","313040.849337","718534.804729","","0.000000","","","","","","","","","","0.000000","0.000000","","","","","","","","","","",""
"60206300000024","Nodes","24","21.000000","34.379793","DDS demands","Known Flow","313128.517361","718541.497731","","0.000000","","","-2.509999","","","","-1.559999","","","-3.639466","-4.069999","","","","","C3 PROFILE","","","","D1 PROFILE","",""
"60206300002363","Nodes","-1462547","21.000000","50.254789","Default Known Flow Node","Known Flow","313446.940050","719038.108317","","0.000000","","","","","","","","","","0.000000","0.000000","","","","","","","","","","",""
"60206300000134","Nodes","134","21.000000","50.257596","DDS demands","Known Flow","313444.071478","719042.412480","","0.000000","","","","","","","-1.290000","","","-1.153541","-1.290000","","","","","","","","","D1 PROFILE","",""
"60206300000131","Nodes","131","21.000000","49.752942","Default Known Flow Node","Known Flow","313574.518310","719175.786796","","0.000000","","","","","","","","","","0.000000","0.000000","","","","","","","","","","",""
"60206300000065","Nodes","65","21.000000","50.020267","Default Known Flow Node","Known Flow","314619.281766","719166.205901","","0.000000","","","","","","","","","","0.000000","0.000000","","","","","","","","","","",""
"60206300002396","Nodes","-9","21.000000","22.584979","Default Known Flow Node","Known Flow","313276.615505","717285.426371","","0.000000","","","","","","","","","","0.000000","0.000000","","","","","","","","","","",""
"60206300002342","Nodes","-1462486","21.000000","32.228225","Default Known Flow Node","Known Flow","313340.947419","717954.271571","","0.000000","","","","","","","","","","0.000000","0.000000","","","","","","","","","","",""
"60206300002381","Nodes","-51","21.000000","26.388648","Default Known Flow Node","Known Flow","313558.532519","717619.737579","","0.000000","","","","","","","","","","0.000000","0.000000","","","","","","","","","","",""
"60206300002376","Nodes","-43","21.000000","26.388648","Default Known Flow Node","Known Flow","313523.945315","717598.609306","","0.000000","","","","","","","","","","0.000000","0.000000","","","","","","","","","","",""
"60206300000211","Nodes","211","21.000000","26.388648","Default Known Flow Node","Known Flow","313520.522467","717598.947475","","0.000000","","","","","","","","","","0.000000","0.000000","","","","","","","","","","",""
"60206300000209","Nodes","P12130722, Muirmont Crescent, -15.88","22.999998","26.393974","CSEP DDS Matched","Known Flow","313558.728648","717623.240512","","0.000000","","","","","","","","-15.880000","","-14.200180","-15.880000","","","","","","","","","","DC PROFILE",""
"60206300000210","Nodes","210","21.000000","26.388648","Default Known Flow Node","Known Flow","313518.066467","717604.374476","","0.000000","","","","","","","","","","0.000000","0.000000","","","","","","","","","","",""
"60206300002377","Nodes","-44","21.000000","26.388648","Default Known Flow Node","Known Flow","313538.172856","717601.780667","","0.000000","","","","","","","","","","0.000000","0.000000","","","","","","","","","","",""
"60206300002348","Nodes","-1462498","21.000000","26.388648","Default Known Flow Node","Known Flow","313528.363470","717578.433469","","0.000000","","","","","","","","","","0.000000","0.000000","","","","","","","","","","",""
"60206300000102","Nodes","102","21.000000","26.381894","DDS demands","Known Flow","313561.228479","717615.978479","","0.000000","","","","","","","-13.300000","","","-11.893098","-13.300000","","","","","","","","","D1 PROFILE","",""
"60206300000187","Nodes","187","21.000000","37.717091","DDS demands","Known Flow","313193.915916","718218.902049","","0.000000","","","","","","","-12.399999","","","-11.088301","-12.399999","","","","","","","","","D1 PROFILE","",""
"60206300000030","Nodes","30","21.000000","36.427825","DDS demands","Known Flow","313160.129369","718350.088679","","0.000000","","","","","","","-1.669999","","","-1.493343","-1.669999","","","","","","","","","D1 PROFILE","",""
"60206300002331","Nodes","-137","21.000000","36.434441","Default Known Flow Node","Known Flow","313158.604785","718350.011130","","0.000000","","","","","","","","","","0.000000","0.000000","","","","","","","","","","",""
"60206300002337","Nodes","-1462469","21.000000","37.218186","Default Known Flow Node","Known Flow","313186.177376","718249.991652","","0.000000","","","","","","","","","","0.000000","0.000000","","","","","","","","","","",""
"60206300000192","Nodes","192","21.000000","37.218186","DDS demands","Known Flow","313188.558377","718250.718652","","0.000000","","","","","","","-9.710000","","","-8.682855","-9.710000","","","","","","","","","D1 PROFILE","",""
"60206300002325","Nodes","-124","21.000000","37.500762","Default Known Flow Node","Known Flow","313186.379377","718233.563647","","0.000000","","","","","","","","","","0.000000","0.000000","","","","","","","","","","",""
"60206300002343","Nodes","-1462487","21.000000","37.531818","Default Known Flow Node","Known Flow","313169.025372","718260.175655","","0.000000","","","","","","","","","","0.000000","0.000000","","","","","","","","","","",""
"60206300000199","Nodes","199","21.000000","36.518466","DDS demands","Known Flow","313163.232370","718338.230676","","0.000000","","","","-4.130000","","","-4.139999","","","-7.395182","-8.270000","","","","","","C4 PROFILE","","","D1 PROFILE","",""
"60206300002334","Nodes","-140","21.000000","35.289228","Default Known Flow Node","Known Flow","313130.181601","718413.230811","","0.000000","","","","","","","","","","0.000000","0.000000","","","","","","","","","","",""
"60206300002321","Nodes","-110","21.000000","23.986764","Default Known Flow Node","Known Flow","313063.172996","718129.013496","","0.000000","","","","","","","","","","0.000000","0.000000","","","","","","","","","","",""
"60206300002365","Nodes","-1462553","21.000000","36.518466","Default Known Flow Node","Known Flow","313160.143369","718336.907676","","0.000000","","","","","","","","","","0.000000","0.000000","","","","","","","","","","",""
"60206300002330","Nodes","-134","21.000000","36.526155","Default Known Flow Node","Known Flow","313162.595370","718334.179675","","0.000000","","","","","","","","","","0.000000","0.000000","","","","","","","","","","",""
"60206300002329","Nodes","-133","21.000000","36.533556","Default Known Flow Node","Known Flow","313157.810369","718332.320674","","0.000000","","","","","","","","","","0.000000","0.000000","","","","","","","","","","",""
"60206300000200","Nodes","P08116747, Station Road, -24.83","22.999998","25.308412","CSEP DDS Matched","Known Flow","312954.366313","718284.048661","","0.000000","","","","","","","","-24.830000","","-22.203430","-24.830000","","","","","","","","","","DC PROFILE",""
"60206300000193","Nodes","193","21.000000","37.304817","DDS demands","Known Flow","313180.887375","718252.075652","","0.000000","-1.139999","","-2.009999","","","","-1.360000","","","-4.032922","-4.509999","","","C1 PROFILE","","C3 PROFILE","","","","D1 PROFILE","",""
"60206300000189","Nodes","189","21.000000","37.137474","DDS demands","Known Flow","313260.220397","718264.545656","","0.000000","","","","","","","-2.630000","","","-2.351793","-2.630000","","","","","","","","","D1 PROFILE","",""
"60206300002359","Nodes","-1462536","21.000000","23.986764","Default Known Flow Node","Known Flow","313060.855342","718130.890619","","0.000000","","","","","","","","","","0.000000","0.000000","","","","","","","","","","",""
"60206300002380","Nodes","-4904539","21.000000","49.994944","Default Known Flow Node","Known Flow","313247.837656","718799.867920","","0.000000","","","","","","","","","","0.000000","0.000000","","","","","","","","","","",""
"60206300002370","Nodes","-153","21.000000","49.996678","Default Known Flow Node","Known Flow","313244.061392","718792.158799","","0.000000","","","","","","","","","","0.000000","0.000000","","","","","","","","","","",""
"60206300000133","Nodes","Moncrieffe House RRI","21.000000","49.999998","Default Known Pressure Node","Known Pressure","313240.392391","718800.141802","","999998.967025","","","","","","","","","","7.565083","8.460000","","","","","","","","","","",""
"60206300000172","Nodes","172","21.000000","27.582985","DDS demands","Known Flow","313407.093437","718130.340619","","0.000000","","","","","","","-2.470000","","","-2.208718","-2.470000","","","","","","","","","D1 PROFILE","",""
"60206300002373","Nodes","-37","21.000000","25.737472","Default Known Flow Node","Known Flow","313408.709200","717508.982570","","0.000000","","","","","","","","","","0.000000","0.000000","","","","","","","","","","",""
"60206300002323","Nodes","-117","21.000000","23.624558","Default Known Flow Node","Known Flow","313440.697446","718190.522636","","0.000000","","","","","","","","","","0.000000","0.000000","","","","","","","","","","",""
"60206300000052","Nodes","52","21.000000","49.375525","DDS demands","Known Flow","313672.678509","719342.266949","","0.000000","","","","","","","-7.170000","","","-6.411542","-7.170000","","","","","","","","","D1 PROFILE","",""
"60206300001004","Nodes","P00055580, Wicks of Baiglie Road, -22.62","24.000000","25.681506","CSEP DDS Matched","Known Flow","313406.770913","717511.949873","","0.000000","","","","","","","","-22.620000","","-20.227208","-22.620000","","","","","","","","","","DC PROFILE",""
"60206300000173","Nodes","P10124946, Old Edinburgh Road, -18.46","24.000000","28.450076","CSEP DDS Matched","Known Flow","313409.047988","717977.218829","","0.000000","","","","","-5.539999","","","-12.919999","","-16.507262","-18.459999","","","","","","","CC PROFILE","","","DC PROFILE",""
"60206300000158","Nodes","158","21.000000","23.947221","DDS demands","Known Flow","313256.395396","717702.707503","","0.000000","","","","","","","-5.969999","","","-5.338480","-5.969999","","","","","","","","","D1 PROFILE","",""
"60206300000056","Nodes","56","21.000000","23.393018","DDS demands","Known Flow","313605.347491","718170.807630","","0.000000","","","","","","","-5.460000","","","-4.882429","-5.460000","","","","","","","","","D1 PROFILE","",""
"60206300000035","Nodes","P00044679, Clayton Road, -23.63","22.999998","23.562111","CSEP DDS Matched","Known Flow","313441.050446","718188.935635","","0.000000","","","","","","-16.520000","","-23.630000","","-35.902850","-40.150001","","","","","","","","CT PROFILE","","DC PROFILE",""
"60206300002314","Nodes","176","21.000000","24.025139","Default Known Flow Node","Known Flow","312978.175297","717421.170021","","0.000000","","","","","","","","","","0.000000","0.000000","","","","","","","","","","",""
"60206300000087","Nodes","87","21.000000","36.483440","Default Known Flow Node","Known Flow","313175.856374","718289.928663","","0.000000","","","","","","","","","","0.000000","0.000000","","","","","","","","","","",""
"60206300000094","Nodes","94","21.000000","23.606947","Default Known Flow Node","Known Flow","313115.604644","717518.525103","","0.000000","","","","","","","","","","0.000000","0.000000","","","","","","","","","","",""
"60206300000092","Nodes","92","21.000000","23.263775","Default Known Flow Node","Known Flow","313063.009706","717514.402931","","0.000000","","","","","","","","","","0.000000","0.000000","","","","","","","","","","",""
"60206300002313","Nodes","","21.000000","27.669592","Default Known Flow Node","Known Flow","313293.231406","718118.573616","","0.000000","","","","","","","","","","0.000000","0.000000","","","","","","","","","","",""
"60206300001064","Nodes","1064","21.000000","26.388648","Default Known Flow Node","Known Flow","313540.320645","717615.278863","","0.000000","","","","","","","","","","0.000000","0.000000","","","","","","","","","","",""
"60206300002315","Nodes","","21.000000","32.531762","Default Known Flow Node","Known Flow","313227.598388","718055.828599","","0.000000","","","","","","","","","","0.000000","0.000000","","","","","","","","","","",""
"60206300002316","Nodes","","21.000000","31.797118","Default Known Flow Node","Known Flow","313352.113422","717888.868554","","0.000000","","","","","","","","","","0.000000","0.000000","","","","","","","","","","",""
"60206300002000","Nodes","","21.000000","23.193232","Default Known Flow Node","Known Flow","312653.320231","717507.867450","","0.000000","","","","","","","","","","0.000000","0.000000","","","","","","","","","","",""
"60206300002003","Nodes","","21.000000","23.342948","Default Known Flow Node","Known Flow","312406.989164","717470.482440","","0.000000","","","","","","","","","","0.000000","0.000000","","","","","","","","","","",""
"60206300002004","Nodes","","21.000000","22.790650","Default Known Flow Node","Known Flow","312175.509101","717208.883369","","0.000000","","","","","","","","","","0.000000","0.000000","","","","","","","","","","",""
"60206300002005","Nodes","","21.000000","22.790650","Default Known Flow Node","Known Flow","312243.117120","717143.448351","","0.000000","","","","","","","","","","0.000000","0.000000","","","","","","","","","","",""
"60206300002006","Nodes","","21.000000","22.841140","Default Known Flow Node","Known Flow","312139.476092","717319.972399","","0.000000","","","","","","","","","","0.000000","0.000000","","","","","","","","","","",""
"60206300002010","Nodes","","21.000000","22.841140","Default Known Flow Node","Known Flow","312146.196858","717323.281772","","0.000000","","","","","","","","","","0.000000","0.000000","","","","","","","","","","",""
"60206300002008","Nodes","","21.000000","23.342500","Default Known Flow Node","Known Flow","312391.543160","717461.986437","","0.000000","","","","","","","","","","0.000000","0.000000","","","","","","","","","","",""
"60206300002009","Nodes","","21.000000","23.342500","Default Known Flow Node","Known Flow","312373.913155","717468.247439","","0.000000","","","","","","","","","","0.000000","0.000000","","","","","","","","","","",""
"60206300002007","Nodes","","21.000000","23.341309","Default Known Flow Node","Known Flow","312376.762156","717436.814431","","0.000000","","","","","","","","","","0.000000","0.000000","","","","","","","","","","",""
"60206300002011","Nodes","S13131888","21.000000","23.266736","Point Loads","Known Flow","312579.472211","717477.506442","","0.000000","","","","","","","","","-25.850000","-23.115534","-25.850000","","","","","","","","","","","PL-AF PROFILE"
"60206300002013","Nodes","","21.000000","23.341389","Default Known Flow Node","Known Flow","312379.468141","717436.363333","","0.000000","","","","","","","","","","0.000000","0.000000","","","","","","","","","","",""
"60206300002014","Nodes","","21.000000","23.341389","Default Known Flow Node","Known Flow","312380.402157","717446.358433","","0.000000","","","","","","","","","","0.000000","0.000000","","","","","","","","","","",""
"60206300002015","Nodes","","21.000000","24.568230","Default Known Flow Node","Known Flow","312022.092060","717974.280577","","0.000000","","","","","","","","","","0.000000","0.000000","","","","","","","","","","",""
"60206300002017","Nodes","","21.000000","24.015471","Default Known Flow Node","Known Flow","312945.942311","717424.827427","","0.000000","","","","","","","","","","0.000000","0.000000","","","","","","","","","","",""
"60206300002019","Nodes","","21.000000","24.083742","DDS demands","Known Flow","313220.100386","717497.231447","","0.000000","","","","","","","-1.539999","","","-1.377095","-1.539999","","","","","","","","","D1 PROFILE","",""
"60206300002020","Nodes","","21.000000","24.083742","Default Known Flow Node","Known Flow","313202.208381","717495.705447","","0.000000","","","","","","","","","","0.000000","0.000000","","","","","","","","","","",""
"60206300002023","Nodes","","21.000000","23.971957","Default Known Flow Node","Known Flow","312946.807311","717382.060416","","0.000000","","","","","","","","","","0.000000","0.000000","","","","","","","","","","",""
"60206300002080","Nodes","","21.000000","23.863862","DDS demands","Known Flow","312998.822325","717380.129415","","0.000000","","","","","","","-5.780000","","","-5.168579","-5.780000","","","","","","","","","D1 PROFILE","",""
"60206300002029","Nodes","","21.000000","24.140491","Default Known Flow Node","Known Flow","312916.595303","717580.800470","","0.000000","","","","","","","","","","0.000000","0.000000","","","","","","","","","","",""
"60206300002074","Nodes","","21.000000","23.772342","DDS demands","Known Flow","313124.705974","717455.231613","","0.000000","","","","","","","-13.329999","","","-11.919924","-13.329999","","","","","","","","","D1 PROFILE","",""
"60206300002035","Nodes","","21.000000","24.118493","Default Known Flow Node","Known Flow","313128.650361","717420.178426","","0.000000","","","","","","","","","","0.000000","0.000000","","","","","","","","","","",""
"60206300002036","Nodes","","21.000000","24.137294","Default Known Flow Node","Known Flow","313128.895361","717417.999425","","0.000000","","","","","","","","","","0.000000","0.000000","","","","","","","","","","",""
"60206300002038","Nodes","","21.000000","23.980805","Default Known Flow Node","Known Flow","312946.261311","717430.751429","","0.000000","","","","","","","","","","0.000000","0.000000","","","","","","","","","","",""
"60206300002040","Nodes","","21.000000","24.257177","Default Known Flow Node","Known Flow","313229.568388","717450.466434","","0.000000","","","","","","","","","","0.000000","0.000000","","","","","","","","","","",""
"60206300002045","Nodes","","21.000000","23.532503","Default Known Flow Node","Known Flow","313104.197354","717517.584453","","0.000000","","","","","","","","","","0.000000","0.000000","","","","","","","","","","",""
"60206300002046","Nodes","","21.000000","23.532503","Default Known Flow Node","Known Flow","313105.796355","717496.562447","","0.000000","","","","","","","","","","0.000000","0.000000","","","","","","","","","","",""
"60206300002048","Nodes","","21.000000","24.025139","Default Known Flow Node","Known Flow","312978.294320","717423.244427","","0.000000","","","","","","","","","","0.000000","0.000000","","","","","","","","","","",""
"60206300002049","Nodes","","21.000000","23.981493","Default Known Flow Node","Known Flow","312990.993323","717445.171433","","0.000000","","","","","","","","","","0.000000","0.000000","","","","","","","","","","",""
"60206300002039","Nodes","","21.000000","24.026006","Default Known Flow Node","Known Flow","313022.836332","717418.266426","","0.000000","","","","","","","","","","0.000000","0.000000","","","","","","","","","","",""
"60206300002034","Nodes","","21.000000","23.772342","Default Known Flow Node","Known Flow","313153.791368","717457.411436","","0.000000","","","","","","","","","","0.000000","0.000000","","","","","","","","","","",""
"60206300002051","Nodes","","21.000000","23.772342","Default Known Flow Node","Known Flow","313175.528374","717459.705437","","0.000000","","","","","","","","","","0.000000","0.000000","","","","","","","","","","",""
"60206300002052","Nodes","","21.000000","23.953392","Default Known Flow Node","Known Flow","312969.897318","717318.713398","","0.000000","","","","","","","","","","0.000000","0.000000","","","","","","","","","","",""
"60206300002022","Nodes","","21.000000","23.957964","Default Known Flow Node","Known Flow","313214.994384","717559.048464","","0.000000","","","","","","","","","","0.000000","0.000000","","","","","","","","","","",""
"60206300002053","Nodes","","21.000000","23.968423","Default Known Flow Node","Known Flow","313217.556385","717526.258455","","0.000000","","","","","","","","","","0.000000","0.000000","","","","","","","","","","",""
"60206300002056","Nodes","","21.000000","24.248083","Default Known Flow Node","Known Flow","313229.758388","717453.669435","","0.000000","","","","","","","","","","0.000000","0.000000","","","","","","","","","","",""
"60206300002071","Nodes","","21.000000","24.254212","Default Known Flow Node","Known Flow","313229.052017","717451.775652","","0.000000","","","","","","","","","","0.000000","0.000000","","","","","","","","","","",""
"60206300002057","Nodes","","21.000000","23.724553","Default Known Flow Node","Known Flow","313126.934368","717519.459358","","0.000000","","","","","","","","","","0.000000","0.000000","","","","","","","","","","",""
"60206300002055","Nodes","","21.000000","23.790469","Default Known Flow Node","Known Flow","313137.035363","717520.292453","","0.000000","","","","","","","","","","0.000000","0.000000","","","","","","","","","","",""
"60206300002058","Nodes","","21.000000","23.724553","Default Known Flow Node","Known Flow","313125.231360","717498.085447","","0.000000","","","","","","","","","","0.000000","0.000000","","","","","","","","","","",""
"60206300002060","Nodes","","21.000000","23.881462","Default Known Flow Node","Known Flow","312997.412325","717573.208468","","0.000000","","","","","","","","","","0.000000","0.000000","","","","","","","","","","",""
"60206300002030","Nodes","","21.000000","24.020167","Default Known Flow Node","Known Flow","312947.887312","717460.935437","","0.000000","","","","","","","","","","0.000000","0.000000","","","","","","","","","","",""
"60206300002064","Nodes","","21.000000","24.455132","DDS demands","Known Flow","312903.827624","717619.689217","","0.000000","","","","","","","-2.499999","","","-2.235544","-2.499999","","","","","","","","","D1 PROFILE","",""
"60206300002065","Nodes","","21.000000","24.560102","Default Known Flow Node","Known Flow","312891.274296","717656.044490","","0.000000","","","","","","","","","","0.000000","0.000000","","","","","","","","","","",""
"60206300002066","Nodes","","21.000000","23.542223","Default Known Flow Node","Known Flow","313231.442389","717399.950421","","0.000000","","","","","","","","","","0.000000","0.000000","","","","","","","","","","",""
"60206300002068","Nodes","","21.000000","23.955268","Default Known Flow Node","Known Flow","313212.230384","717605.601477","","0.000000","","","","","","","","","","0.000000","0.000000","","","","","","","","","","",""
"60206300002059","Nodes","","21.000000","23.477118","Default Known Flow Node","Known Flow","312948.917312","717151.846353","","0.000000","","","","","","","","","","0.000000","0.000000","","","","","","","","","","",""
"60206300002061","Nodes","","21.000000","23.844210","Default Known Flow Node","Known Flow","313095.384352","717590.629472","","0.000000","","","","","","","","","","0.000000","0.000000","","","","","","","","","","",""
"60206300002075","Nodes","","21.000000","24.135922","Default Known Flow Node","Known Flow","313127.305360","717417.880425","","0.000000","","","","","","","","","","0.000000","0.000000","","","","","","","","","","",""
"60206300002079","Nodes","","21.000000","23.966360","Default Known Flow Node","Known Flow","313215.028384","717526.071455","","0.000000","","","","","","","","","","0.000000","0.000000","","","","","","","","","","",""
"60206300002024","Nodes","","21.000000","23.863862","Default Known Flow Node","Known Flow","313002.559326","717379.690415","","0.000000","","","","","","","","","","0.000000","0.000000","","","","","","","","","","",""
"60206300002084","Nodes","","21.000000","23.986764","Default Known Flow Node","Known Flow","313169.275372","718010.271587","","0.000000","","","","","","","","","","0.000000","0.000000","","","","","","","","","","",""
"60206300002087","Nodes","","21.000000","37.497647","Default Known Flow Node","Known Flow","313175.509374","718229.381646","","0.000000","","","","","","","","","","0.000000","0.000000","","","","","","","","","","",""
"60206300002122","Nodes","","21.000000","37.498083","Default Known Flow Node","Known Flow","313178.347374","718229.918646","","0.000000","","","","","","","","","","0.000000","0.000000","","","","","","","","","","",""
"60206300002089","Nodes","","21.000000","29.909083","Default Known Flow Node","Known Flow","313238.790391","717755.674517","","0.000000","","","","","","","","","","0.000000","0.000000","","","","","","","","","","",""
"60206300002098","Nodes","","21.000000","23.865190","Default Known Flow Node","Known Flow","313188.876377","717945.996569","","0.000000","","","","","","","","","","0.000000","0.000000","","","","","","","","","","",""
"60206300002106","Nodes","","21.000000","23.865190","Default Known Flow Node","Known Flow","313185.316376","717960.992573","","0.000000","","","","","","","","","","0.000000","0.000000","","","","","","","","","","",""
"60206300002088","Nodes","","21.000000","37.500762","Default Known Flow Node","Known Flow","313187.638377","718233.852647","","0.000000","","","","","","","","","","0.000000","0.000000","","","","","","","","","","",""
"60206300002100","Nodes","","21.000000","36.455889","Default Known Flow Node","Known Flow","313153.661368","718349.759679","","0.000000","","","","","","","","","","0.000000","0.000000","","","","","","","","","","",""
"60206300002104","Nodes","","21.000000","24.418300","Default Known Flow Node","Known Flow","312860.714288","717684.600498","","0.000000","","","","","","","","","","0.000000","0.000000","","","","","","","","","","",""
"60206300002105","Nodes","","21.000000","24.418300","Default Known Flow Node","Known Flow","312858.169287","717687.600499","","0.000000","","","","","","","","","","0.000000","0.000000","","","","","","","","","","",""
"60206300002114","Nodes","","21.000000","24.418181","Default Known Flow Node","Known Flow","312857.351287","717681.914497","","0.000000","","","","","","","","","","0.000000","0.000000","","","","","","","","","","",""
"60206300002117","Nodes","","21.000000","40.000000","Default Known Flow Node","Known Flow","313226.596387","718103.717612","","0.000000","","","","","","","","","","0.000000","0.000000","","","","","","","","","","",""
"60206300002115","Nodes","","21.000000","24.541411","Default Known Flow Node","Known Flow","312887.101295","717654.967490","","0.000000","","","","","","","","","","0.000000","0.000000","","","","","","","","","","",""
"60206300002128","Nodes","","21.000000","28.916450","Default Known Flow Node","Known Flow","313030.442334","718433.161702","","0.000000","","","","","","","","","","0.000000","0.000000","","","","","","","","","","",""
"60206300002126","Nodes","","21.000000","28.126857","Default Known Flow Node","Known Flow","313005.156327","718445.003705","","0.000000","","","","","","","","","","0.000000","0.000000","","","","","","","","","","",""
"60206300002127","Nodes","","21.000000","28.916450","Default Known Flow Node","Known Flow","313031.539334","718435.915702","","0.000000","","","","","","","","","","0.000000","0.000000","","","","","","","","","","",""
"60206300002129","Nodes","","21.000000","35.675391","Default Known Flow Node","Known Flow","313220.074386","718412.376696","","0.000000","","","","","","","","","","0.000000","0.000000","","","","","","","","","","",""
"60206300002130","Nodes","","21.000000","35.461646","Default Known Flow Node","Known Flow","313245.355393","718440.091704","","0.000000","","","","","","","","","","0.000000","0.000000","","","","","","","","","","",""
"60206300002138","Nodes","","21.000000","36.027986","DDS demands","Known Flow","313137.665363","718429.402701","","0.000000","","-45.999999","","","","","","","","-41.134023","-45.999999","","","","C2 PROFILE","","","","","","",""
"60206300002150","Nodes","","21.000000","36.033690","Default Known Flow Node","Known Flow","313141.508364","718415.701697","","0.000000","","","","","","","","","","0.000000","0.000000","","","","","","","","","","",""
"60206300002140","Nodes","","21.000000","35.359918","Default Known Flow Node","Known Flow","313131.170361","718413.348696","","0.000000","","","","","","","","","","0.000000","0.000000","","","","","","","","","","",""
"60206300002141","Nodes","","21.000000","24.966806","Default Known Flow Node","Known Flow","312985.943322","718557.333736","","0.000000","","","","","","","","","","0.000000","0.000000","","","","","","","","","","",""
"60206300002144","Nodes","","21.000000","33.164189","Default Known Flow Node","Known Flow","313240.975391","718315.641670","","0.000000","","","","","","","","","","0.000000","0.000000","","","","","","","","","","",""
"60206300002146","Nodes","","21.000000","35.393345","Default Known Flow Node","Known Flow","313122.610359","718511.672723","","0.000000","","","","","","","","","","0.000000","0.000000","","","","","","","","","","",""
"60206300002147","Nodes","","21.000000","35.550019","Default Known Flow Node","Known Flow","313134.324362","718413.763696","","0.000000","","","","","","","","","","0.000000","0.000000","","","","","","","","","","",""
"60206300002158","Nodes","MAXIMO 781899","21.000000","25.053921","Point Loads","Known Flow","312952.822313","718469.363712","","0.000000","","","","","","","","","-11.079999","-9.907934","-11.079999","","","","","","","","","","","PL-AF PROFILE"
"60206300002263","Nodes","","21.000000","49.996678","Default Known Flow Node","Known Flow","313246.280393","718796.649801","","0.000000","","","","","","","","","","0.000000","0.000000","","","","","","","","","","",""
"60206300002157","Nodes","","21.000000","30.026515","Default Known Flow Node","Known Flow","313062.587343","718416.928697","","0.000000","","","","","","","","","","0.000000","0.000000","","","","","","","","","","",""
"60206300002159","Nodes","","21.000000","25.053921","Default Known Flow Node","Known Flow","312913.005302","718489.576717","","0.000000","","","","","","","","","","0.000000","0.000000","","","","","","","","","","",""
"60206300002160","Nodes","","21.000000","33.250078","Default Known Flow Node","Known Flow","313208.091718","718298.894944","","0.000000","","","","","","","","","","0.000000","0.000000","","","","","","","","","","",""
"60206300002145","Nodes","","21.000000","33.250078","Default Known Flow Node","Known Flow","313205.928382","718297.616665","","0.000000","","","","","","","","","","0.000000","0.000000","","","","","","","","","","",""
"60206300002161","Nodes","","21.000000","33.250078","Default Known Flow Node","Known Flow","313204.031381","718307.490668","","0.000000","","","","","","","","","","0.000000","0.000000","","","","","","","","","","",""
"60206300002167","Nodes","","21.000000","26.496465","Default Known Flow Node","Known Flow","313546.464474","717643.972487","","0.000000","","","","","","","","","","0.000000","0.000000","","","","","","","","","","",""
"60206300002168","Nodes","","21.000000","26.496465","Default Known Flow Node","Known Flow","313556.661477","717669.656494","","0.000000","","","","","","","","","","0.000000","0.000000","","","","","","","","","","",""
"60206300002169","Nodes","","21.000000","27.089519","Default Known Flow Node","Known Flow","313443.401446","717636.837485","","0.000000","","","","","","","","","","0.000000","0.000000","","","","","","","","","","",""
"60206300002171","Nodes","","21.000000","21.824412","Default Known Flow Node","Known Flow","313344.558420","717412.857424","","0.000000","","","","","","","","","","0.000000","0.000000","","","","","","","","","","",""
"60206300002174","Nodes","","21.000000","26.788137","Default Known Flow Node","Known Flow","313509.663464","717663.824492","","0.000000","","","","","","","","","","0.000000","0.000000","","","","","","","","","","",""
"60206300002241","Nodes","","21.000000","26.715841","Default Known Flow Node","Known Flow","313517.369467","717665.617493","","0.000000","","","","","","","","","","0.000000","0.000000","","","","","","","","","","",""
"60206300002177","Nodes","","21.000000","25.751217","Default Known Flow Node","Known Flow","313409.578437","717510.269451","","0.000000","","","","","","","","","","0.000000","0.000000","","","","","","","","","","",""
"60206300002179","Nodes","","21.000000","24.504110","Default Known Flow Node","Known Flow","313341.538419","717609.231478","","0.000000","","","","","","","","","","0.000000","0.000000","","","","","","","","","","",""
"60206300002181","Nodes","","21.000000","26.388648","Default Known Flow Node","Known Flow","313560.010478","717620.101480","","0.000000","","","","","","","","","","0.000000","0.000000","","","","","","","","","","",""
"60206300002185","Nodes","","21.000000","24.383387","Default Known Flow Node","Known Flow","313269.117399","717463.034438","","0.000000","","","","","","","","","","0.000000","0.000000","","","","","","","","","","",""
"60206300002067","Nodes","","21.000000","22.775013","Default Known Flow Node","Known Flow","313243.406392","717280.608388","","0.000000","","","","","","","","","","0.000000","0.000000","","","","","","","","","","",""
"60206300002187","Nodes","","21.000000","27.089519","Default Known Flow Node","Known Flow","313440.912446","717646.831488","","0.000000","","","","","","","","","","0.000000","0.000000","","","","","","","","","","",""
"60206300002189","Nodes","","21.000000","23.740155","Default Known Flow Node","Known Flow","313311.956411","717360.680410","","0.000000","","","","","","","","","","0.000000","0.000000","","","","","","","","","","",""
"60206300002192","Nodes","","21.000000","26.388648","Default Known Flow Node","Known Flow","313537.702472","717603.676476","","0.000000","","","","","","","","","","0.000000","0.000000","","","","","","","","","","",""
"60206300002253","Nodes","","21.000000","29.386688","Default Known Flow Node","Known Flow","313370.726427","717764.932520","","0.000000","","","","","","","","","","0.000000","0.000000","","","","","","","","","","",""
"60206300002173","Nodes","","21.000000","26.091378","Default Known Flow Node","Known Flow","313427.104442","717544.300460","","0.000000","","","","","","","","","","0.000000","0.000000","","","","","","","","","","",""
"60206300002196","Nodes","","21.000000","22.240966","Default Known Flow Node","Known Flow","313364.578425","717321.247399","","0.000000","","","","","","","","","","0.000000","0.000000","","","","","","","","","","",""
"60206300002076","Nodes","","21.000000","24.370175","Default Known Flow Node","Known Flow","313265.457398","717461.759437","","0.000000","","","","","","","","","","0.000000","0.000000","","","","","","","","","","",""
"60206300002199","Nodes","","21.000000","24.370175","Default Known Flow Node","Known Flow","313267.421399","717459.271437","","0.000000","","","","","","","","","","0.000000","0.000000","","","","","","","","","","",""
"60206300002182","Nodes","","21.000000","26.388648","Default Known Flow Node","Known Flow","313541.892473","717615.640479","","0.000000","","","","","","","","","","0.000000","0.000000","","","","","","","","","","",""
"60206300002186","Nodes","","21.000000","22.572572","DDS demands","Known Flow","313278.777402","717285.783390","","0.000000","","","","","","","-7.440000","","","-6.652981","-7.440000","","","","","","","","","D1 PROFILE","",""
"60206300002180","Nodes","","21.000000","24.709905","Default Known Flow Node","Known Flow","313347.714420","717536.810458","","0.000000","","","","","","","","","","0.000000","0.000000","","","","","","","","","","",""
"60206300002204","Nodes","","21.000000","26.388648","Default Known Flow Node","Known Flow","313523.680947","717599.816564","","0.000000","","","","","","","","","","0.000000","0.000000","","","","","","","","","","",""
"60206300002247","Nodes","","21.000000","26.822288","Default Known Flow Node","Known Flow","313494.659460","717671.347494","","0.000000","","","","","","","","","","0.000000","0.000000","","","","","","","","","","",""
"60206300002215","Nodes","","21.000000","28.474748","Default Known Flow Node","Known Flow","313325.537414","718211.361641","","0.000000","","","","","","","","","","0.000000","0.000000","","","","","","","","","","",""
"60206300002219","Nodes","","21.000000","23.703921","Default Known Flow Node","Known Flow","313516.048466","717986.379580","","0.000000","","","","","","","","","","0.000000","0.000000","","","","","","","","","","",""
"60206300002233","Nodes","","21.000000","23.791153","Default Known Flow Node","Known Flow","313572.103271","717962.791411","","0.000000","","","","","","","","","","0.000000","0.000000","","","","","","","","","","",""
"60206300002221","Nodes","","21.000000","23.678121","Default Known Flow Node","Known Flow","313508.605464","717993.187582","","0.000000","","","","","","","","","","0.000000","0.000000","","","","","","","","","","",""
"60206300002250","Nodes","","21.000000","23.678121","Default Known Flow Node","Known Flow","313510.210307","717992.587400","","0.000000","","","","","","","","","","0.000000","0.000000","","","","","","","","","","",""
"60206300002224","Nodes","","21.000000","28.229434","Default Known Flow Node","Known Flow","313388.720970","717697.166721","","0.000000","","","","","","","","","","0.000000","0.000000","","","","","","","","","","",""
"60206300002216","Nodes","","21.000000","28.108620","Default Known Flow Node","Known Flow","313347.345420","718191.118636","","0.000000","","","","","","","","","","0.000000","0.000000","","","","","","","","","","",""
"60206300002220","Nodes","","21.000000","23.791153","Default Known Flow Node","Known Flow","313573.498482","717962.242574","","0.000000","","","","","","","","","","0.000000","0.000000","","","","","","","","","","",""
"60206300002234","Nodes","","21.000000","23.747534","Default Known Flow Node","Known Flow","313579.701484","717979.357578","","0.000000","","","","","","","","","","0.000000","0.000000","","","","","","","","","","",""
"60206300002235","Nodes","","21.000000","26.732074","Default Known Flow Node","Known Flow","313450.782448","717749.223516","","0.000000","","","","","","","","","","0.000000","0.000000","","","","","","","","","","",""
"60206300002242","Nodes","","21.000000","26.715841","Default Known Flow Node","Known Flow","313538.675472","717682.689498","","0.000000","","","","","","","","","","0.000000","0.000000","","","","","","","","","","",""
"60206300002090","Nodes","","21.000000","30.107932","Default Known Flow Node","Known Flow","313286.538404","717759.354518","","0.000000","","","","","","","","","","0.000000","0.000000","","","","","","","","","","",""
"60206300002251","Nodes","","21.000000","23.704543","Default Known Flow Node","Known Flow","313508.929464","717988.908581","","0.000000","","","","","","","","","","0.000000","0.000000","","","","","","","","","","",""
"60206300002254","Nodes","","21.000000","29.386688","Default Known Flow Node","Known Flow","313393.782433","717770.112521","","0.000000","","","","","","","","","","0.000000","0.000000","","","","","","","","","","",""
"60206300002255","Nodes","","21.000000","23.562111","Default Known Flow Node","Known Flow","313441.364446","718187.172635","","0.000000","","","","","","","","","","0.000000","0.000000","","","","","","","","","","",""
"60206300002256","Nodes","","21.000000","29.343447","Default Known Flow Node","Known Flow","313433.312444","717764.260520","","0.000000","","","","","","","","","","0.000000","0.000000","","","","","","","","","","",""
"60206300002248","Nodes","","21.000000","26.822288","Default Known Flow Node","Known Flow","313500.832462","717683.776498","","0.000000","","","","","","","","","","0.000000","0.000000","","","","","","","","","","",""
"60206300002149","Nodes","","21.000000","50.257596","Default Known Flow Node","Known Flow","313447.138447","719044.133868","","0.000000","","","","","","","","","","0.000000","0.000000","","","","","","","","","","",""
"60206300002261","Nodes","","21.000000","49.989441","Default Known Flow Node","Known Flow","313502.081462","719079.502878","","0.000000","","","","","","","","","","0.000000","0.000000","","","","","","","","","","",""
"60206300002270","Nodes","","21.000000","49.905860","Default Known Flow Node","Known Flow","313511.350465","719063.890873","","0.000000","","","","","","","","","","0.000000","0.000000","","","","","","","","","","",""
"60206300002267","Nodes","","21.000000","49.748746","Default Known Flow Node","Known Flow","313574.601482","719177.222904","","0.000000","","","","","","","","","","0.000000","0.000000","","","","","","","","","","",""
"60206300002274","Nodes","","21.000000","49.481441","Default Known Flow Node","Known Flow","313636.884499","719336.390948","","0.000000","","","","","","","","","","0.000000","0.000000","","","","","","","","","","",""
"60206300002269","Nodes","","21.000000","49.769339","Default Known Flow Node","Known Flow","313571.956481","719055.410871","","0.000000","","","","","","","","","","0.000000","0.000000","","","","","","","","","","",""
"60206300002271","Nodes","","21.000000","49.989441","Default Known Flow Node","Known Flow","313495.663461","719076.529877","","0.000000","","","","","","","","","","0.000000","0.000000","","","","","","","","","","",""
"60206300002273","Nodes","","21.000000","49.481441","Default Known Flow Node","Known Flow","313622.127495","719369.029956","","0.000000","","","","","","","","","","0.000000","0.000000","","","","","","","","","","",""
"60206300002276","Nodes","","21.000000","49.691302","Default Known Flow Node","Known Flow","313601.997490","719430.066973","","0.000000","","","","","","","","","","0.000000","0.000000","","","","","","","","","","",""
"60206300002012","Nodes","","21.000000","23.266736","Default Known Flow Node","Known Flow","312579.727211","717485.088444","","0.000000","","","","","","","","","","0.000000","0.000000","","","","","","","","","","",""
"60206300002042","Nodes","","21.000000","24.418364","Default Known Flow Node","Known Flow","312861.870288","717682.653498","","0.000000","","","","","","","","","","0.000000","0.000000","","","","","","","","","","",""
"60206300002099","Nodes","","21.000000","23.996115","Default Known Flow Node","Known Flow","313138.963364","717979.209578","","0.000000","","","","","","","","","","0.000000","0.000000","","","","","","","","","","",""
"60206300002272","Nodes","","21.000000","49.989441","Default Known Flow Node","Known Flow","313512.706465","719084.752879","","0.000000","","","","","","","","","","0.000000","0.000000","","","","","","","","","","",""
"60206300002069","Nodes","","21.000000","23.955268","Default Known Flow Node","Known Flow","313219.883386","717606.231477","","0.000000","","","","","","","","","","0.000000","0.000000","","","","","","","","","","",""
"60206300002107","Nodes","","21.000000","23.996115","Default Known Flow Node","Known Flow","313197.413380","717994.453582","","0.000000","","","","","","","","","","0.000000","0.000000","","","","","","","","","","",""
"60206300002121","Nodes","","21.000000","23.986764","Default Known Flow Node","Known Flow","313176.706374","718017.092589","","0.000000","","","","","","","","","","0.000000","0.000000","","","","","","","","","","",""
"60206300002142","Nodes","","21.000000","24.836172","Default Known Flow Node","Known Flow","312993.365324","718576.208741","","0.000000","","","","","","","","","","0.000000","0.000000","","","","","","","","","","",""
"60206300002203","Nodes","","21.000000","21.824412","Default Known Flow Node","Known Flow","313336.938417","717431.375429","","0.000000","","","","","","","","","","0.000000","0.000000","","","","","","","","","","",""
"60206300002193","Nodes","","21.000000","26.388648","Default Known Flow Node","Known Flow","313541.624473","717587.869472","","0.000000","","","","","","","","","","0.000000","0.000000","","","","","","","","","","",""
"60206300002178","Nodes","","21.000000","25.681506","Default Known Flow Node","Known Flow","313406.559436","717512.076451","","0.000000","","","","","","","","","","0.000000","0.000000","","","","","","","","","","",""
"60206300002258","Nodes","","21.000000","26.822288","Default Known Flow Node","Known Flow","313513.104465","717703.089503","","0.000000","","","","","","","","","","0.000000","0.000000","","","","","","","","","","",""
"60206300002246","Nodes","","21.000000","26.796901","Default Known Flow Node","Known Flow","313506.237464","717669.941494","","0.000000","","","","","","","","","","0.000000","0.000000","","","","","","","","","","",""
"60206300002310","Nodes","","21.000000","24.140491","Default Known Flow Node","Known Flow","312917.517195","717577.825755","","0.000000","","","","","","","","","","0.000000","0.000000","","","","","","","","","","",""
"60206300002312","Nodes","","21.000000","24.248083","Default Known Flow Node","Known Flow","313230.350264","717452.342427","","0.000000","","","","","","","","","","0.000000","0.000000","","","","","","","","","","",""
"60206300000001","Nodes","","21.000000","38.668668","Default Known Flow Node","Known Flow","313212.957730","718154.663096","","0.000000","","","","","","","","","","0.000000","0.000000","","","","","","","","","","",""
"60206300000004","Nodes","","21.000000","32.042685","Default Known Flow Node","Known Flow","313305.235514","717938.085902","","0.000000","","","","","","","","","","0.000000","0.000000","","","","","","","","","","",""
"60206300000003","Nodes","","21.000000","32.115729","Default Known Flow Node","Known Flow","313291.977028","717954.536447","","0.000000","","","","","","","","","","0.000000","0.000000","","","","","","","","","","",""
"60206300000005","Nodes","","21.000000","31.655666","Default Known Flow Node","Known Flow","313353.581029","717886.265690","","0.000000","","","","","","","","","","0.000000","0.000000","","","","","","","","","","",""
"60206300000006","Nodes","","21.000000","38.709234","Default Known Flow Node","Known Flow","313213.918422","718151.969834","","0.000000","","","","","","","","","","0.000000","0.000000","","","","","","","","","","",""
"60206300000002","Nodes","","21.000000","32.540945","Default Known Flow Node","Known Flow","313297.189661","717956.294526","","0.000000","","","","","","","","","","0.000000","0.000000","","","","","","","","","","",""
"60206300000007","Nodes","OUDENARDE VILLAGE POTENTIAL","21.000000","28.039614","PL demand","Known Flow","313418.045802","718004.686064","","0.000000","","","","","","","","","","0.000000","0.000000","","","","","","","","","","",""
"60206300000009","Nodes","","21.000000","32.371923","Default Known Flow Node","Known Flow","313309.348487","717940.706288","","0.000000","","","","","","","","","","0.000000","0.000000","","","","","","","","","","",""
"60206300001440","Nodes","4 Properties@Kintillo Road, NA:18489","21.000000","23.988330","Point Loads","Known Flow","312947.029694","717401.933055","","0.000000","","","","","","","","","-8.579999","-7.672389","-8.579999","","","","","","","","","","","PL-AF PROFILE"
"60206300001439","Nodes","5 Properties@Chaise Road, NA:18489","21.000000","26.397210","Point Loads","Known Flow","312969.326783","718350.739983","","0.000000","","","","","","","","","-10.060000","-8.995832","-10.060000","","","","","","","","","","","PL-AF PROFILE"
