"NAME","TYPE","NodeDescription","NodeMinimumPressure","NodePressure","NodeSymbolName","NodeStatus","NodeXCoordinate","NodeYCoordinate","NodeFlowByCategory(Base Thermal)","NodeFlowByCategory(Base Volumetric)","NodeFlowByCategory(C1)","NodeFlowByCategory(C2)","NodeFlowByCategory(C3)","NodeFlowByCategory(C4)","NodeFlowByCategory(D1)","NodeFlowByCategory(DC)","NodeFlowByCategory(I2)","NodeThermalFlow","NodeResultFlow","NodeFlowProfileNameByCategory(Base Thermal)","NodeFlowProfileNameByCategory(Base Volumetric)","NodeFlowProfileNameByCategory(C1)","NodeFlowProfileNameByCategory(C2)","NodeFlowProfileNameByCategory(C3)","NodeFlowProfileNameByCategory(C4)","NodeFlowProfileNameByCategory(D1)","NodeFlowProfileNameByCategory(DC)","NodeFlowProfileNameByCategory(I2)"
"80014700000113","Nodes","113","21.000000","41.233849","DDS demands","Known Flow","487956.540834","223757.261224","","0.000000","","","","","-1.009999","","","-0.903160","-1.009999","","","","","","","D1 PROFILE","",""
"80014700000051","Nodes","51","21.000000","41.336864","DDS demands","Known Flow","487961.382967","223729.975153","","0.000000","","","","","-9.319999","","","-8.334110","-9.319999","","","","","","","D1 PROFILE","",""
"80014700000029","Nodes","29","21.000000","42.126145","DDS demands","Known Flow","488518.459613","222972.250145","","0.000000","","","","","-8.120000","","","-7.261049","-8.120000","","","","","","","D1 PROFILE","",""
"80014700000031","Nodes","31","21.000000","41.109731","DDS demands","Known Flow","488501.472027","223034.492167","","0.000000","","","","","-10.609999","","","-9.487651","-10.609999","","","","","","","D1 PROFILE","",""
"80014700000046","Nodes","46","21.000000","39.414580","DDS demands","Known Flow","488416.826260","223045.702503","","0.000000","","","","","-12.629999","","","-11.293971","-12.629999","","","","","","","D1 PROFILE","",""
"80014700000079","Nodes","79","21.000000","41.223275","DDS demands","Known Flow","488286.291800","222992.900155","","0.000000","","","","","-18.510000","","","-16.551973","-18.510000","","","","","","","D1 PROFILE","",""
"80014700000077","Nodes","77","21.000000","43.359891","DDS demands","Known Flow","488138.488589","223412.585946","","0.000000","","","","","-16.209998","","","-14.495270","-16.209998","","","","","","","D1 PROFILE","",""
"80014700000076","Nodes","76","21.000000","42.615150","Default Known Flow Node","Known Flow","488002.279867","223555.637278","","0.000000","","","","","","","","0.000000","0.000000","","","","","","","","",""
"80014700000048","Nodes","48","21.000000","42.516811","Default Known Flow Node","Known Flow","487994.680883","223565.878072","","0.000000","","","","","","","","0.000000","0.000000","","","","","","","","",""
"80014700000102","Nodes","102","21.000000","22.726521","DDS demands","Known Flow","488205.052001","222432.390736","","0.000000","","","","","-8.430000","","","-7.538257","-8.430000","","","","","","","D1 PROFILE","",""
"80014700008000","Nodes","8000","21.000000","21.863623","DDS demands","Known Flow","488183.550345","222503.870537","","0.000000","","","","","-1.139999","","","-1.019408","-1.139999","","","","","","","D1 PROFILE","",""
"80014700000126","Nodes","126","21.000000","21.701469","DDS demands","Known Flow","488164.662990","222500.898754","","0.000000","","","","","-7.790000","","","-6.965957","-7.790000","","","","","","","D1 PROFILE","",""
"80014700000104","Nodes","104","21.000000","25.827797","DDS demands","Known Flow","488182.794995","222342.792711","","0.000000","","","","","-4.780000","","","-4.274362","-4.780000","","","","","","","D1 PROFILE","",""
"80014700000137","Nodes","137","21.000000","25.521800","DDS demands","Known Flow","488140.095726","222300.713236","","0.000000","","","","","-5.610000","","","-5.016562","-5.610000","","","","","","","D1 PROFILE","",""
"80014700000106","Nodes","106","21.000000","37.002687","DDS demands","Known Flow","488310.969030","222448.313740","","0.000000","","","","","-9.100000","","","-8.137383","-9.100000","","","","","","","D1 PROFILE","",""
"80014700000132","Nodes","132","21.000000","36.630025","DDS demands","Known Flow","488340.734038","222422.694733","","0.000000","","","","","-4.780000","","","-4.274362","-4.780000","","","","","","","D1 PROFILE","",""
"80014700219092","Nodes","219092","21.000000","36.176461","Default Known Flow Node","Known Flow","488302.939028","222443.057739","","0.000000","","","","","","","","0.000000","0.000000","","","","","","","","",""
"80014700219091","Nodes","219091","21.000000","36.176461","Default Known Flow Node","Known Flow","488293.849025","222456.291742","","0.000000","","","","","","","","0.000000","0.000000","","","","","","","","",""
"80014700000103","Nodes","103","21.000000","26.693193","DDS demands","Known Flow","488223.513006","222376.542721","","0.000000","","","","","-9.079999","","","-8.119498","-9.079999","","","","","","","D1 PROFILE","",""
"80014700175793","Nodes","175793","21.000000","36.630025","Default Known Flow Node","Known Flow","488348.999040","222411.741730","","0.000000","","","","","","","","0.000000","0.000000","","","","","","","","",""
"80014700000133","Nodes","133","21.000000","36.112684","DDS demands","Known Flow","488444.010066","222452.555741","","0.000000","","","","","-8.319999","","","-7.439892","-8.319999","","","","","","","D1 PROFILE","",""
"80014700000138","Nodes","138","21.000000","24.921335","DDS demands","Known Flow","488021.330951","222184.743668","","0.000000","","","","","-8.319999","","","-7.439892","-8.319999","","","","","","","D1 PROFILE","",""
"80014700000083","Nodes","83","21.000000","25.651980","Default Known Flow Node","Known Flow","488190.596675","222378.818483","","0.000000","","","","","","","","0.000000","0.000000","","","","","","","","",""
"80014700000082","Nodes","82","21.000000","24.677977","DDS demands","Known Flow","488177.081993","222385.615723","","0.000000","","","","","-5.420000","","","-4.846660","-5.420000","","","","","","","D1 PROFILE","",""
"80014700000014","Nodes","14","21.000000","27.211590","DDS demands","Known Flow","488216.799004","222384.664723","","0.000000","","","","","-3.110000","","","-2.781017","-3.110000","","","","","","","D1 PROFILE","",""
"80014700000105","Nodes","105","21.000000","26.607564","DDS demands","Known Flow","488263.062017","222406.796729","","0.000000","","","","","-3.849999","","","-3.442738","-3.849999","","","","","","","D1 PROFILE","",""
"80014700000081","Nodes","81","21.000000","22.921575","DDS demands","Known Flow","488108.970975","222565.564772","","0.000000","","","","","-20.049998","","","-17.929067","-20.049998","","","","","","","D1 PROFILE","",""
"80014700000119","Nodes","119","21.000000","37.162427","DDS demands","Known Flow","488103.019436","222840.748921","","0.000000","","","","","-3.319999","","","-2.968803","-3.319999","","","","","","","D1 PROFILE","",""
"80014700175777","Nodes","175777","21.000000","33.707985","Default Known Flow Node","Known Flow","488114.920307","222794.557039","","0.000000","","","","","","","","0.000000","0.000000","","","","","","","","",""
"80014700000099","Nodes","99","21.000000","23.976064","DDS demands","Known Flow","488130.175782","222593.171700","","0.000000","","","","","-14.460000","","","-12.930391","-14.460000","","","","","","","D1 PROFILE","",""
"80014700000100","Nodes","100","21.000000","23.807700","DDS demands","Known Flow","488129.640981","222597.070781","","0.000000","","","","","-7.099999","","","-6.348946","-7.099999","","","","","","","D1 PROFILE","",""
"80014700000064","Nodes","64","21.000000","39.861425","DDS demands","Known Flow","488277.610705","222922.670799","","0.000000","","","","","-4.719999","","","-4.220708","-4.719999","","","","","","","D1 PROFILE","",""
"80014700000065","Nodes","65","21.000000","39.623964","DDS demands","Known Flow","488276.924021","222876.264857","","0.000000","","","","","-3.950000","","","-3.532160","-3.950000","","","","","","","D1 PROFILE","",""
"80014700000066","Nodes","66","21.000000","39.620298","DDS demands","Known Flow","488304.612028","222874.551856","","0.000000","","","","","-7.400000","","","-6.617212","-7.400000","","","","","","","D1 PROFILE","",""
"80014700000018","Nodes","18","21.000000","41.554553","DDS demands","Known Flow","488436.461635","222740.659637","","0.000000","-4.210000","","","","-17.920000","","","-19.789043","-22.130000","","","C1 PROFILE","","","","D1 PROFILE","",""
"80014700144197","Nodes","144197","21.000000","38.539166","Default Known Flow Node","Known Flow","488324.003033","222713.019812","","0.000000","","","","","","","","0.000000","0.000000","","","","","","","","",""
"80014700000020","Nodes","20","21.000000","41.461085","DDS demands","Known Flow","488403.798055","222807.404838","","0.000000","","","","","-6.919999","","","-6.187987","-6.919999","","","","","","","D1 PROFILE","",""
"80014700000086","Nodes","86","21.000000","39.047412","DDS demands","Known Flow","488460.125070","222964.593881","","0.000000","","","","","-7.389999","","","-6.608270","-7.389999","","","","","","","D1 PROFILE","",""
"80014700000084","Nodes","84","21.000000","39.247320","DDS demands","Known Flow","488443.345166","222979.900709","","0.000000","","","","","-7.960000","","","-7.117974","-7.960000","","","","","","","D1 PROFILE","",""
"80014700219068","Nodes","219068","21.000000","33.125943","Default Known Flow Node","Known Flow","488086.310144","222769.797433","","0.000000","","","","","","","","0.000000","0.000000","","","","","","","","",""
"80014700144166","Nodes","144166","21.000000","33.123030","Default Known Flow Node","Known Flow","488089.668163","222766.156770","","0.000000","","","","","","","","0.000000","0.000000","","","","","","","","",""
"80014700000129","Nodes","129","21.000000","38.891716","DDS demands","Known Flow","488255.848015","222557.377770","","0.000000","","","","-4.600000","-1.269999","","","-5.249058","-5.870000","","","","","","C4 PROFILE","D1 PROFILE","",""
"80014700219095","Nodes","219095","21.000000","39.917825","Default Known Flow Node","Known Flow","488370.084046","222691.873806","","0.000000","","","","","","","","0.000000","0.000000","","","","","","","","",""
"80014700000108","Nodes","108","21.000000","39.917825","DDS demands","Known Flow","488359.224043","222683.386804","","0.000000","","","","","-8.739999","","","-7.815464","-8.739999","","","","","","","D1 PROFILE","",""
"80014700000041","Nodes","41","21.000000","27.689651","DDS demands","Known Flow","488022.192951","222679.934803","","0.000000","","","","","-6.409999","","","-5.731936","-6.409999","","","","","","","D1 PROFILE","",""
"80014700000122","Nodes","122","21.000000","27.004787","DDS demands","Known Flow","487970.933937","222627.023789","","0.000000","-9.720000","","","-3.530000","","","","-11.848387","-13.250000","","","C1 PROFILE","","","C4 PROFILE","","",""
"80014700000121","Nodes","121","21.000000","33.109760","DDS demands","Known Flow","488093.934971","222761.530825","","0.000000","","","","","-5.820000","","","-5.204348","-5.820000","","","","","","","D1 PROFILE","",""
"80014700000101","Nodes","101","21.000000","22.435122","DDS demands","Known Flow","488092.943980","222578.360704","","0.000000","-10.320000","","","","-11.369999","","","-19.395586","-21.690001","","","C1 PROFILE","","","","D1 PROFILE","",""
"80014700000070","Nodes","70","21.000000","38.464273","Default Known Flow Node","Known Flow","488202.703384","222914.871184","","0.000000","","","","","","","","0.000000","0.000000","","","","","","","","",""
"80014700000120","Nodes","120","21.000000","33.112515","DDS demands","Known Flow","488118.432722","222787.040745","","0.000000","","","","-9.260000","-10.450000","","","-17.625034","-19.710000","","","","","","C4 PROFILE","D1 PROFILE","",""
"80014700000040","Nodes","40","21.000000","30.360656","DDS demands","Known Flow","488141.434984","222708.257811","","0.000000","","","","","-24.190001","","","-21.631131","-24.190001","","","","","","","D1 PROFILE","",""
"80014700000016","Nodes","16","21.000000","30.140526","DDS demands","Known Flow","488199.684350","222628.373740","","0.000000","-0.150000","","","-4.559999","-6.130000","","","-9.693321","-10.840000","","","C1 PROFILE","","","C4 PROFILE","D1 PROFILE","",""
"80014700000127","Nodes","127","21.000000","21.691242","DDS demands","Known Flow","488136.692982","222492.540752","","0.000000","","","","","-2.180000","","","-1.949395","-2.180000","","","","","","","D1 PROFILE","",""
"80014700000128","Nodes","128","21.000000","21.683913","DDS demands","Known Flow","488166.007990","222520.401760","","0.000000","","","","","-3.069999","","","-2.745248","-3.069999","","","","","","","D1 PROFILE","",""
"80014700000124","Nodes","124","21.000000","39.264477","DDS demands","Known Flow","488186.590287","222850.033891","","0.000000","","","","","-7.679999","","","-6.867593","-7.679999","","","","","","","D1 PROFILE","",""
"80014700000125","Nodes","125","21.000000","38.087752","DDS demands","Known Flow","488193.633855","222792.216744","","0.000000","","","","","-21.430001","","","-19.163090","-21.430001","","","","","","","D1 PROFILE","",""
"80014700000123","Nodes","123","21.000000","30.320279","DDS demands","Known Flow","488191.319997","222639.835792","","0.000000","","","","","-4.920000","","","-4.399552","-4.920000","","","","","","","D1 PROFILE","",""
"80014700000144","Nodes","P07114494 4-6 Aylesbury Road, 4.98scm/h","22.999998","38.757637","CSEP DDS Matched","Known Flow","488276.432603","222527.622700","","0.000000","","","","","","-4.980000","","-4.453205","-4.980000","","","","","","","","DC PROFILE",""
"80014700000013","Nodes","13","21.000000","38.911336","DDS demands","Known Flow","488259.841012","222559.982630","","0.000000","","","","-3.039999","-1.840000","","","-4.363783","-4.880000","","","","","","C4 PROFILE","D1 PROFILE","",""
"80014700000068","Nodes","68","21.000000","39.503393","DDS demands","Known Flow","488217.223048","222867.152849","","0.000000","","","","","-2.480000","","","-2.217660","-2.480000","","","","","","","D1 PROFILE","",""
"80014700000067","Nodes","67","21.000000","39.539347","DDS demands","Known Flow","488241.943794","222872.962094","","0.000000","","","","","-3.670000","","","-3.281779","-3.670000","","","","","","","D1 PROFILE","",""
"80014700000069","Nodes","69","21.000000","39.536541","DDS demands","Known Flow","488258.079016","222831.615844","","0.000000","","","","","-5.899999","","","-5.275885","-5.899999","","","","","","","D1 PROFILE","",""
"80014700144195","Nodes","144195","21.000000","40.486486","Default Known Flow Node","Known Flow","488298.959027","222923.209869","","0.000000","","","","","","","","0.000000","0.000000","","","","","","","","",""
"80014700000036","Nodes","36","21.000000","40.996318","DDS demands","Known Flow","488316.886633","222921.923973","","0.000000","","-6.000000","","","-6.010000","","","-10.739557","-12.010001","","","","C2 PROFILE","","","D1 PROFILE","",""
"80014700000019","Nodes","19","21.000000","35.762354","DDS demands","Known Flow","488234.704009","222640.552792","","0.000000","","","","","-22.899999","","","-20.477590","-22.899999","","","","","","","D1 PROFILE","",""
"80014700144198","Nodes","144198","21.000000","41.226546","Default Known Flow Node","Known Flow","488327.245680","222921.215541","","0.000000","","","","","","","","0.000000","0.000000","","","","","","","","",""
"80014700000131","Nodes","131","21.000000","41.980447","DDS demands","Known Flow","488395.273581","222922.628614","","0.000000","","","","-4.590000","-16.569999","","","-18.921650","-21.160000","","","","","","C4 PROFILE","D1 PROFILE","",""
"80014700000107","Nodes","107","21.000000","40.245701","DDS demands","Known Flow","488385.418301","222639.834215","","0.000000","","","","","-10.339999","","","-9.246212","-10.339999","","","","","","","D1 PROFILE","",""
"80014700000037","Nodes","37","21.000000","41.519671","DDS demands","Known Flow","488440.043168","222808.282714","","0.000000","","","","","-13.480000","","","-12.054057","-13.480000","","","","","","","D1 PROFILE","",""
"80014700000118","Nodes","118","21.000000","41.440603","DDS demands","Known Flow","488418.127059","222881.394858","","0.000000","","","","","-4.210000","","","-3.764657","-4.210000","","","","","","","D1 PROFILE","",""
"80014700000025","Nodes","25","21.000000","41.803850","DDS demands","Known Flow","488455.874566","222770.180628","","0.000000","-8.529999","-6.000000","","-12.539999","-9.039999","","","-32.290207","-36.109999","","","C1 PROFILE","C2 PROFILE","","C4 PROFILE","D1 PROFILE","",""
"80014700159352","Nodes","159352","21.000000","30.308964","DDS demands","Known Flow","488183.778995","222647.974794","","0.000000","","","","-11.130000","","","","-9.952645","-11.130000","","","","","","C4 PROFILE","","",""
"80014700000071","Nodes","71","21.000000","38.092712","DDS demands","Known Flow","488183.931475","222992.960535","","0.000000","","","","","-15.330000","","","-13.708360","-15.330000","","","","","","","D1 PROFILE","",""
"80014700000085","Nodes","85","21.000000","39.120321","DDS demands","Known Flow","488402.230055","222994.704889","","0.000000","","","","","-3.089999","","","-2.763133","-3.089999","","","","","","","D1 PROFILE","",""
"80014700219093","Nodes","219093","21.000000","39.917825","Default Known Flow Node","Known Flow","488346.264040","222675.580802","","0.000000","","","","","","","","0.000000","0.000000","","","","","","","","",""
"80014700000028","Nodes","28","21.000000","44.136300","DDS demands","Known Flow","488522.066396","222927.964609","","0.000000","","","","","-9.819999","","","-8.781219","-9.819999","","","","","","","D1 PROFILE","",""
"80014700000109","Nodes","109","21.000000","44.964084","DDS demands","Known Flow","488552.001181","222928.633196","","0.000000","","","","","-6.190000","","","-5.535208","-6.190000","","","","","","","D1 PROFILE","",""
"80014700000098","Nodes","98","21.000000","46.703281","DDS demands","Known Flow","488607.345466","222929.773459","","0.000000","","","","","-7.340000","","","-6.563559","-7.340000","","","","","","","D1 PROFILE","",""
"80014700000130","Nodes","130","21.000000","44.515994","DDS demands","Known Flow","488642.912120","222939.899874","","0.000000","","","","","-9.509999","","","-8.504012","-9.509999","","","","","","","D1 PROFILE","",""
"80014700144209","Nodes","144209","21.000000","46.932991","Default Known Flow Node","Known Flow","488614.261671","222926.844404","","0.000000","","","","","","","","0.000000","0.000000","","","","","","","","",""
"80014700000001","Nodes","LEIGHTON ROAD DG, Site ID 5767","21.000000","46.999981","Default Known Pressure Node","Known Pressure","488637.118382","222927.316773","","0.000000","","","","","","","","639.723778","715.400330","","","","","","","","",""
"80014700000072","Nodes","72","21.000000","38.083984","DDS demands","Known Flow","488223.071006","223003.367891","","0.000000","","","","","-7.580000","","","-6.778171","-7.580000","","","","","","","D1 PROFILE","",""
"80014700000055","Nodes","55","21.000000","43.095389","DDS demands","Known Flow","488394.373053","223317.565977","","0.000000","","","","","-14.449999","","","-12.921448","-14.449999","","","","","","","D1 PROFILE","",""
"80014700144225","Nodes","144225","21.000000","39.417958","Default Known Flow Node","Known Flow","488418.222750","223047.174337","","0.000000","","","","","","","","0.000000","0.000000","","","","","","","","",""
"80014700000044","Nodes","44","21.000000","41.031653","DDS demands","Known Flow","488294.876036","223087.981118","","0.000000","","","","","-13.480000","","","-12.054057","-13.480000","","","","","","","D1 PROFILE","",""
"80014700000089","Nodes","89","21.000000","41.943588","DDS demands","Known Flow","488048.807959","223234.654954","","0.000000","","","","","-5.300000","","","-4.739355","-5.300000","","","","","","","D1 PROFILE","",""
"80014700000087","Nodes","87","21.000000","42.098927","DDS demands","Known Flow","488095.334798","223267.224948","","0.000000","","","","","-9.039999","","","-8.083729","-9.039999","","","","","","","D1 PROFILE","",""
"80014700175781","Nodes","175781","21.000000","42.388579","Default Known Flow Node","Known Flow","488133.019611","223286.637969","","0.000000","","","","","","","","0.000000","0.000000","","","","","","","","",""
"80014700200663","Nodes","200663","21.000000","43.286263","Default Known Flow Node","Known Flow","488132.315948","223407.124460","","0.000000","","","","","","","","0.000000","0.000000","","","","","","","","",""
"80014700219087","Nodes","219087","21.000000","41.362356","Default Known Flow Node","Known Flow","488268.549743","223005.381506","","0.000000","","","","","","","","0.000000","0.000000","","","","","","","","",""
"80014700000074","Nodes","74","21.000000","35.370972","DDS demands","Known Flow","488201.008000","223179.224939","","0.000000","","","","","-12.140000","","","-10.855805","-12.140000","","","","","","","D1 PROFILE","",""
"80014700000053","Nodes","53","21.000000","43.868449","DDS demands","Known Flow","488262.794017","223182.705940","","0.000000","","","","-3.280000","-20.389998","","","-21.166137","-23.669999","","","","","","C4 PROFILE","D1 PROFILE","",""
"80014700000117","Nodes","117","21.000000","45.730696","DDS demands","Known Flow","488237.221010","223249.039958","","0.000000","","","","","-22.490000","","","-20.110960","-22.490000","","","","","","","D1 PROFILE","",""
"80014700000042","Nodes","42","21.000000","41.902973","DDS demands","Known Flow","488261.190016","223072.669910","","0.000000","","","","-1.490000","","","","-1.332384","-1.490000","","","","","","C4 PROFILE","","",""
"80014700000090","Nodes","90","21.000000","42.417075","DDS demands","Known Flow","488247.585585","223100.256499","","0.000000","","","","","-6.439999","","","-5.758763","-6.439999","","","","","","","D1 PROFILE","",""
"80014700000056","Nodes","56","21.000000","45.133900","DDS demands","Known Flow","488281.568022","223272.653964","","0.000000","","","","","-12.319999","","","-11.016764","-12.319999","","","","","","","D1 PROFILE","",""
"80014700000045","Nodes","45","21.000000","41.018674","DDS demands","Known Flow","488343.099039","223088.977914","","0.000000","","","","","-2.970000","","","-2.655827","-2.970000","","","","","","","D1 PROFILE","",""
"80014700000057","Nodes","57","21.000000","42.381018","DDS demands","Known Flow","488439.230907","223270.025430","","0.000000","","","","","-6.510000","","","-5.821358","-6.510000","","","","","","","D1 PROFILE","",""
"80014700144224","Nodes","144224","21.000000","42.426610","Default Known Flow Node","Known Flow","488416.708541","223247.618937","","0.000000","","","","","","","","0.000000","0.000000","","","","","","","","",""
"80014700000058","Nodes","58","21.000000","42.421588","DDS demands","Known Flow","488402.309055","223228.495952","","0.000000","","","","","-10.930000","","","-9.773801","-10.930000","","","","","","","D1 PROFILE","",""
"80014700144227","Nodes","144227","21.000000","41.664567","Default Known Flow Node","Known Flow","488438.371036","223174.466981","","0.000000","","","","","","","","0.000000","0.000000","","","","","","","","",""
"80014700000062","Nodes","62","21.000000","41.223115","DDS demands","Known Flow","488402.969159","223197.791092","","0.000000","","","","","-12.899999","","","-11.535410","-12.899999","","","","","","","D1 PROFILE","",""
"80014700144226","Nodes","144226","21.000000","41.664226","Default Known Flow Node","Known Flow","488427.874369","223141.284497","","0.000000","","","","","","","","0.000000","0.000000","","","","","","","","",""
"80014700000059","Nodes","59","21.000000","41.987582","DDS demands","Known Flow","488472.275702","223263.897435","","0.000000","","","","","-1.770000","","","-1.582765","-1.770000","","","","","","","D1 PROFILE","",""
"80014700000060","Nodes","60","21.000000","42.029273","DDS demands","Known Flow","488491.903079","223299.918972","","0.000000","","","","","-4.650000","","","-4.158113","-4.650000","","","","","","","D1 PROFILE","",""
"80014700000088","Nodes","88","21.000000","41.471720","DDS demands","Known Flow","488075.303659","223202.273590","","0.000000","","","","","-9.439999","","","-8.441416","-9.439999","","","","","","","D1 PROFILE","",""
"80014700000091","Nodes","91","21.000000","42.299537","DDS demands","Known Flow","488250.643013","223059.390906","","0.000000","","","","","-5.700000","","","-5.097042","-5.700000","","","","","","","D1 PROFILE","",""
"80014700200665","Nodes","200665","21.000000","35.092806","Default Known Flow Node","Known Flow","488156.640134","223163.565574","","0.000000","","","","","","","","0.000000","0.000000","","","","","","","","",""
"80014700000075","Nodes","75","21.000000","33.328900","DDS demands","Known Flow","488100.820973","223126.102925","","0.000000","","","","","-11.390000","","","-10.185142","-11.390000","","","","","","","D1 PROFILE","",""
"80014700059775","Nodes","59775","21.000000","35.370972","Default Known Flow Node","Known Flow","488206.920855","223183.923874","","0.000000","","","","","","","","0.000000","0.000000","","","","","","","","",""
"80014700059776","Nodes","59776","21.000000","43.193144","Default Known Flow Node","Known Flow","488332.399641","223244.121331","","0.000000","","","","","","","","0.000000","0.000000","","","","","","","","",""
"80014700219082","Nodes","219082","21.000000","45.912274","Default Known Flow Node","Known Flow","488248.683598","223255.633278","","0.000000","","","","","","","","0.000000","0.000000","","","","","","","","",""
"80014700000003","Nodes","MOORLANDS DG, Site ID 5766","21.000000","45.999993","Default Known Pressure Node","Known Pressure","488245.215012","223258.112960","","0.000000","","","","","","","","431.415128","482.449674","","","","","","","","",""
"80014700175789","Nodes","175789","21.000000","45.004810","Default Known Flow Node","Known Flow","488256.705079","223245.858799","","0.000000","","","","","","","","0.000000","0.000000","","","","","","","","",""
"80014700000061","Nodes","61","21.000000","41.725065","DDS demands","Known Flow","488499.437489","223246.471542","","0.000000","","","","","-25.780001","","","-23.052939","-25.780001","","","","","","","D1 PROFILE","",""
"80014700000032","Nodes","32","21.000000","40.032692","DDS demands","Known Flow","488488.601078","223100.243918","","0.000000","","","","","-14.040000","","","-12.554819","-14.040000","","","","","","","D1 PROFILE","",""
"80014700000033","Nodes","33","21.000000","39.860204","DDS demands","Known Flow","488600.822109","223181.934940","","0.000000","","","","","-5.130000","","","-4.587338","-5.130000","","","","","","","D1 PROFILE","",""
"80014700219105","Nodes","219105","21.000000","30.294506","Default Known Flow Node","Known Flow","488663.707858","223048.690032","","0.000000","","","","","","","","0.000000","0.000000","","","","","","","","",""
"80014700200676","Nodes","200676","21.000000","41.517316","Default Known Flow Node","Known Flow","488547.314774","223240.364459","","0.000000","","","","","","","","0.000000","0.000000","","","","","","","","",""
"80014700000030","Nodes","30","21.000000","41.351079","DDS demands","Known Flow","488517.114790","223013.548936","","0.000000","","","","","-12.879999","","","-11.517526","-12.879999","","","","","","","D1 PROFILE","",""
"80014700000034","Nodes","34","21.000000","40.739222","DDS demands","Known Flow","488598.122575","223187.811260","","0.000000","","","","","-7.409999","","","-6.626154","-7.409999","","","","","","","D1 PROFILE","",""
"80014700000092","Nodes","92","21.000000","36.109841","DDS demands","Known Flow","488705.038137","223129.250925","","0.000000","","","","","-17.190000","","","-15.371606","-17.190000","","","","","","","D1 PROFILE","",""
"80014700000093","Nodes","93","21.000000","36.123554","DDS demands","Known Flow","488656.483669","223111.910601","","0.000000","","","","","-3.499999","","","-3.129762","-3.499999","","","","","","","D1 PROFILE","",""
"80014700000094","Nodes","94","21.000000","31.596475","DDS demands","Known Flow","488724.345803","223078.625588","","0.000000","","","","","-8.649999","","","-7.734984","-8.649999","","","","","","","D1 PROFILE","",""
"80014700219106","Nodes","219106","21.000000","30.324533","Default Known Flow Node","Known Flow","488669.224797","223058.135785","","0.000000","","","","","","","","0.000000","0.000000","","","","","","","","",""
"80014700000096","Nodes","96","21.000000","30.445871","DDS demands","Known Flow","488688.129232","222984.631742","","0.000000","","","","","-9.220000","","","-8.244689","-9.220000","","","","","","","D1 PROFILE","",""
"80014700059779","Nodes","59779","21.000000","41.522462","Default Known Flow Node","Known Flow","488546.530659","223231.160673","","0.000000","","","","","","","","0.000000","0.000000","","","","","","","","",""
"80014700000134","Nodes","134","21.000000","38.597223","DDS demands","Known Flow","488642.067136","223204.046897","","0.000000","","","","","-1.909999","","","-1.707956","-1.909999","","","","","","","D1 PROFILE","",""
"80014700226806","Nodes","226806","21.000000","30.049258","Default Known Flow Node","Known Flow","488653.016924","223032.124588","","0.000000","","","","","","","","0.000000","0.000000","","","","","","","","",""
"80014700000095","Nodes","95","21.000000","30.113018","DDS demands","Known Flow","488659.468932","223054.558281","","0.000000","","","","","-11.010000","","","-9.845339","-11.010000","","","","","","","D1 PROFILE","",""
"80014700219107","Nodes","219107","21.000000","30.294506","Default Known Flow Node","Known Flow","488671.586949","223051.428263","","0.000000","","","","","","","","0.000000","0.000000","","","","","","","","",""
"80014700000142","Nodes","142","21.000000","29.869325","DDS demands","Known Flow","488582.583104","222992.820888","","0.000000","","","","","-5.539999","","","-4.953967","-5.539999","","","","","","","D1 PROFILE","",""
"80014700000140","Nodes","140","21.000000","41.773155","DDS demands","Known Flow","487930.839805","223499.888065","","0.000000","","","","","-0.920000","","","-0.822680","-0.920000","","","","","","","D1 PROFILE","",""
"80014700000141","Nodes","141","21.000000","41.580933","DDS demands","Known Flow","487896.046917","223501.300027","","0.000000","","","","","-4.380000","","","-3.916674","-4.380000","","","","","","","D1 PROFILE","",""
"80014700000052","Nodes","52","21.000000","41.080129","DDS demands","Known Flow","487943.204838","223893.324632","","0.000000","","","","","-1.549999","","","-1.386037","-1.549999","","","","","","","D1 PROFILE","",""
"80014700000111","Nodes","111","21.000000","41.127308","DDS demands","Known Flow","487949.748932","223803.646109","","0.000000","","","","","-5.400000","","-6.000000","-10.194084","-11.400000","","","","","","","D1 PROFILE","","I2 PROFILE"
"80014700000050","Nodes","50","21.000000","41.102449","DDS demands","Known Flow","487872.098910","223638.845064","","0.000000","","","","","-12.729999","","","-11.383393","-12.729999","","","","","","","D1 PROFILE","",""
"80014700000115","Nodes","115","21.000000","40.798433","DDS demands","Known Flow","487851.646224","223705.623830","","0.000000","","","","","-9.419999","","","-8.423532","-9.419999","","","","","","","D1 PROFILE","",""
"80014700000112","Nodes","112","21.000000","41.083943","Default Known Flow Node","Known Flow","487905.241920","223802.040108","","0.000000","","","","","","","","0.000000","0.000000","","","","","","","","",""
"80014700000114","Nodes","114","21.000000","41.073217","DDS demands","Known Flow","487881.258913","223739.478091","","0.000000","","","","","-3.510000","","","-3.138704","-3.510000","","","","","","","D1 PROFILE","",""
"80014700000139","Nodes","139","21.000000","41.867799","DDS demands","Known Flow","487973.948938","223549.517040","","0.000000","","","","","-20.449999","","","-18.286756","-20.449999","","","","","","","D1 PROFILE","",""
"80014700000007","Nodes","7","21.000000","39.904510","Default Known Flow Node","Known Flow","488515.610645","223129.336664","","0.000000","","","","","","","","0.000000","0.000000","","","","","","","","",""
"80014700000004","Nodes","4","21.000000","46.939998","Default Known Flow Node","Known Flow","488618.659266","222926.829428","","0.000000","","","","","","","","0.000000","0.000000","","","","","","","","",""
"80014700000002","Nodes","2","21.000000","45.053262","Default Known Flow Node","Known Flow","488566.153336","222891.479402","","0.000000","","","","","","","","0.000000","0.000000","","","","","","","","",""
"80014700006468","Nodes","8006","21.000000","21.794720","DDS demands","Known Flow","488096.075971","222488.059751","","0.000000","","-33.599998","","","","","","-30.045720","-33.599998","","","","C2 PROFILE","","","","",""
"80014700008002","Nodes","8002","21.000000","41.473718","Default Known Flow Node","Known Flow","488433.803063","222743.267820","","0.000000","","","","","","","","0.000000","0.000000","","","","","","","","",""
"80014700008005","Nodes","8005","21.000000","21.794720","Default Known Flow Node","Known Flow","488052.022959","222463.524744","","0.000000","","","","","","","","0.000000","0.000000","","","","","","","","",""
"80014700008006","Nodes","8006","21.000000","21.706575","DDS demands","Known Flow","488118.084977","222445.751739","","0.000000","","-78.249997","","","","","","-69.972545","-78.249997","","","","C2 PROFILE","","","","",""
"80014700008007","Nodes","8007","21.000000","41.961810","DDS demands","Known Flow","488393.821052","222922.538869","","0.000000","","","","","-6.699999","","","-5.991259","-6.699999","","","","","","","D1 PROFILE","",""
"80014700008083","Nodes","8083","21.000000","41.537499","Default Known Flow Node","Known Flow","488439.050065","222807.878838","","0.000000","","","","","","","","0.000000","0.000000","","","","","","","","",""
"80014700008011","Nodes","8011","21.000000","49.999970","Default Known Flow Node","Known Flow","488035.731955","222257.257688","","0.000000","","","","","","","","0.000000","0.000000","","","","","","","","",""
"80014700008012","Nodes","WING COUNTY SCHOOL (CANTEEN) RRI","21.000000","49.999970","Default Known Pressure Node","Known Pressure","488053.632960","222243.111684","","0.000000","","","","","","","","0.000000","0.000000","","","","","","","","",""
"80014700008013","Nodes","8013","21.000000","38.117937","Default Known Flow Node","Known Flow","488193.209998","222793.712834","","0.000000","","","","","","","","0.000000","0.000000","","","","","","","","",""
"80014700008017","Nodes","8017","21.000000","21.706575","Default Known Flow Node","Known Flow","488097.917022","222447.306794","","0.000000","","","","","","","","0.000000","0.000000","","","","","","","","",""
"80014700008018","Nodes","8018","21.000000","33.125943","Default Known Flow Node","Known Flow","488085.368969","222770.817828","","0.000000","","","","","","","","0.000000","0.000000","","","","","","","","",""
"80014700008021","Nodes","8021","21.000000","33.125943","Default Known Flow Node","Known Flow","488088.731439","222767.172338","","0.000000","","","","","","","","0.000000","0.000000","","","","","","","","",""
"80014700008020","Nodes","8020","21.000000","33.202031","Default Known Flow Node","Known Flow","488117.915977","222788.349833","","0.000000","","","","","","","","0.000000","0.000000","","","","","","","","",""
"80014700008022","Nodes","8022","21.000000","41.576437","Default Known Flow Node","Known Flow","488435.901064","222744.345821","","0.000000","","","","","","","","0.000000","0.000000","","","","","","","","",""
"80014700008023","Nodes","8023","21.000000","41.584163","Default Known Flow Node","Known Flow","488437.791064","222742.334820","","0.000000","","","","","","","","0.000000","0.000000","","","","","","","","",""
"80014700008024","Nodes","8024","21.000000","24.336957","Default Known Flow Node","Known Flow","488136.491982","222593.122780","","0.000000","","","","","","","","0.000000","0.000000","","","","","","","","",""
"80014700008025","Nodes","8025","21.000000","24.381566","Default Known Flow Node","Known Flow","488156.104988","222559.831770","","0.000000","","","","","","","","0.000000","0.000000","","","","","","","","",""
"80014700008026","Nodes","8026","21.000000","30.337305","Default Known Flow Node","Known Flow","488201.505000","222629.421789","","0.000000","","","","","","","","0.000000","0.000000","","","","","","","","",""
"80014700008027","Nodes","8027","21.000000","25.653716","Default Known Flow Node","Known Flow","488190.893997","222380.219722","","0.000000","","","","","","","","0.000000","0.000000","","","","","","","","",""
"80014700008033","Nodes","8033","21.000000","38.919686","DDS demands","Known Flow","488261.066016","222560.781771","","0.000000","-6.000000","","","","-2.089999","","","-7.234223","-8.090000","","","C1 PROFILE","","","","D1 PROFILE","",""
"80014700008041","Nodes","8041","21.000000","38.959755","DDS demands","Known Flow","488269.618019","222559.658770","","0.000000","","","","","-8.029999","","","-7.180569","-8.029999","","","","","","","D1 PROFILE","",""
"80014700008036","Nodes","8036","21.000000","24.006967","Default Known Flow Node","Known Flow","488130.839981","222593.544780","","0.000000","","","","","","","","0.000000","0.000000","","","","","","","","",""
"80014700008035","Nodes","8035","21.000000","23.807700","Default Known Flow Node","Known Flow","488126.980980","222603.910782","","0.000000","","","","","","","","0.000000","0.000000","","","","","","","","",""
"80014700008040","Nodes","8040","21.000000","22.876867","Default Known Flow Node","Known Flow","488072.625965","222545.450767","","0.000000","","","","","","","","0.000000","0.000000","","","","","","","","",""
"80014700008042","Nodes","8042","21.000000","38.650105","Default Known Flow Node","Known Flow","488314.079031","222461.584744","","0.000000","","","","","","","","0.000000","0.000000","","","","","","","","",""
"80014700008043","Nodes","8043","21.000000","40.259513","Default Known Flow Node","Known Flow","488386.437707","222640.641248","","0.000000","","","","","","","","0.000000","0.000000","","","","","","","","",""
"80014700008045","Nodes","8045","21.000000","24.336957","DDS demands","Known Flow","488135.096982","222595.374780","","0.000000","-3.400000","","","","-3.819999","","","-6.456253","-7.219999","","","C1 PROFILE","","","","D1 PROFILE","",""
"80014700008048","Nodes","8048","21.000000","39.293742","Default Known Flow Node","Known Flow","488187.034996","222850.800850","","0.000000","","","","","","","","0.000000","0.000000","","","","","","","","",""
"80014700008050","Nodes","8050","21.000000","49.914515","Default Known Flow Node","Known Flow","488058.716961","222253.411687","","0.000000","","","","","","","","0.000000","0.000000","","","","","","","","",""
"80014700008051","Nodes","WING COUNTY SCHOOL RRI","21.000000","49.999986","Default Known Pressure Node","Known Pressure","488118.787978","222297.234699","","0.000000","","","","","","","","5.36201881968041e-22","0.000000","","","","","","","","",""
"80014700008056","Nodes","8056","21.000000","30.308964","Default Known Flow Node","Known Flow","488188.886431","222653.158100","","0.000000","","","","","","","","0.000000","0.000000","","","","","","","","",""
"80014700008058","Nodes","8058","21.000000","38.891716","Default Known Flow Node","Known Flow","488236.080010","222558.240770","","0.000000","","","","","","","","0.000000","0.000000","","","","","","","","",""
"80014700008060","Nodes","8060","21.000000","37.283056","Default Known Flow Node","Known Flow","488102.688973","222842.239847","","0.000000","","","","","","","","0.000000","0.000000","","","","","","","","",""
"80014700008062","Nodes","8062","21.000000","42.056134","Default Known Flow Node","Known Flow","488457.847472","222768.270295","","0.000000","","","","","","","","0.000000","0.000000","","","","","","","","",""
"80014700008069","Nodes","8069","21.000000","22.466686","Default Known Flow Node","Known Flow","488094.376971","222578.997776","","0.000000","","","","","","","","0.000000","0.000000","","","","","","","","",""
"80014700008071","Nodes","8071","21.000000","22.390387","Default Known Flow Node","Known Flow","488022.267951","222573.204774","","0.000000","","","","","","","","0.000000","0.000000","","","","","","","","",""
"80014700008073","Nodes","8073","21.000000","41.053072","Default Known Flow Node","Known Flow","488294.497025","223087.167914","","0.000000","","","","","","","","0.000000","0.000000","","","","","","","","",""
"80014700008075","Nodes","8075","21.000000","43.339355","Default Known Flow Node","Known Flow","488136.945983","223414.420003","","0.000000","","","","","","","","0.000000","0.000000","","","","","","","","",""
"80014700008161","Nodes","8161","21.000000","43.299558","Default Known Flow Node","Known Flow","488131.231631","223409.306596","","0.000000","","","","","","","","0.000000","0.000000","","","","","","","","",""
"80014700008077","Nodes","8077","21.000000","36.873901","Default Known Flow Node","Known Flow","488196.055999","223113.925921","","0.000000","","","","","","","","0.000000","0.000000","","","","","","","","",""
"80014700008078","Nodes","8078","21.000000","35.951905","DDS demands","Known Flow","488225.049007","223146.126930","","0.000000","","","","","-6.439999","","","-5.758763","-6.439999","","","","","","","D1 PROFILE","",""
"80014700008079","Nodes","8079","21.000000","43.193144","DDS demands","Known Flow","488330.303035","223245.004957","","0.000000","","","","","-15.350000","","","-13.726245","-15.350000","","","","","","","D1 PROFILE","",""
"80014700008082","Nodes","8082","21.000000","35.370972","Default Known Flow Node","Known Flow","488205.906001","223184.863941","","0.000000","","","","","","","","0.000000","0.000000","","","","","","","","",""
"80014700008008","Nodes","8008","21.000000","41.781662","Default Known Flow Node","Known Flow","488452.474068","222778.046830","","0.000000","","","","","","","","0.000000","0.000000","","","","","","","","",""
"80014700008085","Nodes","8085","21.000000","33.822908","Default Known Flow Node","Known Flow","488114.260121","222795.975121","","0.000000","","","","","","","","0.000000","0.000000","","","","","","","","",""
"80014700008086","Nodes","8086","21.000000","33.866795","Default Known Flow Node","Known Flow","488140.432984","222808.881838","","0.000000","","","","","","","","0.000000","0.000000","","","","","","","","",""
"80014700008087","Nodes","8087","21.000000","43.516261","Default Known Flow Node","Known Flow","488288.488024","223201.757945","","0.000000","","","","","","","","0.000000","0.000000","","","","","","","","",""
"80014700008088","Nodes","8088","21.000000","43.516261","Default Known Flow Node","Known Flow","488305.952029","223208.827947","","0.000000","","","","","","","","0.000000","0.000000","","","","","","","","",""
"80014700008089","Nodes","8089","21.000000","43.154682","Default Known Flow Node","Known Flow","488370.150046","223299.678972","","0.000000","","","","","","","","0.000000","0.000000","","","","","","","","",""
"80014700008090","Nodes","8090","21.000000","43.154682","Default Known Flow Node","Known Flow","488374.363047","223294.428970","","0.000000","","","","","","","","0.000000","0.000000","","","","","","","","",""
"80014700008091","Nodes","8091","21.000000","45.961976","Default Known Flow Node","Known Flow","488246.718321","223257.038249","","0.000000","","","","","","","","0.000000","0.000000","","","","","","","","",""
"80014700008093","Nodes","8093","21.000000","39.415854","Default Known Flow Node","Known Flow","488415.853058","223044.963902","","0.000000","","","","","","","","0.000000","0.000000","","","","","","","","",""
"80014700008094","Nodes","8094","21.000000","39.270243","Default Known Flow Node","Known Flow","488442.068066","222979.692885","","0.000000","","","","","","","","0.000000","0.000000","","","","","","","","",""
"80014700008095","Nodes","8095","21.000000","42.392233","Default Known Flow Node","Known Flow","488438.462065","223270.585964","","0.000000","","","","","","","","0.000000","0.000000","","","","","","","","",""
"80014700008097","Nodes","8097","21.000000","39.416376","Default Known Flow Node","Known Flow","488417.699059","223046.364903","","0.000000","","","","","","","","0.000000","0.000000","","","","","","","","",""
"80014700008098","Nodes","8098","21.000000","41.362356","Default Known Flow Node","Known Flow","488260.553016","223022.893896","","0.000000","","","","","","","","0.000000","0.000000","","","","","","","","",""
"80014700008129","Nodes","8129","21.000000","41.362356","Default Known Flow Node","Known Flow","488267.162018","223005.127892","","0.000000","","","","","","","","0.000000","0.000000","","","","","","","","",""
"80014700008100","Nodes","8100","21.000000","34.915518","Default Known Flow Node","Known Flow","488114.942977","223122.133923","","0.000000","","","","","","","","0.000000","0.000000","","","","","","","","",""
"80014700008101","Nodes","8101","21.000000","34.740392","Default Known Flow Node","Known Flow","488120.808978","223135.450927","","0.000000","","","","","","","","0.000000","0.000000","","","","","","","","",""
"80014700008126","Nodes","8126","21.000000","40.976029","Default Known Flow Node","Known Flow","488315.650323","222922.012650","","0.000000","","","","","","","","0.000000","0.000000","","","","","","","","",""
"80014700008106","Nodes","8106","21.000000","45.427321","Default Known Flow Node","Known Flow","488277.107021","223274.613965","","0.000000","","","","","","","","0.000000","0.000000","","","","","","","","",""
"80014700008123","Nodes","8123","21.000000","45.411454","DDS demands","Known Flow","488278.093514","223274.357353","","0.000000","","","","","-3.469999","","","-3.102936","-3.469999","","","","","","","D1 PROFILE","",""
"80014700008107","Nodes","8107","21.000000","45.875892","Default Known Flow Node","Known Flow","488250.122013","223254.604960","","0.000000","","","","","","","","0.000000","0.000000","","","","","","","","",""
"80014700008108","Nodes","8108","21.000000","38.087341","Default Known Flow Node","Known Flow","488184.603996","222995.167889","","0.000000","","","","","","","","0.000000","0.000000","","","","","","","","",""
"80014700008109","Nodes","8109","21.000000","38.088944","Default Known Flow Node","Known Flow","488184.803996","222994.254889","","0.000000","","","","","","","","0.000000","0.000000","","","","","","","","",""
"80014700008110","Nodes","8110","21.000000","42.433358","Default Known Flow Node","Known Flow","488435.358064","223270.591964","","0.000000","","","","","","","","0.000000","0.000000","","","","","","","","",""
"80014700008112","Nodes","8112","21.000000","39.502394","Default Known Flow Node","Known Flow","488216.466004","222866.945854","","0.000000","","","","","","","","0.000000","0.000000","","","","","","","","",""
"80014700008136","Nodes","8136","21.000000","42.156169","Default Known Flow Node","Known Flow","488093.979971","223269.151963","","0.000000","","","","","","","","0.000000","0.000000","","","","","","","","",""
"80014700008116","Nodes","8116","21.000000","43.177683","Default Known Flow Node","Known Flow","488337.306801","223272.713545","","0.000000","","","","","","","","0.000000","0.000000","","","","","","","","",""
"80014700008117","Nodes","8117","21.000000","43.177683","Default Known Flow Node","Known Flow","488342.127038","223269.173963","","0.000000","","","","","","","","0.000000","0.000000","","","","","","","","",""
"80014700008118","Nodes","8118","21.000000","43.871778","Default Known Flow Node","Known Flow","488261.468016","223182.648940","","0.000000","","","","","","","","0.000000","0.000000","","","","","","","","",""
"80014700008119","Nodes","8119","21.000000","35.046614","Default Known Flow Node","Known Flow","488144.786985","223152.355932","","0.000000","","","","","","","","0.000000","0.000000","","","","","","","","",""
"80014700008120","Nodes","8120","21.000000","35.046614","Default Known Flow Node","Known Flow","488149.208986","223146.831930","","0.000000","","","","","","","","0.000000","0.000000","","","","","","","","",""
"80014700008121","Nodes","8121","21.000000","41.267617","Default Known Flow Node","Known Flow","488285.197023","222992.236888","","0.000000","","","","","","","","0.000000","0.000000","","","","","","","","",""
"80014700008124","Nodes","8124","21.000000","39.834864","Default Known Flow Node","Known Flow","488276.663021","222922.646869","","0.000000","","","","","","","","0.000000","0.000000","","","","","","","","",""
"80014700008099","Nodes","8099","21.000000","41.362356","Default Known Flow Node","Known Flow","488268.592018","223001.853891","","0.000000","","","","","","","","0.000000","0.000000","","","","","","","","",""
"80014700008128","Nodes","8128","21.000000","41.405692","Default Known Flow Node","Known Flow","488277.345021","223006.988892","","0.000000","","","","","","","","0.000000","0.000000","","","","","","","","",""
"80014700008130","Nodes","8130","21.000000","35.092806","DDS demands","Known Flow","488155.186988","223164.910935","","0.000000","","","","","-4.699999","","","-4.202823","-4.699999","","","","","","","D1 PROFILE","",""
"80014700008132","Nodes","8132","21.000000","41.212697","Default Known Flow Node","Known Flow","488325.992034","222921.270869","","0.000000","","","","","","","","0.000000","0.000000","","","","","","","","",""
"80014700008133","Nodes","8133","21.000000","41.169336","Default Known Flow Node","Known Flow","488353.639042","222848.358849","","0.000000","","","","","","","","0.000000","0.000000","","","","","","","","",""
"80014700008135","Nodes","8135","21.000000","41.734258","Default Known Flow Node","Known Flow","488498.244398","223246.623729","","0.000000","","","","","","","","0.000000","0.000000","","","","","","","","",""
"80014700008134","Nodes","8134","21.000000","41.664226","Default Known Flow Node","Known Flow","488437.090064","223174.711938","","0.000000","","","","","","","","0.000000","0.000000","","","","","","","","",""
"80014700008076","Nodes","8076","21.000000","42.377220","Default Known Flow Node","Known Flow","488131.881981","223288.505969","","0.000000","","","","","","","","0.000000","0.000000","","","","","","","","",""
"80014700008138","Nodes","8138","21.000000","43.177683","Default Known Flow Node","Known Flow","488339.024038","223257.980960","","0.000000","","","","","","","","0.000000","0.000000","","","","","","","","",""
"80014700008141","Nodes","8141","21.000000","34.987913","Default Known Flow Node","Known Flow","488130.749981","223137.178928","","0.000000","","","","","","","","0.000000","0.000000","","","","","","","","",""
"80014700008142","Nodes","8142","21.000000","39.539524","Default Known Flow Node","Known Flow","488241.098011","222873.680856","","0.000000","","","","","","","","0.000000","0.000000","","","","","","","","",""
"80014700008111","Nodes","8111","21.000000","42.426264","Default Known Flow Node","Known Flow","488415.185058","223248.526958","","0.000000","","","","","","","","0.000000","0.000000","","","","","","","","",""
"80014700008146","Nodes","8146","21.000000","42.436185","Default Known Flow Node","Known Flow","488246.551012","223100.816918","","0.000000","","","","","","","","0.000000","0.000000","","","","","","","","",""
"80014700008131","Nodes","8131","21.000000","35.092806","Default Known Flow Node","Known Flow","488160.390989","223160.092934","","0.000000","","","","","","","","0.000000","0.000000","","","","","","","","",""
"80014700008148","Nodes","8148","21.000000","35.092806","Default Known Flow Node","Known Flow","488167.590991","223168.490936","","0.000000","","","","","","","","0.000000","0.000000","","","","","","","","",""
"80014700008149","Nodes","8149","21.000000","35.046614","Default Known Flow Node","Known Flow","488151.538987","223149.648931","","0.000000","","","","","","","","0.000000","0.000000","","","","","","","","",""
"80014700008127","Nodes","8127","21.000000","38.441638","Default Known Flow Node","Known Flow","488201.487000","222914.696867","","0.000000","","","","","","","","0.000000","0.000000","","","","","","","","",""
"80014700008152","Nodes","8152","21.000000","45.004810","Default Known Flow Node","Known Flow","488253.740014","223244.301957","","0.000000","","","","","","","","0.000000","0.000000","","","","","","","","",""
"80014700008155","Nodes","8155","21.000000","35.370972","Default Known Flow Node","Known Flow","488197.273999","223192.594943","","0.000000","","","","","","","","0.000000","0.000000","","","","","","","","",""
"80014700008162","Nodes","8162","21.000000","43.299558","Default Known Flow Node","Known Flow","488129.984981","223408.559001","","0.000000","","","","","","","","0.000000","0.000000","","","","","","","","",""
"80014700008163","Nodes","8163","21.000000","42.547058","Default Known Flow Node","Known Flow","487995.795944","223566.758044","","0.000000","","","","","","","","0.000000","0.000000","","","","","","","","",""
"80014700008160","Nodes","8160","21.000000","41.775806","Default Known Flow Node","Known Flow","487932.003927","223500.808027","","0.000000","","","","","","","","0.000000","0.000000","","","","","","","","",""
"80014700008167","Nodes","8167","21.000000","41.227820","Default Known Flow Node","Known Flow","487956.226933","223759.030097","","0.000000","","","","","","","","0.000000","0.000000","","","","","","","","",""
"80014700008171","Nodes","8171","21.000000","41.080129","Default Known Flow Node","Known Flow","487943.276930","223895.576134","","0.000000","","","","","","","","0.000000","0.000000","","","","","","","","",""
"80014700008172","Nodes","8172","21.000000","46.929806","Default Known Flow Node","Known Flow","488612.341237","222927.445244","","0.000000","","","","","","","","0.000000","0.000000","","","","","","","","",""
"80014700008105","Nodes","8105","21.000000","46.886840","Default Known Flow Node","Known Flow","488613.311112","222924.686870","","0.000000","","","","","","","","0.000000","0.000000","","","","","","","","",""
"80014700008173","Nodes","8173","21.000000","46.764111","Default Known Flow Node","Known Flow","488636.457118","222928.125871","","0.000000","","","","","","","","0.000000","0.000000","","","","","","","","",""
"80014700008034","Nodes","8034","21.000000","46.962280","Default Known Flow Node","Known Flow","488632.727117","222927.206870","","0.000000","","","","","","","","0.000000","0.000000","","","","","","","","",""
"80014700008174","Nodes","8174","21.000000","41.987643","Default Known Flow Node","Known Flow","488471.852074","223263.119962","","0.000000","","","","","","","","0.000000","0.000000","","","","","","","","",""
"80014700008176","Nodes","8176","21.000000","41.522462","Default Known Flow Node","Known Flow","488531.643090","223233.219954","","0.000000","","","","","","","","0.000000","0.000000","","","","","","","","",""
"80014700008202","Nodes","8202","21.000000","41.522462","Default Known Flow Node","Known Flow","488545.366405","223231.321715","","0.000000","","","","","","","","0.000000","0.000000","","","","","","","","",""
"80014700008179","Nodes","8179","21.000000","30.045136","Default Known Flow Node","Known Flow","488652.543123","223030.062898","","0.000000","","","","","","","","0.000000","0.000000","","","","","","","","",""
"80014700008180","Nodes","8180","21.000000","41.121086","Default Known Flow Node","Known Flow","488499.649081","223033.747899","","0.000000","","","","","","","","0.000000","0.000000","","","","","","","","",""
"80014700008182","Nodes","8182","21.000000","30.294506","Default Known Flow Node","Known Flow","488662.542126","223048.284903","","0.000000","","","","","","","","0.000000","0.000000","","","","","","","","",""
"80014700008187","Nodes","8187","21.000000","30.294506","Default Known Flow Node","Known Flow","488670.101789","223050.912123","","0.000000","","","","","","","","0.000000","0.000000","","","","","","","","",""
"80014700008186","Nodes","8186","21.000000","30.294506","Default Known Flow Node","Known Flow","488667.840127","223057.626906","","0.000000","","","","","","","","0.000000","0.000000","","","","","","","","",""
"80014700008189","Nodes","8189","21.000000","31.538285","Default Known Flow Node","Known Flow","488723.191142","223077.968911","","0.000000","","","","","","","","0.000000","0.000000","","","","","","","","",""
"80014700008188","Nodes","8188","21.000000","30.108867","Default Known Flow Node","Known Flow","488658.232124","223054.104905","","0.000000","","","","","","","","0.000000","0.000000","","","","","","","","",""
"80014700008190","Nodes","8190","21.000000","39.011581","Default Known Flow Node","Known Flow","488625.739116","223209.187947","","0.000000","","","","","","","","0.000000","0.000000","","","","","","","","",""
"80014700008193","Nodes","8193","21.000000","44.922683","Default Known Flow Node","Known Flow","488550.595095","222928.566871","","0.000000","","","","","","","","0.000000","0.000000","","","","","","","","",""
"80014700008194","Nodes","8194","21.000000","44.733243","Default Known Flow Node","Known Flow","488598.582108","222930.612871","","0.000000","","","","","","","","0.000000","0.000000","","","","","","","","",""
"80014700008195","Nodes","8195","21.000000","30.052367","Default Known Flow Node","Known Flow","488653.374123","223033.678899","","0.000000","","","","","","","","0.000000","0.000000","","","","","","","","",""
"80014700008198","Nodes","8198","21.000000","38.622131","Default Known Flow Node","Known Flow","488641.112120","223204.468946","","0.000000","","","","","","","","0.000000","0.000000","","","","","","","","",""
"80014700008197","Nodes","8197","21.000000","38.796394","Default Known Flow Node","Known Flow","488647.158121","223119.971923","","0.000000","","","","","","","","0.000000","0.000000","","","","","","","","",""
"80014700008199","Nodes","8199","21.000000","46.664581","Default Known Flow Node","Known Flow","488606.092110","222929.606871","","0.000000","","","","","","","","0.000000","0.000000","","","","","","","","",""
"80014700008200","Nodes","8200","21.000000","46.632189","Default Known Flow Node","Known Flow","488605.033761","222929.612496","","0.000000","","","","","","","","0.000000","0.000000","","","","","","","","",""
"80014700008201","Nodes","8201","21.000000","41.522462","Default Known Flow Node","Known Flow","488546.128861","223240.515730","","0.000000","","","","","","","","0.000000","0.000000","","","","","","","","",""
"80014700008204","Nodes","8204","21.000000","41.099292","Default Known Flow Node","Known Flow","488597.916108","223189.698942","","0.000000","","","","","","","","0.000000","0.000000","","","","","","","","",""
"80014700008096","Nodes","8096","21.000000","41.344467","Default Known Flow Node","Known Flow","488582.358104","223229.966953","","0.000000","","","","","","","","0.000000","0.000000","","","","","","","","",""
"80014700008205","Nodes","8205","21.000000","43.447787","DDS demands","Known Flow","488482.216077","222927.068870","","0.000000","","","","-9.229999","","","","-8.253630","-9.229999","","","","","","C4 PROFILE","","",""
"80014700008206","Nodes","8206","21.000000","43.447787","Default Known Flow Node","Known Flow","488481.070076","222930.492871","","0.000000","","","","","","","","0.000000","0.000000","","","","","","","","",""
"80014700008207","Nodes","8207","21.000000","39.914171","Default Known Flow Node","Known Flow","488505.638083","223131.299926","","0.000000","","","","","","","","0.000000","0.000000","","","","","","","","",""
"80014700008209","Nodes","8209","21.000000","43.447787","Default Known Flow Node","Known Flow","488479.190076","222936.277873","","0.000000","","","","","","","","0.000000","0.000000","","","","","","","","",""
"80014700008150","Nodes","8150","21.000000","35.046614","Default Known Flow Node","Known Flow","488141.557984","223137.388928","","0.000000","","","","","","","","0.000000","0.000000","","","","","","","","",""
"80014700008139","Nodes","8139","21.000000","43.177683","Default Known Flow Node","Known Flow","488355.454042","223282.579967","","0.000000","","","","","","","","0.000000","0.000000","","","","","","","","",""
"80014700008137","Nodes","8137","21.000000","42.377220","Default Known Flow Node","Known Flow","488135.823982","223290.739969","","0.000000","","","","","","","","0.000000","0.000000","","","","","","","","",""
"80014700008014","Nodes","8014","21.000000","38.131338","Default Known Flow Node","Known Flow","488231.240008","222696.110808","","0.000000","","","","","","","","0.000000","0.000000","","","","","","","","",""
"80014700008057","Nodes","8057","21.000000","30.308964","Default Known Flow Node","Known Flow","488189.904997","222654.191796","","0.000000","","","","","","","","0.000000","0.000000","","","","","","","","",""
"80014700008144","Nodes","8144","21.000000","41.223115","Default Known Flow Node","Known Flow","488401.427055","223198.624944","","0.000000","","","","","","","","0.000000","0.000000","","","","","","","","",""
"80014700008154","Nodes","8154","21.000000","41.664226","Default Known Flow Node","Known Flow","488427.620062","223140.588928","","0.000000","","","","","","","","0.000000","0.000000","","","","","","","","",""
"80014700008115","Nodes","8115","21.000000","41.428483","Default Known Flow Node","Known Flow","488074.058965","223204.052946","","0.000000","","","","","","","","0.000000","0.000000","","","","","","","","",""
"80014700008156","Nodes","8156","21.000000","35.370972","Default Known Flow Node","Known Flow","488213.383003","223177.937939","","0.000000","","","","","","","","0.000000","0.000000","","","","","","","","",""
"80014700008080","Nodes","8080","21.000000","43.193144","Default Known Flow Node","Known Flow","488337.490037","223241.975956","","0.000000","","","","","","","","0.000000","0.000000","","","","","","","","",""
"80014700008166","Nodes","8166","21.000000","40.798433","Default Known Flow Node","Known Flow","487851.266905","223707.183083","","0.000000","","","","","","","","0.000000","0.000000","","","","","","","","",""
"80014700008203","Nodes","8203","21.000000","42.129884","Default Known Flow Node","Known Flow","488517.312086","222972.059883","","0.000000","","","","","","","","0.000000","0.000000","","","","","","","","",""
"80014700008183","Nodes","8183","21.000000","30.338713","Default Known Flow Node","Known Flow","488676.112129","223053.000905","","0.000000","","","","","","","","0.000000","0.000000","","","","","","","","",""
"80014700008192","Nodes","8192","21.000000","36.123554","Default Known Flow Node","Known Flow","488655.244124","223111.467921","","0.000000","","","","","","","","0.000000","0.000000","","","","","","","","",""
"80014700008185","Nodes","8185","21.000000","30.445871","Default Known Flow Node","Known Flow","488686.872132","222984.529886","","0.000000","","","","","","","","0.000000","0.000000","","","","","","","","",""
"80014700008177","Nodes","8177","21.000000","41.522462","Default Known Flow Node","Known Flow","488560.120098","223229.280953","","0.000000","","","","","","","","0.000000","0.000000","","","","","","","","",""
"80014700008248","Nodes","8248","21.000000","21.706575","Default Known Flow Node","Known Flow","488097.675037","222446.342423","","0.000000","","","","","","","","0.000000","0.000000","","","","","","","","",""
"80014700008249","Nodes","8249","21.000000","46.629793","Default Known Flow Node","Known Flow","488633.406144","222924.407033","","0.000000","","","","","","","","0.000000","0.000000","","","","","","","","",""
"80014700008003","Nodes","8003","21.000000","39.535098","DDS demands","Known Flow","488399.553970","223122.633005","","0.000000","","","","","-13.619999","","","-12.179247","-13.619999","","","","","","","D1 PROFILE","",""
