"NAME","TYPE","NodeDescription","NodeMinimumPressure","NodePressure","NodeSymbolName","NodeStatus","NodeXCoordinate","NodeYCoordinate","NodeFlowByCategory(Base Thermal)","NodeFlowByCategory(Base Volumetric)","NodeFlowByCategory(C1)","NodeFlowByCategory(C2)","NodeFlowByCategory(C3)","NodeFlowByCategory(C4)","NodeFlowByCategory(D1)","NodeFlowByCategory(DC)","NodeFlowByCategory(I2)","NodeFlowByCategory(PL-AF)","NodeFlowByCategory(PL-DC)","NodeThermalFlow","NodeResultFlow","NodeFlowProfileNameByCategory(Base Thermal)","NodeFlowProfileNameByCategory(Base Volumetric)","NodeFlowProfileNameByCategory(C1)","NodeFlowProfileNameByCategory(C2)","NodeFlowProfileNameByCategory(C3)","NodeFlowProfileNameByCategory(C4)","NodeFlowProfileNameByCategory(D1)","NodeFlowProfileNameByCategory(DC)","NodeFlowProfileNameByCategory(I2)","NodeFlowProfileNameByCategory(PL-AF)","NodeFlowProfileNameByCategory(PL-DC)"
"80012500000039","Nodes","39","21.000000","26.307837","DDS demands","Known Flow","452181.004199","157865.575167","","0.000000","","","","","-9.750000","","","","","-8.718624","-9.750000","","","","","","","D1 PROFILE","","","",""
"80012500000080","Nodes","80","21.000000","28.016397","DDS demands","Known Flow","452293.643229","158238.169268","","0.000000","","","","","-1.009999","","","","","-0.903160","-1.009999","","","","","","","D1 PROFILE","","","",""
"80012500000159","Nodes","159","21.000000","31.218189","DDS demands","Known Flow","453089.610446","158742.722405","","0.000000","","","","","-4.829999","","","","","-4.319072","-4.829999","","","","","","","D1 PROFILE","","","",""
"80012500001006","Nodes","1006","21.000000","31.272181","Default Known Flow Node","Known Flow","453118.098454","158743.855406","","0.000000","","","","","","","","","","0.000000","0.000000","","","","","","","","","","",""
"80012500000157","Nodes","157","21.000000","31.281777","DDS demands","Known Flow","453118.275454","158750.068407","","0.000000","","","","","-6.510000","","","","","-5.821358","-6.510000","","","","","","","D1 PROFILE","","","",""
"80012500000005","Nodes","5","21.000000","36.973111","DDS demands","Known Flow","453062.036438","158652.362381","","0.000000","","","","","-10.220000","","","","","-9.138907","-10.220000","","","","","","","D1 PROFILE","","","",""
"80012500001004","Nodes","1004","21.000000","36.794688","DDS demands","Known Flow","453115.783900","158691.109612","","0.000000","","","","","-0.990000","","","","","-0.885275","-0.990000","","","","","","","D1 PROFILE","","","",""
"80012500000153","Nodes","153","21.000000","31.234494","DDS demands","Known Flow","453308.743837","158744.562388","","0.000000","","","","","-2.269999","","","","","-2.029874","-2.269999","","","","","","","D1 PROFILE","","","",""
"80012500000008","Nodes","8","21.000000","31.672188","DDS demands","Known Flow","453408.782533","158688.995391","","0.000000","","","","","-10.069999","","","","","-9.004774","-10.069999","","","","","","","D1 PROFILE","","","",""
"80012500000152","Nodes","Logger 0644, 30 Coppice Road","21.000000","31.061550","Val Log Cath","Known Flow","453192.075474","158798.230420","","0.000000","","","","","-15.070000","","","","","-13.475863","-15.070000","","","","","","","D1 PROFILE","","","",""
"80012500000161","Nodes","161","21.000000","29.607758","DDS demands","Known Flow","452469.170498","158532.559332","","0.000000","-9.939999","","","-6.000000","-25.189999","","-1.269999","","","-37.914839","-42.399998","","","C1 PROFILE","","","C4 PROFILE","D1 PROFILE","","I2 PROFILE","",""
"80012500000074","Nodes","74","21.000000","28.625153","DDS demands","Known Flow","452412.253261","158898.700448","","0.000000","","","","","-8.739999","","","","","-7.815464","-8.739999","","","","","","","D1 PROFILE","","","",""
"80012500000072","Nodes","72","21.000000","28.582465","DDS demands","Known Flow","452452.928614","158938.758100","","0.000000","","","","","-6.300000","","","","","-5.633573","-6.300000","","","","","","","D1 PROFILE","","","",""
"80012500008000","Nodes","Logger 0627, Hardys Field","21.000000","25.857012","Val Log Post","Known Flow","452155.921444","159261.954126","","0.000000","","","","","","","","","","0.000000","0.000000","","","","","","","","","","",""
"80012500000109","Nodes","109","21.000000","25.899914","DDS demands","Known Flow","452203.043326","159244.444426","","0.000000","","","","","-4.179999","","","","","-3.737830","-4.179999","","","","","","","D1 PROFILE","","","",""
"80012500008001","Nodes","Logger 0642, Newbury Road","21.000000","31.935137","Val Log Cath","Known Flow","452461.002617","158780.434298","","0.000000","","","","","","","","","","0.000000","0.000000","","","","","","","","","","",""
"80012500000058","Nodes","58","21.000000","29.690453","DDS demands","Known Flow","452399.472338","158837.899634","","0.000000","","","","","-9.180000","","","","","-8.208920","-9.180000","","","","","","","D1 PROFILE","","","",""
"80012500000129","Nodes","Logger 0630, Ash Grove","21.000000","27.285532","Val Log Post","Known Flow","452759.928356","159036.740485","","0.000000","","","","","-1.440000","","","","","-1.287673","-1.440000","","","","","","","D1 PROFILE","","","",""
"80012500000065","Nodes","65","21.000000","28.842489","DDS demands","Known Flow","452316.554235","158993.680474","","0.000000","","","","","-1.120000","","","","","-1.001524","-1.120000","","","","","","","D1 PROFILE","","","",""
"80012500000017","Nodes","17","21.000000","31.655234","DDS demands","Known Flow","452963.253554","159004.653574","","0.000000","","","","","-6.849999","","","","","-6.125392","-6.849999","","","","","","","D1 PROFILE","","","",""
"80012500000052","Nodes","52","21.000000","36.994764","Default Known Flow Node","Known Flow","453065.092603","158657.852944","","0.000000","","","","","","","","","","0.000000","0.000000","","","","","","","","","","",""
"80012500000001","Nodes","Basingstoke Road DG, Site ID 4262","21.000000","37.000000","Default Known Pressure Node","Known Pressure","453067.072440","158657.468382","","1831.000019","","","","","","","","","","1082.075195","1210.079937","","","","","","","","","","",""
"80012500001001","Nodes","1001","21.000000","31.368785","Default Known Flow Node","Known Flow","453083.190444","158843.559433","","0.000000","","","","","","","","","","0.000000","0.000000","","","","","","","","","","",""
"80012500000151","Nodes","151","21.000000","31.427612","DDS demands","Known Flow","453071.679441","158847.864434","","0.000000","","","","","-7.690000","","","","","-6.876535","-7.690000","","","","","","","D1 PROFILE","","","",""
"80012500231636","Nodes","231636","21.000000","32.418929","Default Known Flow Node","Known Flow","453022.345304","158875.900306","","0.000000","","","","","","","","","","0.000000","0.000000","","","","","","","","","","",""
"80012500000158","Nodes","158","21.000000","30.976158","DDS demands","Known Flow","453127.063456","158826.871428","","0.000000","","","","","-16.899999","","","","","-15.112282","-16.899999","","","","","","","D1 PROFILE","","","",""
"80012500000122","Nodes","122","21.000000","30.253926","DDS demands","Known Flow","452277.518567","158876.037207","","0.000000","","","-4.570000","","-9.220000","","","","","-12.331264","-13.790000","","","","","C3 PROFILE","","D1 PROFILE","","","",""
"80012500000199","Nodes","199","21.000000","28.850787","Default Known Flow Node","Known Flow","452306.904233","158994.567474","","0.000000","","","","","","","","","","0.000000","0.000000","","","","","","","","","","",""
"80012500000111","Nodes","111","21.000000","25.793471","DDS demands","Known Flow","452156.272192","159284.214553","","0.000000","","","","","-3.469999","","","","","-3.102936","-3.469999","","","","","","","D1 PROFILE","","","",""
"80012500000093","Nodes","93","21.000000","36.797236","Default Known Flow Node","Known Flow","452983.558417","158658.170382","","0.000000","","","","","","","","","","0.000000","0.000000","","","","","","","","","","",""
"80012500000182","Nodes","182","21.000000","36.739636","Default Known Flow Node","Known Flow","452974.367511","158635.346299","","0.000000","","","","","","","","","","0.000000","0.000000","","","","","","","","","","",""
"80012500000184","Nodes","184","21.000000","36.862595","DDS demands","Known Flow","452969.255173","158622.650660","","0.000000","","","","","-2.689999","","","","","-2.405446","-2.689999","","","","","","","D1 PROFILE","","","",""
"80012500000096","Nodes","96","21.000000","27.018780","DDS demands","Known Flow","452410.836261","159123.134509","","0.000000","","","","","-9.739999","","","","","-8.709681","-9.739999","","","","","","","D1 PROFILE","","","",""
"80012500000097","Nodes","97","21.000000","26.938873","DDS demands","Known Flow","452403.458406","159160.219597","","0.000000","","","","","-0.889999","","","","","-0.795853","-0.889999","","","","","","","D1 PROFILE","","","",""
"80012500000186","Nodes","186","21.000000","36.853764","DDS demands","Known Flow","452964.301439","158602.966313","","0.000000","","","","","-10.060000","","","","","-8.995832","-10.060000","","","","","","","D1 PROFILE","","","",""
"80012500000055","Nodes","55","21.000000","36.975305","DDS demands","Known Flow","453020.272427","158531.373348","","0.000000","","","","","-5.449999","","","","","-4.873487","-5.449999","","","","","","","D1 PROFILE","","","",""
"80012500000033","Nodes","33","21.000000","28.635228","DDS demands","Known Flow","452346.727244","158400.540312","","0.000000","","","","","-15.339999","","","","","-13.717302","-15.339999","","","","","","","D1 PROFILE","","","",""
"80012500000160","Nodes","160","21.000000","36.120969","DDS demands","Known Flow","452865.118385","158690.770391","","0.000000","","","","","-3.020000","","","","","-2.700538","-3.020000","","","","","","","D1 PROFILE","","","",""
"80012500000145","Nodes","145","21.000000","33.950012","DDS demands","Known Flow","452872.032351","158611.349448","","0.000000","","","","","-6.510000","","","","","-5.821358","-6.510000","","","","","","","D1 PROFILE","","","",""
"80012500000146","Nodes","146","21.000000","31.918879","DDS demands","Known Flow","452900.979394","158517.570344","","0.000000","","","","","-5.530000","","","","","-4.945025","-5.530000","","","","","","","D1 PROFILE","","","",""
"80012500000049","Nodes","49","21.000000","32.952642","DDS demands","Known Flow","452810.912370","158736.529404","","0.000000","","","","","-3.960000","","","","","-3.541102","-3.960000","","","","","","","D1 PROFILE","","","",""
"80012500000137","Nodes","137","21.000000","32.915594","DDS demands","Known Flow","452834.752247","158778.919972","","0.000000","","","","","-2.549999","","","","","-2.280255","-2.549999","","","","","","","D1 PROFILE","","","",""
"80012500000048","Nodes","48","21.000000","32.921257","DDS demands","Known Flow","452847.544380","158786.480417","","0.000000","","","","","-2.130000","","","","","-1.904684","-2.130000","","","","","","","D1 PROFILE","","","",""
"80012500000032","Nodes","32","21.000000","32.850837","DDS demands","Known Flow","452573.767305","158687.470390","","0.000000","","","-4.039999","","-9.639999","","","","","-12.232900","-13.679999","","","","","C3 PROFILE","","D1 PROFILE","","","",""
"80012500000060","Nodes","60","21.000000","28.704497","DDS demands","Known Flow","452391.803256","158897.896448","","0.000000","","","","","-7.909999","","","","","-7.073263","-7.909999","","","","","","","D1 PROFILE","","","",""
"80012500000079","Nodes","79","21.000000","28.344332","DDS demands","Known Flow","452304.517772","158299.308683","","0.000000","","","","-6.730000","-3.810000","","","","","-9.425057","-10.540000","","","","","","C4 PROFILE","D1 PROFILE","","","",""
"80012500000036","Nodes","Logger 0647, 56 Swan Street","21.000000","28.562334","Val Log Cath","Known Flow","452325.450238","158378.929306","","0.000000","","","","","-8.669999","","","","","-7.752868","-8.669999","","","","","","","D1 PROFILE","","","",""
"80012500000056","Nodes","56","21.000000","28.476713","DDS demands","Known Flow","452307.579233","158417.709317","","0.000000","","","","","-3.759999","","","","","-3.362259","-3.759999","","","","","","","D1 PROFILE","","","",""
"80012500000189","Nodes","189","21.000000","25.055959","DDS demands","Known Flow","453366.367521","158485.245335","","0.000000","","","","","-3.209999","","","","","-2.870439","-3.209999","","","","","","","D1 PROFILE","","","",""
"80012500000170","Nodes","170","21.000000","25.067022","DDS demands","Known Flow","453359.519519","158498.811339","","0.000000","","","","","-9.790000","","","","","-8.754393","-9.790000","","","","","","","D1 PROFILE","","","",""
"80012500000179","Nodes","179","21.000000","28.817067","DDS demands","Known Flow","452131.184185","158698.693393","","0.000000","","","","","-4.380000","","","","","-3.916674","-4.380000","","","","","","","D1 PROFILE","","","",""
"80012500000198","Nodes","198","21.000000","28.758629","DDS demands","Known Flow","452183.994641","158710.382966","","0.000000","-15.999999","","","","","","","","","-14.307486","-15.999999","","","C1 PROFILE","","","","","","","",""
"80012500000177","Nodes","177","21.000000","29.977221","DDS demands","Known Flow","452295.538230","158655.836382","","0.000000","","","","","-6.829999","","","","","-6.107508","-6.829999","","","","","","","D1 PROFILE","","","",""
"80012500000178","Nodes","178","21.000000","30.291272","DDS demands","Known Flow","452274.237185","158708.261001","","0.000000","","","","","-2.460000","","","","","-2.199776","-2.460000","","","","","","","D1 PROFILE","","","",""
"80012500000124","Nodes","124","21.000000","31.115698","DDS demands","Known Flow","452300.565231","158829.075429","","0.000000","","","","","-6.340000","","","","","-5.669341","-6.340000","","","","","","","D1 PROFILE","","","",""
"80012500000125","Nodes","125","21.000000","31.814401","DDS demands","Known Flow","452342.481242","158818.113426","","0.000000","","","","","-2.789999","","","","","-2.494867","-2.789999","","","","","","","D1 PROFILE","","","",""
"80012500231514","Nodes","231514","21.000000","28.690293","Default Known Flow Node","Known Flow","452380.780253","158951.289462","","0.000000","","","","","","","","","","0.000000","0.000000","","","","","","","","","","",""
"80012500000128","Nodes","128","21.000000","30.299010","DDS demands","Known Flow","452272.620223","158708.655396","","0.000000","","","","","-2.190000","","","","","-1.958337","-2.190000","","","","","","","D1 PROFILE","","","",""
"80012500000127","Nodes","127","21.000000","30.361903","DDS demands","Known Flow","452280.573226","158728.398401","","0.000000","","","","","-1.659999","","","","","-1.484401","-1.659999","","","","","","","D1 PROFILE","","","",""
"80012500000123","Nodes","123","21.000000","30.341711","DDS demands","Known Flow","452222.812210","158864.268438","","0.000000","","","","","-4.289999","","","","","-3.836194","-4.289999","","","","","","","D1 PROFILE","","","",""
"80012500000126","Nodes","126","21.000000","30.834579","DDS demands","Known Flow","452292.694229","158785.944417","","0.000000","","","-2.959999","","-10.779999","","","","","-12.286553","-13.739998","","","","","C3 PROFILE","","D1 PROFILE","","","",""
"80012500000051","Nodes","51","21.000000","30.866613","DDS demands","Known Flow","452292.259229","158796.820420","","0.000000","","","","","-1.309999","","","","","-1.171425","-1.309999","","","","","","","D1 PROFILE","","","",""
"80012500000045","Nodes","45","21.000000","30.996384","Default Known Flow Node","Known Flow","452293.629229","158830.824429","","0.000000","","","","","","","","","","0.000000","0.000000","","","","","","","","","","",""
"80012500000050","Nodes","50","21.000000","30.651496","DDS demands","Known Flow","452352.911245","158773.744414","","0.000000","","","","","-6.300000","","","","","-5.633573","-6.300000","","","","","","","D1 PROFILE","","","",""
"80012500231504","Nodes","231504","21.000000","28.824360","Default Known Flow Node","Known Flow","452307.831149","158998.325401","","0.000000","","","","","","","","","","0.000000","0.000000","","","","","","","","","","",""
"80012500000064","Nodes","64","21.000000","28.825757","DDS demands","Known Flow","452323.089326","158992.471283","","0.000000","","","","","-2.609999","","","","","-2.333908","-2.609999","","","","","","","D1 PROFILE","","","",""
"80012500000062","Nodes","62","21.000000","28.664667","DDS demands","Known Flow","452380.493947","158986.897827","","0.000000","","","","","-4.060000","","","","","-3.630524","-4.060000","","","","","","","D1 PROFILE","","","",""
"80012500000057","Nodes","57","21.000000","28.877468","DDS demands","Known Flow","452385.573254","158841.501432","","0.000000","","","","","-3.089999","","","","","-2.763133","-3.089999","","","","","","","D1 PROFILE","","","",""
"80012500000061","Nodes","61","21.000000","28.655125","DDS demands","Known Flow","452387.204187","158984.928319","","0.000000","","","","","-9.300000","","","","","-8.316226","-9.300000","","","","","","","D1 PROFILE","","","",""
"80012500000063","Nodes","63","21.000000","28.596910","DDS demands","Known Flow","452345.323243","158999.812475","","0.000000","","","","","-3.999999","","","","","-3.576871","-3.999999","","","","","","","D1 PROFILE","","","",""
"80012500000066","Nodes","66","21.000000","28.571513","DDS demands","Known Flow","452453.080273","158972.335468","","0.000000","","","","","-5.989999","","","","","-5.356365","-5.989999","","","","","","","D1 PROFILE","","","",""
"80012500000059","Nodes","59","21.000000","28.871341","DDS demands","Known Flow","452387.873255","158881.170443","","0.000000","","","","","-3.899999","","","","","-3.487449","-3.899999","","","","","","","D1 PROFILE","","","",""
"80012500000071","Nodes","71","21.000000","28.570407","DDS demands","Known Flow","452453.057273","158966.337466","","0.000000","","","","","-5.099999","","","","","-4.560511","-5.099999","","","","","","","D1 PROFILE","","","",""
"80012500231534","Nodes","231534","21.000000","28.276027","Default Known Flow Node","Known Flow","452499.397981","158997.901475","","0.000000","","","","","","","","","","0.000000","0.000000","","","","","","","","","","",""
"80012500000075","Nodes","75","21.000000","32.177219","DDS demands","Known Flow","452460.619275","158760.893410","","0.000000","","","","","-6.670000","","","","","-5.964433","-6.670000","","","","","","","D1 PROFILE","","","",""
"80012500231532","Nodes","231532","21.000000","32.307604","Default Known Flow Node","Known Flow","452474.773278","158731.493402","","0.000000","","","","","","","","","","0.000000","0.000000","","","","","","","","","","",""
"80012500231523","Nodes","231523","21.000000","32.307604","Default Known Flow Node","Known Flow","452451.334368","158727.453344","","0.000000","","","","","","","","","","0.000000","0.000000","","","","","","","","","","",""
"80012500000040","Nodes","40","21.000000","32.603965","DDS demands","Known Flow","452529.009293","158704.994395","","0.000000","","-15.339999","","-13.290000","-14.199999","","","","","-38.299353","-42.829999","","","","C2 PROFILE","","C4 PROFILE","D1 PROFILE","","","",""
"80012500231539","Nodes","231539","21.000000","32.814422","Default Known Flow Node","Known Flow","452567.389304","158690.609391","","0.000000","","","","","","","","","","0.000000","0.000000","","","","","","","","","","",""
"80012500000193","Nodes","193","21.000000","32.249811","DDS demands","Known Flow","452572.392305","158513.852343","","0.000000","","","","","-11.510000","","","","","-10.292448","-11.510000","","","","","","","D1 PROFILE","","","",""
"80012500000197","Nodes","197","21.000000","32.627174","Default Known Flow Node","Known Flow","452559.403048","158550.114015","","0.000000","","","","","","","","","","0.000000","0.000000","","","","","","","","","","",""
"80012500000042","Nodes","42","21.000000","31.465860","DDS demands","Known Flow","452578.884307","158831.763430","","0.000000","","","","","-5.929999","","","","","-5.302711","-5.929999","","","","","","","D1 PROFILE","","","",""
"80012500000041","Nodes","41","21.000000","31.604150","DDS demands","Known Flow","452544.422297","158850.700435","","0.000000","","","","","-10.379999","","","","","-9.281981","-10.379999","","","","","","","D1 PROFILE","","","",""
"80012500000035","Nodes","35","21.000000","32.993263","DDS demands","Known Flow","452593.833311","158528.801347","","0.000000","","","","","-3.069999","","","","","-2.745248","-3.069999","","","","","","","D1 PROFILE","","","",""
"80012500000047","Nodes","47","21.000000","32.948836","DDS demands","Known Flow","452626.610103","158579.562162","","0.000000","","","","","-23.379998","","","","","-20.906812","-23.379998","","","","","","","D1 PROFILE","","","",""
"80012500000043","Nodes","43","21.000000","31.480447","DDS demands","Known Flow","452609.107315","158919.683453","","0.000000","","","","","-10.490000","","","","","-9.380345","-10.490000","","","","","","","D1 PROFILE","","","",""
"80012500231554","Nodes","231554","21.000000","32.950692","Default Known Flow Node","Known Flow","452634.289689","158584.596228","","0.000000","","","","","","","","","","0.000000","0.000000","","","","","","","","","","",""
"80012500000030","Nodes","30","21.000000","35.450362","DDS demands","Known Flow","452683.909335","158546.654352","","0.000000","","","","","-5.469999","","","","","-4.891371","-5.469999","","","","","","","D1 PROFILE","","","",""
"80012500231573","Nodes","231573","21.000000","35.851384","Default Known Flow Node","Known Flow","452778.063198","158566.143110","","0.000000","","","","","","","","","","0.000000","0.000000","","","","","","","","","","",""
"80012500000026","Nodes","26","21.000000","33.031854","DDS demands","Known Flow","452724.934286","158606.720369","","0.000000","","","","","-5.420000","","","","","-4.846660","-5.420000","","","","","","","D1 PROFILE","","","",""
"80012500231565","Nodes","231565","21.000000","34.729292","Default Known Flow Node","Known Flow","452732.280547","158672.113543","","0.000000","","","","","","","","","","0.000000","0.000000","","","","","","","","","","",""
"80012500231567","Nodes","231567","21.000000","34.729292","Default Known Flow Node","Known Flow","452739.380140","158671.908752","","0.000000","","","","","","","","","","0.000000","0.000000","","","","","","","","","","",""
"80012500000136","Nodes","136","21.000000","32.279663","DDS demands","Known Flow","452810.314370","158811.109424","","0.000000","","-21.350000","","","","","","","","-19.091553","-21.350000","","","","C2 PROFILE","","","","","","",""
"80012500000085","Nodes","85","21.000000","32.089193","DDS demands","Known Flow","452841.131378","158872.086441","","0.000000","","","","","-3.349999","","","","","-2.995629","-3.349999","","","","","","","D1 PROFILE","","","",""
"80012500231587","Nodes","231587","21.000000","32.077565","Default Known Flow Node","Known Flow","452816.698372","158874.363441","","0.000000","","","","","","","","","","0.000000","0.000000","","","","","","","","","","",""
"80012500000148","Nodes","148","21.000000","31.756628","DDS demands","Known Flow","452872.531387","158540.675350","","0.000000","","","","","-3.349999","","","","","-2.995629","-3.349999","","","","","","","D1 PROFILE","","","",""
"80012500231611","Nodes","231611","21.000000","31.849199","Default Known Flow Node","Known Flow","452927.102402","158949.399462","","0.000000","","","","","","","","","","0.000000","0.000000","","","","","","","","","","",""
"80012500231614","Nodes","231614","21.000000","31.849199","Default Known Flow Node","Known Flow","452945.343407","158971.395468","","0.000000","","","","","","","","","","0.000000","0.000000","","","","","","","","","","",""
"80012500231625","Nodes","231625","21.000000","33.342301","Default Known Flow Node","Known Flow","452980.153416","158902.759449","","0.000000","","","","","","","","","","0.000000","0.000000","","","","","","","","","","",""
"80012500231629","Nodes","231629","21.000000","33.342301","Default Known Flow Node","Known Flow","452997.347421","158921.900454","","0.000000","","","","","","","","","","0.000000","0.000000","","","","","","","","","","",""
"80012500000034","Nodes","34","21.000000","32.960308","DDS demands","Known Flow","452585.856249","158557.944362","","0.000000","","","","","-3.880000","","","","","-3.469565","-3.880000","","","","","","","D1 PROFILE","","","",""
"80012500231537","Nodes","231537","21.000000","32.634652","Default Known Flow Node","Known Flow","452555.066300","158558.750355","","0.000000","","","","","","","","","","0.000000","0.000000","","","","","","","","","","",""
"80012500000031","Nodes","31","21.000000","33.035775","DDS demands","Known Flow","452592.062310","158679.463388","","0.000000","-2.009999","","","","","","","","","-1.797377","-2.009999","","","C1 PROFILE","","","","","","","",""
"80012500231548","Nodes","231548","21.000000","32.976954","Default Known Flow Node","Known Flow","452594.348892","158562.449790","","0.000000","","","","","","","","","","0.000000","0.000000","","","","","","","","","","",""
"80012500000140","Nodes","140","21.000000","32.841578","DDS demands","Known Flow","452591.756310","158636.740376","","0.000000","","","","","-9.840000","","","","","-8.799104","-9.840000","","","","","","","D1 PROFILE","","","",""
"80012500000141","Nodes","141","21.000000","32.836829","DDS demands","Known Flow","452614.886317","158640.845378","","0.000000","","","","","-1.700000","","","","","-1.520170","-1.700000","","","","","","","D1 PROFILE","","","",""
"80012500000138","Nodes","138","21.000000","33.191263","DDS demands","Known Flow","452610.030315","158674.233387","","0.000000","","","","-5.389999","-10.509999","","","","","-14.218064","-15.899999","","","","","","C4 PROFILE","D1 PROFILE","","","",""
"80012500000142","Nodes","142","21.000000","33.656377","DDS demands","Known Flow","452652.669327","158675.358387","","0.000000","-1.179999","","","-6.789999","-11.459999","","","","","-17.374652","-19.429999","","","C1 PROFILE","","","C4 PROFILE","D1 PROFILE","","","",""
"80012500000139","Nodes","139","21.000000","33.048831","DDS demands","Known Flow","452599.294312","158703.478395","","0.000000","","","","","-8.529999","","","","","-7.627678","-8.529999","","","","","","","D1 PROFILE","","","",""
"80012500000180","Nodes","180","21.000000","34.359593","DDS demands","Known Flow","452719.007398","158680.254695","","0.000000","","","","","-8.039999","","","","","-7.189511","-8.039999","","","","","","","D1 PROFILE","","","",""
"80012500000143","Nodes","143","21.000000","33.743858","Default Known Flow Node","Known Flow","452652.853327","158650.331380","","0.000000","","","","","","","","","","0.000000","0.000000","","","","","","","","","","",""
"80012500231566","Nodes","231566","21.000000","34.598192","Default Known Flow Node","Known Flow","452739.353350","158681.812389","","0.000000","","","","","","","","","","0.000000","0.000000","","","","","","","","","","",""
"80012500000181","Nodes","181","21.000000","34.286019","DDS demands","Known Flow","452714.419344","158721.455400","","0.000000","","","","","-5.189999","","","","","-4.640990","-5.189999","","","","","","","D1 PROFILE","","","",""
"80012500000021","Nodes","21","21.000000","28.480286","DDS demands","Known Flow","452731.364176","158953.363867","","0.000000","","","","","-16.190000","","","","","-14.477388","-16.190000","","","","","","","D1 PROFILE","","","",""
"80012500000023","Nodes","P07112697, Stokins Road Lower, 5.63","22.999998","27.488423","CSEP DDS Matched","Known Flow","452754.136383","159020.915061","","0.000000","","","","","-5.179999","-5.630000","","","","-9.666495","-10.809999","","","","","","","D1 PROFILE","DC PROFILE","","",""
"80012500231572","Nodes","231572","21.000000","31.410602","Default Known Flow Node","Known Flow","452777.216448","158941.507871","","0.000000","","","","","","","","","","0.000000","0.000000","","","","","","","","","","",""
"80012500000024","Nodes","24","21.000000","35.393826","DDS demands","Known Flow","452812.660370","158692.735392","","0.000000","-6.000000","","","","-8.499999","","","","","-12.966159","-14.500000","","","C1 PROFILE","","","","D1 PROFILE","","","",""
"80012500231571","Nodes","231571","21.000000","34.729292","Default Known Flow Node","Known Flow","452750.164353","158673.676387","","0.000000","","","","","","","","","","0.000000","0.000000","","","","","","","","","","",""
"80012500000092","Nodes","92","21.000000","35.425198","DDS demands","Known Flow","452802.387368","158639.237377","","0.000000","","","","","-10.459999","","","","","-9.353518","-10.459999","","","","","","","D1 PROFILE","","","",""
"80012500231591","Nodes","231591","21.000000","35.510370","Default Known Flow Node","Known Flow","452828.240375","158607.208368","","0.000000","","","","","","","","","","0.000000","0.000000","","","","","","","","","","",""
"80012500000091","Nodes","91","21.000000","35.441246","DDS demands","Known Flow","452807.274369","158667.525385","","0.000000","","","","","-12.689999","","","","","-11.347624","-12.689999","","","","","","","D1 PROFILE","","","",""
"80012500081929","Nodes","81929","21.000000","35.425198","Default Known Flow Node","Known Flow","452790.168364","158639.710377","","0.000000","","","","","","","","","","0.000000","0.000000","","","","","","","","","","",""
"80012500231576","Nodes","231576","21.000000","35.441246","Default Known Flow Node","Known Flow","452792.626365","158669.710385","","0.000000","","","","","","","","","","0.000000","0.000000","","","","","","","","","","",""
"80012500000084","Nodes","84","21.000000","32.235589","DDS demands","Known Flow","452807.223186","158815.406944","","0.000000","","","","","-18.059999","","","","","-16.149575","-18.059999","","","","","","","D1 PROFILE","","","",""
"80012500000081","Nodes","81","21.000000","32.323502","Default Known Flow Node","Known Flow","452745.920352","158771.023413","","0.000000","","","","","","","","","","0.000000","0.000000","","","","","","","","","","",""
"80012500000011","Nodes","11","21.000000","35.669596","DDS demands","Known Flow","452838.491794","158695.193991","","0.000000","-11.130000","","","-6.000000","","","","","","-15.317953","-17.130000","","","C1 PROFILE","","","C4 PROFILE","","","","",""
"80012500081930","Nodes","81930","21.000000","32.077565","Default Known Flow Node","Known Flow","452817.059372","158879.326442","","0.000000","","","","","","","","","","0.000000","0.000000","","","","","","","","","","",""
"80012500231597","Nodes","231597","21.000000","34.076310","Default Known Flow Node","Known Flow","452851.101381","158722.766400","","0.000000","","","","","","","","","","0.000000","0.000000","","","","","","","","","","",""
"80012500000022","Nodes","22","21.000000","31.410602","DDS demands","Known Flow","452864.094421","158936.196118","","0.000000","","","","","-11.439999","","","","","-10.229852","-11.439999","","","","","","","D1 PROFILE","","","",""
"80012500231602","Nodes","231602","21.000000","33.433294","Default Known Flow Node","Known Flow","452875.261555","158774.614753","","0.000000","","","","","","","","","","0.000000","0.000000","","","","","","","","","","",""
"80012500000090","Nodes","90","21.000000","33.671215","DDS demands","Known Flow","452886.304390","158766.945412","","0.000000","","","-2.190000","-1.360000","-16.129999","","","","","-17.598207","-19.680000","","","","","C3 PROFILE","C4 PROFILE","D1 PROFILE","","","",""
"80012500000144","Nodes","144","21.000000","36.448130","DDS demands","Known Flow","452880.845859","158687.184996","","0.000000","","","","","-4.539999","","","","","-4.059749","-4.539999","","","","","","","D1 PROFILE","","","",""
"80012500231606","Nodes","231606","21.000000","36.448130","Default Known Flow Node","Known Flow","452883.366390","158686.610390","","0.000000","","","","","","","","","","0.000000","0.000000","","","","","","","","","","",""
"80012500000149","Nodes","149","21.000000","36.784028","DDS demands","Known Flow","452975.587415","158671.212386","","0.000000","","","","","-2.990000","","","","","-2.673711","-2.990000","","","","","","","D1 PROFILE","","","",""
"80012500231608","Nodes","231608","21.000000","33.660752","Default Known Flow Node","Known Flow","452895.348393","158769.564413","","0.000000","","","","","","","","","","0.000000","0.000000","","","","","","","","","","",""
"80012500231612","Nodes","231612","21.000000","33.621688","Default Known Flow Node","Known Flow","452929.376402","158778.071415","","0.000000","","","","","","","","","","0.000000","0.000000","","","","","","","","","","",""
"80012500000147","Nodes","147","21.000000","31.454312","DDS demands","Known Flow","452876.298388","158433.794321","","0.000000","","","","","-10.989999","","","","","-9.827454","-10.989999","","","","","","","D1 PROFILE","","","",""
"80012500231613","Nodes","231613","21.000000","33.563151","Default Known Flow Node","Known Flow","452944.986406","158816.871425","","0.000000","","","","","","","","","","0.000000","0.000000","","","","","","","","","","",""
"80012500231618","Nodes","231618","21.000000","31.672238","Default Known Flow Node","Known Flow","452959.843786","158999.551676","","0.000000","","","","","","","","","","0.000000","0.000000","","","","","","","","","","",""
"80012500000015","Nodes","15","21.000000","31.882672","DDS demands","Known Flow","452954.437409","158966.191466","","0.000000","","","","","-10.430000","","","","","-9.326693","-10.430000","","","","","","","D1 PROFILE","","","",""
"80012500000016","Nodes","16","21.000000","31.565255","DDS demands","Known Flow","452916.712631","158928.732939","","0.000000","","","","","-3.619999","","","","","-3.237068","-3.619999","","","","","","","D1 PROFILE","","","",""
"80012500231619","Nodes","231619","21.000000","33.419905","Default Known Flow Node","Known Flow","452968.309516","158859.014076","","0.000000","","","","","","","","","","0.000000","0.000000","","","","","","","","","","",""
"80012500231622","Nodes","231622","21.000000","33.404623","Default Known Flow Node","Known Flow","452973.665346","158871.682680","","0.000000","","","","","","","","","","0.000000","0.000000","","","","","","","","","","",""
"80012500000150","Nodes","150","21.000000","36.746766","Default Known Flow Node","Known Flow","452974.428414","158662.106383","","0.000000","","","","","","","","","","0.000000","0.000000","","","","","","","","","","",""
"80012500081932","Nodes","81932","21.000000","36.746766","Default Known Flow Node","Known Flow","452969.543413","158663.184384","","0.000000","","","","","","","","","","0.000000","0.000000","","","","","","","","","","",""
"80012500000010","Nodes","P07114869, Plots 1-10, The Hook,  Basingstoke Road, 13.66 ( CT 28.8 )","24.000000","36.978527","CSEP DDS Matched","Known Flow","453063.832012","158652.350617","","0.000000","","","","","","-28.799999","","","","-25.753474","-28.799999","","","","","","","","DC PROFILE","","",""
"80012500000168","Nodes","168","21.000000","25.572856","DDS demands","Known Flow","453363.307600","158536.932036","","0.000000","","","","","-6.520000","","","","","-5.830300","-6.520000","","","","","","","D1 PROFILE","","","",""
"80012500000014","Nodes","14","21.000000","33.334090","DDS demands","Known Flow","453004.358410","158920.542871","","0.000000","","","","","-23.500000","","","","","-21.014121","-23.500000","","","","","","","D1 PROFILE","","","",""
"80012500231632","Nodes","231632","21.000000","33.333690","Default Known Flow Node","Known Flow","453006.530423","158919.231453","","0.000000","","","","","","","","","","0.000000","0.000000","","","","","","","","","","",""
"80012500000078","Nodes","78","21.000000","30.951341","DDS demands","Known Flow","453103.803721","158537.612345","","0.000000","","","","","-10.710000","","","","","-9.577073","-10.710000","","","","","","","D1 PROFILE","","","",""
"80012500231649","Nodes","231649","21.000000","32.590233","Default Known Flow Node","Known Flow","453133.744481","158542.452002","","0.000000","","","","","","","","","","0.000000","0.000000","","","","","","","","","","",""
"80012500000171","Nodes","171","21.000000","24.904042","DDS demands","Known Flow","453253.127490","158520.557345","","0.000000","","","","","-6.350000","","","","","-5.678283","-6.350000","","","","","","","D1 PROFILE","","","",""
"80012500000154","Nodes","154","21.000000","31.582073","DDS demands","Known Flow","453379.340036","158692.120566","","0.000000","","","","","-6.370000","","","","","-5.696168","-6.370000","","","","","","","D1 PROFILE","","","",""
"80012500000155","Nodes","155","21.000000","34.995409","DDS demands","Known Flow","453274.353496","158660.994383","","0.000000","","","","","-15.609999","","","","","-13.958741","-15.609999","","","","","","","D1 PROFILE","","","",""
"80012500000191","Nodes","191","21.000000","29.288826","Default Known Flow Node","Known Flow","453442.672542","158564.935357","","0.000000","","","","","","","","","","0.000000","0.000000","","","","","","","","","","",""
"80012500000192","Nodes","192","21.000000","29.421501","Default Known Flow Node","Known Flow","453416.807389","158497.547133","","0.000000","","","","","","","","","","0.000000","0.000000","","","","","","","","","","",""
"80012500000013","Nodes","13","21.000000","33.331933","DDS demands","Known Flow","453014.607425","158911.629451","","0.000000","","","","","-5.680000","","","","","-5.079157","-5.680000","","","","","","","D1 PROFILE","","","",""
"80012500231634","Nodes","231634","21.000000","33.331933","Default Known Flow Node","Known Flow","453018.192426","158907.625450","","0.000000","","","","","","","","","","0.000000","0.000000","","","","","","","","","","",""
"80012500231637","Nodes","231637","21.000000","32.902844","Default Known Flow Node","Known Flow","453033.853431","158896.731447","","0.000000","","","","","","","","","","0.000000","0.000000","","","","","","","","","","",""
"80012500231652","Nodes","231652","21.000000","32.709670","Default Known Flow Node","Known Flow","453174.381042","158561.718764","","0.000000","","","","","","","","","","0.000000","0.000000","","","","","","","","","","",""
"80012500231653","Nodes","231653","21.000000","32.830829","Default Known Flow Node","Known Flow","453177.271777","158573.683182","","0.000000","","","","","","","","","","0.000000","0.000000","","","","","","","","","","",""
"80012500000076","Nodes","76","21.000000","32.716769","DDS demands","Known Flow","453178.006470","158580.587361","","0.000000","","","","","-10.220000","","","","","-9.138907","-10.220000","","","","","","","D1 PROFILE","","","",""
"80012500231655","Nodes","231655","21.000000","32.806326","Default Known Flow Node","Known Flow","453180.207925","158591.494465","","0.000000","","","","","","","","","","0.000000","0.000000","","","","","","","","","","",""
"80012500000002","Nodes","Hook Road DG","21.000000","32.999999","Default Known Pressure Node","Known Pressure","453188.737473","158610.963369","","150.999996","","","","","","","","","","18.715980","20.930000","","","","","","","","","","",""
"80012500000156","Nodes","156","21.000000","33.743842","DDS demands","Known Flow","453257.790784","158681.716251","","0.000000","","","","","-12.289999","","","","","-10.989937","-12.289999","","","","","","","D1 PROFILE","","","",""
"80012500000169","Nodes","169","21.000000","25.454284","DDS demands","Known Flow","453301.722503","158554.203354","","0.000000","","","","","-4.340000","","","","","-3.880905","-4.340000","","","","","","","D1 PROFILE","","","",""
"80012500231676","Nodes","231676","21.000000","31.776071","Default Known Flow Node","Known Flow","453414.954755","158686.571162","","0.000000","","","","","","","","","","0.000000","0.000000","","","","","","","","","","",""
"80012500000164","Nodes","164","21.000000","32.365586","DDS demands","Known Flow","453521.597563","158556.720355","","0.000000","","","","","-4.150000","","","","","-3.711004","-4.150000","","","","","","","D1 PROFILE","","","",""
"80012500000165","Nodes","165","21.000000","31.225042","DDS demands","Known Flow","453517.595244","158596.162463","","0.000000","","","","","-9.260000","","","","","-8.280457","-9.260000","","","","","","","D1 PROFILE","","","",""
"80012500000167","Nodes","167","21.000000","30.864160","DDS demands","Known Flow","453484.464553","158652.653381","","0.000000","","","","","-9.209999","","","","","-8.235746","-9.209999","","","","","","","D1 PROFILE","","","",""
"80012500000163","Nodes","163","21.000000","32.666906","DDS demands","Known Flow","453624.878591","158562.965356","","0.000000","","","","","-6.730000","","","","","-6.018086","-6.730000","","","","","","","D1 PROFILE","","","",""
"80012500231691","Nodes","231691","21.000000","32.745777","Default Known Flow Node","Known Flow","453613.556860","158541.968314","","0.000000","","","","","","","","","","0.000000","0.000000","","","","","","","","","","",""
"80012500000166","Nodes","166","21.000000","31.039948","DDS demands","Known Flow","453562.798575","158624.159373","","0.000000","","","","","-6.340000","","","","","-5.669341","-6.340000","","","","","","","D1 PROFILE","","","",""
"80012500000162","Nodes","162","21.000000","32.927719","Default Known Flow Node","Known Flow","453549.748649","158550.849046","","0.000000","","","","","","","","","","0.000000","0.000000","","","","","","","","","","",""
"80012500000174","Nodes","174","21.000000","28.738905","Default Known Flow Node","Known Flow","452310.021234","159010.645478","","0.000000","","","","","","","","","","0.000000","0.000000","","","","","","","","","","",""
"80012500000070","Nodes","70","21.000000","28.066892","DDS demands","Known Flow","452500.180285","159037.120485","","0.000000","","","","","-8.749999","","","","","-7.824406","-8.749999","","","","","","","D1 PROFILE","","","",""
"80012500000175","Nodes","175","21.000000","28.715225","DDS demands","Known Flow","452303.052232","159011.512478","","0.000000","","","","","-2.650000","","","","","-2.369677","-2.650000","","","","","","","D1 PROFILE","","","",""
"80012500000176","Nodes","176","21.000000","28.661301","DDS demands","Known Flow","452286.387227","159039.364486","","0.000000","","","","","-4.340000","","","","","-3.880905","-4.340000","","","","","","","D1 PROFILE","","","",""
"80012500000069","Nodes","69","21.000000","28.537274","DDS demands","Known Flow","452400.432258","159021.916481","","0.000000","","","","","-2.499999","","","","","-2.235544","-2.499999","","","","","","","D1 PROFILE","","","",""
"80012500000104","Nodes","104","21.000000","26.783368","DDS demands","Known Flow","452190.397021","159178.255062","","0.000000","","","","","-3.059999","","","","","-2.736306","-3.059999","","","","","","","D1 PROFILE","","","",""
"80012500000106","Nodes","106","21.000000","26.731573","DDS demands","Known Flow","452129.269184","159133.439512","","0.000000","","","","","-7.760000","","","","","-6.939131","-7.760000","","","","","","","D1 PROFILE","","","",""
"80012500000105","Nodes","105","21.000000","26.775761","DDS demands","Known Flow","452181.659199","159187.685526","","0.000000","","","","","-7.050000","","","","","-6.304236","-7.050000","","","","","","","D1 PROFILE","","","",""
"80012500000110","Nodes","110","21.000000","25.857357","DDS demands","Known Flow","452203.264205","159273.075550","","0.000000","","","","","-4.689999","","","","","-4.193881","-4.689999","","","","","","","D1 PROFILE","","","",""
"80012500000103","Nodes","103","21.000000","26.863183","DDS demands","Known Flow","452217.993209","159189.130527","","0.000000","","","","","-3.700000","","","","","-3.308606","-3.700000","","","","","","","D1 PROFILE","","","",""
"80012500000107","Nodes","107","21.000000","26.042932","DDS demands","Known Flow","452220.747768","159238.477236","","0.000000","","","","","-1.770000","","","","","-1.582765","-1.770000","","","","","","","D1 PROFILE","","","",""
"80012500000108","Nodes","108","21.000000","25.962267","DDS demands","Known Flow","452240.655215","159249.691543","","0.000000","","","","","-4.300000","","","","","-3.845137","-4.300000","","","","","","","D1 PROFILE","","","",""
"80012500238399","Nodes","238399","21.000000","27.583724","Default Known Flow Node","Known Flow","452282.403226","159185.373526","","0.000000","","","","","","","","","","0.000000","0.000000","","","","","","","","","","",""
"80012500000100","Nodes","100","21.000000","27.595073","DDS demands","Known Flow","452286.518920","159184.108499","","0.000000","","","","","-3.869999","","","","","-3.460623","-3.869999","","","","","","","D1 PROFILE","","","",""
"80012500000101","Nodes","101","21.000000","27.537461","DDS demands","Known Flow","452249.035217","159118.203507","","0.000000","","","","","-4.340000","","","","","-3.880905","-4.340000","","","","","","","D1 PROFILE","","","",""
"80012500000121","Nodes","121","21.000000","27.604143","DDS demands","Known Flow","452288.898768","159183.377014","","0.000000","","","","","-3.819999","","","","","-3.415912","-3.819999","","","","","","","D1 PROFILE","","","",""
"80012500238400","Nodes","238400","21.000000","27.604143","Default Known Flow Node","Known Flow","452286.479227","159175.739523","","0.000000","","","","","","","","","","0.000000","0.000000","","","","","","","","","","",""
"80012500000094","Nodes","94","21.000000","28.413799","DDS demands","Known Flow","452321.611237","159059.497492","","0.000000","","","","","-10.880000","","","","","-9.729090","-10.880000","","","","","","","D1 PROFILE","","","",""
"80012500000099","Nodes","99","21.000000","27.899691","DDS demands","Known Flow","452354.968989","159157.236397","","0.000000","","","","","-2.480000","","","","","-2.217660","-2.480000","","","","","","","D1 PROFILE","","","",""
"80012500000095","Nodes","95","21.000000","27.078285","DDS demands","Known Flow","452465.553395","159106.270503","","0.000000","","","","","-14.060000","","","","","-12.572704","-14.060000","","","","","","","D1 PROFILE","","","",""
"80012500000115","Nodes","115","21.000000","25.432133","DDS demands","Known Flow","452348.539244","159331.341565","","0.000000","-12.740000","","","","","","-5.119999","","","-15.970731","-17.859999","","","C1 PROFILE","","","","","","I2 PROFILE","",""
"80012500000117","Nodes","117","21.000000","24.925591","DDS demands","Known Flow","452302.674232","159355.466572","","0.000000","-21.589999","","","","","","-15.999999","","","-33.613650","-37.589998","","","C1 PROFILE","","","","","","I2 PROFILE","",""
"80012500000116","Nodes","116","21.000000","25.432133","Default Known Flow Node","Known Flow","452361.462248","159375.625578","","0.000000","","","","","","","","","","0.000000","0.000000","","","","","","","","","","",""
"80012500000173","Nodes","173","21.000000","27.708399","DDS demands","Known Flow","452374.251063","159211.126757","","0.000000","","","","","-40.509997","","","","","-36.224763","-40.509997","","","","","","","D1 PROFILE","","","",""
"80012500000113","Nodes","113","21.000000","25.802743","DDS demands","Known Flow","452369.060250","159322.825563","","0.000000","-1.700000","","","","","","-6.000000","","","-6.885478","-7.700000","","","C1 PROFILE","","","","","","I2 PROFILE","",""
"80012500000114","Nodes","114","21.000000","25.758484","Default Known Flow Node","Known Flow","452390.471256","159364.502575","","0.000000","","","","","","","","","","0.000000","0.000000","","","","","","","","","","",""
"80012500000046","Nodes","46","21.000000","27.645512","DDS demands","Known Flow","452377.725167","159224.882442","","0.000000","","","","","-0.939999","","","","","-0.840564","-0.939999","","","","","","","D1 PROFILE","","","",""
"80012500238404","Nodes","238404","21.000000","27.752540","Default Known Flow Node","Known Flow","452299.646850","159217.196435","","0.000000","","","","","","","","","","0.000000","0.000000","","","","","","","","","","",""
"80012500000086","Nodes","86","21.000000","27.600165","DDS demands","Known Flow","452378.472095","159225.961184","","0.000000","","","","","-4.150000","","","","","-3.711004","-4.150000","","","","","","","D1 PROFILE","","","",""
"80012500000087","Nodes","87","21.000000","27.430467","DDS demands","Known Flow","452462.361275","159210.220533","","0.000000","","","","","-0.970000","","","","","-0.867391","-0.970000","","","","","","","D1 PROFILE","","","",""
"80012500238416","Nodes","238416","21.000000","27.600165","Default Known Flow Node","Known Flow","452382.702253","159232.070538","","0.000000","","","","","","","","","","0.000000","0.000000","","","","","","","","","","",""
"80012500000112","Nodes","112","21.000000","26.920423","DDS demands","Known Flow","452404.397259","159295.788556","","0.000000","","","","","-2.499999","","-4.230000","","","-6.018086","-6.730000","","","","","","","D1 PROFILE","","I2 PROFILE","",""
"80012500238427","Nodes","P14133625, LONGCROFT ROAD CSEP, 8.95 SCMH","22.999998","27.356207","CSEP Unmatched","Known Flow","452478.177279","159205.691531","","0.000000","","","","","","","","","-8.949999","-8.003250","-8.949999","","","","","","","","","","","PL-DC PROFILE"
"80012500238424","Nodes","238424","21.000000","27.430467","Default Known Flow Node","Known Flow","452463.765275","159214.495534","","0.000000","","","","","","","","","","0.000000","0.000000","","","","","","","","","","",""
"80012500238426","Nodes","238426","21.000000","27.078234","Default Known Flow Node","Known Flow","452466.190276","159108.891505","","0.000000","","","","","","","","","","0.000000","0.000000","","","","","","","","","","",""
"80012500238428","Nodes","238428","21.000000","27.356207","Default Known Flow Node","Known Flow","452479.014280","159208.353532","","0.000000","","","","","","","","","","0.000000","0.000000","","","","","","","","","","",""
"80012500238431","Nodes","238431","21.000000","27.026981","Default Known Flow Node","Known Flow","452509.453288","159083.868498","","0.000000","","","","","","","","","","0.000000","0.000000","","","","","","","","","","",""
"80012500000088","Nodes","88","21.000000","27.290831","DDS demands","Known Flow","452502.281286","159185.190526","","0.000000","","","","","-3.880000","","","","","-3.469565","-3.880000","","","","","","","D1 PROFILE","","","",""
"80012500000135","Nodes","P07112699, Stokins Road Upper, 7.75","22.999998","25.480170","CSEP DDS Matched","Known Flow","452690.659440","159122.050516","","0.000000","","","","","-3.739999","-7.750000","","","","-10.274563","-11.490000","","","","","","","D1 PROFILE","DC PROFILE","","",""
"80012500000133","Nodes","133","21.000000","26.433598","DDS demands","Known Flow","452728.880348","159054.758490","","0.000000","","","","","-2.170000","","","","","-1.940452","-2.170000","","","","","","","D1 PROFILE","","","",""
"80012500000098","Nodes","98","21.000000","26.976071","DDS demands","Known Flow","452535.061295","159069.237494","","0.000000","","","","","-1.290000","","","","","-1.153541","-1.290000","","","","","","","D1 PROFILE","","","",""
"80012500000134","Nodes","134","21.000000","26.088744","DDS demands","Known Flow","452745.842352","159103.638504","","0.000000","","","","","-8.609999","","","","","-7.699215","-8.609999","","","","","","","D1 PROFILE","","","",""
"80012500000130","Nodes","130","21.000000","26.945968","DDS demands","Known Flow","452796.919285","159031.275124","","0.000000","","","","","-6.530000","","","","","-5.839243","-6.530000","","","","","","","D1 PROFILE","","","",""
"80012500000132","Nodes","132","21.000000","26.920953","DDS demands","Known Flow","452850.553381","159015.231479","","0.000000","","","","","-4.199999","","","","","-3.755715","-4.199999","","","","","","","D1 PROFILE","","","",""
"80012500000131","Nodes","131","21.000000","26.822290","DDS demands","Known Flow","452814.407371","159082.634498","","0.000000","","","","","-3.039999","","","","","-2.718422","-3.039999","","","","","","","D1 PROFILE","","","",""
"80012500231628","Nodes","231628","21.000000","33.507456","Default Known Flow Node","Known Flow","452991.733419","158850.022435","","0.000000","","","","","","","","","","0.000000","0.000000","","","","","","","","","","",""
"80012500231630","Nodes","231630","21.000000","33.492176","Default Known Flow Node","Known Flow","452998.081421","158862.405438","","0.000000","","","","","","","","","","0.000000","0.000000","","","","","","","","","","",""
"80012500231615","Nodes","231615","21.000000","33.563151","Default Known Flow Node","Known Flow","452948.081407","158795.152420","","0.000000","","","","","","","","","","0.000000","0.000000","","","","","","","","","","",""
"80012500231620","Nodes","231620","21.000000","33.552300","Default Known Flow Node","Known Flow","452968.809413","158807.374423","","0.000000","","","","","","","","","","0.000000","0.000000","","","","","","","","","","",""
"80012500000190","Nodes","190","21.000000","26.793383","DDS demands","Known Flow","452451.185272","159154.096517","","0.000000","","","","","-3.749999","","","","","-3.353317","-3.749999","","","","","","","D1 PROFILE","","","",""
"80012510000010","Nodes","10000010","21.000000","36.809224","Default Known Flow Node","Known Flow","452987.583418","158668.774385","","0.000000","","","","","","","","","","0.000000","0.000000","","","","","","","","","","",""
"80012500002012","Nodes","2012","21.000000","28.156791","Default Known Flow Node","Known Flow","452738.729350","158978.458469","","0.000000","","","","","","","","","","0.000000","0.000000","","","","","","","","","","",""
"80012500002073","Nodes","2073","21.000000","33.125793","Default Known Flow Node","Known Flow","452638.460357","158545.794962","","0.000000","","","","","","","","","","0.000000","0.000000","","","","","","","","","","",""
"80012500002036","Nodes","2036","21.000000","32.307604","Default Known Flow Node","Known Flow","452449.870272","158733.859403","","0.000000","","","","","","","","","","0.000000","0.000000","","","","","","","","","","",""
"80012500002037","Nodes","2037","21.000000","32.307604","Default Known Flow Node","Known Flow","452449.518272","158735.730403","","0.000000","","","","","","","","","","0.000000","0.000000","","","","","","","","","","",""
"80012500002043","Nodes","2043","21.000000","32.307604","Default Known Flow Node","Known Flow","452454.735284","158726.891396","","0.000000","","","","","","","","","","0.000000","0.000000","","","","","","","","","","",""
"80012500002074","Nodes","2074","21.000000","33.125818","Default Known Flow Node","Known Flow","452644.531355","158553.645127","","0.000000","","","","","","","","","","0.000000","0.000000","","","","","","","","","","",""
"80012500002075","Nodes","2075","21.000000","33.125818","Default Known Flow Node","Known Flow","452646.697892","158554.065154","","0.000000","","","","","","","","","","0.000000","0.000000","","","","","","","","","","",""
"80012500002201","Nodes","2201","21.000000","34.932922","Default Known Flow Node","Known Flow","453275.348969","158662.338802","","0.000000","","","","","","","","","","0.000000","0.000000","","","","","","","","","","",""
"80012500002207","Nodes","2207","21.000000","35.135258","Default Known Flow Node","Known Flow","453270.110936","158657.978659","","0.000000","","","","","","","","","","0.000000","0.000000","","","","","","","","","","",""
"80012500002217","Nodes","2217","21.000000","32.937071","Default Known Flow Node","Known Flow","453546.435570","158551.887353","","0.000000","","","","","","","","","","0.000000","0.000000","","","","","","","","","","",""
"80012500002199","Nodes","2199","21.000000","31.625043","Default Known Flow Node","Known Flow","453390.858054","158695.698463","","0.000000","","","","","","","","","","0.000000","0.000000","","","","","","","","","","",""
"80012500002227","Nodes","2227","21.000000","31.634810","Default Known Flow Node","Known Flow","453400.408134","158692.134618","","0.000000","","","","","","","","","","0.000000","0.000000","","","","","","","","","","",""
"80012500002123","Nodes","2123","21.000000","31.368785","Default Known Flow Node","Known Flow","453083.529444","158889.481445","","0.000000","","","","","","","","","","0.000000","0.000000","","","","","","","","","","",""
"80012500000003","Nodes","Sandford Close DG","21.000000","33.000030","Default Known Pressure Node","Known Pressure","453546.536570","158554.387354","","0.000000","","","","","","","","","","58.928961","65.900000","","","","","","","","","","",""
"80012500001007","Nodes","1007","21.000000","36.856472","Default Known Flow Node","Known Flow","453230.626318","158652.722077","","0.000000","","","","","","","","","","0.000000","0.000000","","","","","","","","","","",""
"80012500001002","Nodes","1002","21.000000","31.655234","Default Known Flow Node","Known Flow","452969.376413","159021.119481","","0.000000","","","","","","","","","","0.000000","0.000000","","","","","","","","","","",""
"80012500000200","Nodes","P00104078, Kingsgrove, Garrett Close, 56.0","28.000000","28.047696","CSEP DDS Matched","Known Flow","452250.042217","159011.838479","","0.000000","","","","","","-55.999999","","","","-50.076200","-55.999999","","","","","","","","DC PROFILE","","",""
"80012500000007","Nodes","7","21.000000","36.676303","DDS demands","Known Flow","453237.916579","158651.618050","","0.000000","","","","","-4.510000","","","","","-4.032922","-4.510000","","","","","","","D1 PROFILE","","","",""
"80012500001005","Nodes","1005","21.000000","36.461807","Default Known Flow Node","Known Flow","453245.274640","158650.534071","","0.000000","","","","","","","","","","0.000000","0.000000","","","","","","","","","","",""
"80012500002003","Nodes","2003","21.000000","33.552300","Default Known Flow Node","Known Flow","452952.025079","158822.275090","","0.000000","","","","","","","","","","0.000000","0.000000","","","","","","","","","","",""
"80012500002004","Nodes","2004","21.000000","33.485716","DDS demands","Known Flow","452871.315386","158859.594437","","0.000000","","","","","-0.009999","","","","","-0.008942","-0.009999","","","","","","","D1 PROFILE","","","",""
"80012510000002","Nodes","10000002","21.000000","32.716769","Default Known Flow Node","Known Flow","453201.430902","158575.775371","","0.000000","","","","","","","","","","0.000000","0.000000","","","","","","","","","","",""
"80012500000308","Nodes","308","21.000000","28.575953","Default Known Flow Node","Known Flow","452453.009273","158953.653463","","0.000000","","","","","","","","","","0.000000","0.000000","","","","","","","","","","",""
"80012500000309","Nodes","309","21.000000","28.575520","Default Known Flow Node","Known Flow","452453.012273","158954.643463","","0.000000","","","","","","","","","","0.000000","0.000000","","","","","","","","","","",""
"80012500000311","Nodes","311","21.000000","28.839970","Default Known Flow Node","Known Flow","452317.554236","158993.615474","","0.000000","","","","","","","","","","0.000000","0.000000","","","","","","","","","","",""
"80012500000312","Nodes","312","21.000000","31.804390","Default Known Flow Node","Known Flow","452458.443274","158786.105417","","0.000000","","","","","","","","","","0.000000","0.000000","","","","","","","","","","",""
"80012500000313","Nodes","313","21.000000","32.105418","Default Known Flow Node","Known Flow","452464.336276","158773.047414","","0.000000","","","","","","","","","","0.000000","0.000000","","","","","","","","","","",""
"80012500000323","Nodes","323","21.000000","28.570311","Default Known Flow Node","Known Flow","452453.063883","158968.061468","","0.000000","","","","","","","","","","0.000000","0.000000","","","","","","","","","","",""
"80012500000321","Nodes","321","21.000000","28.537274","Default Known Flow Node","Known Flow","452400.525258","159024.567482","","0.000000","","","","","","","","","","0.000000","0.000000","","","","","","","","","","",""
"80012500000325","Nodes","325","21.000000","32.950595","Default Known Flow Node","Known Flow","452635.510322","158585.419363","","0.000000","","","","","","","","","","0.000000","0.000000","","","","","","","","","","",""
"80012500000327","Nodes","327","21.000000","30.136186","Default Known Flow Node","Known Flow","452707.752342","158876.648442","","0.000000","","","","","","","","","","0.000000","0.000000","","","","","","","","","","",""
"80012500000328","Nodes","328","21.000000","30.243383","Default Known Flow Node","Known Flow","452709.203342","158871.072440","","0.000000","","","","","","","","","","0.000000","0.000000","","","","","","","","","","",""
"80012500000329","Nodes","329","21.000000","28.531282","Default Known Flow Node","Known Flow","452730.460348","158950.381462","","0.000000","","","","","","","","","","0.000000","0.000000","","","","","","","","","","",""
"80012500000332","Nodes","332","21.000000","28.662910","Default Known Flow Node","Known Flow","452386.878255","158978.617470","","0.000000","","","","","","","","","","0.000000","0.000000","","","","","","","","","","",""
"80012500000333","Nodes","333","21.000000","28.656933","Default Known Flow Node","Known Flow","452387.738255","158982.669471","","0.000000","","","","","","","","","","0.000000","0.000000","","","","","","","","","","",""
"80012500000334","Nodes","334","21.000000","28.573325","Default Known Flow Node","Known Flow","452453.091273","158974.336468","","0.000000","","","","","","","","","","0.000000","0.000000","","","","","","","","","","",""
"80012500000335","Nodes","335","21.000000","32.107392","Default Known Flow Node","Known Flow","452461.577275","158770.488413","","0.000000","","","","","","","","","","0.000000","0.000000","","","","","","","","","","",""
"80012500000336","Nodes","336","21.000000","32.951212","Default Known Flow Node","Known Flow","452627.615320","158580.095361","","0.000000","","","","","","","","","","0.000000","0.000000","","","","","","","","","","",""
"80012500000416","Nodes","416","21.000000","33.125818","Default Known Flow Node","Known Flow","452639.445323","158546.529352","","0.000000","","","","","","","","","","0.000000","0.000000","","","","","","","","","","",""
"80012500000342","Nodes","342","21.000000","32.108373","Default Known Flow Node","Known Flow","452460.074274","158774.397414","","0.000000","","","","","","","","","","0.000000","0.000000","","","","","","","","","","",""
"80012500000343","Nodes","343","21.000000","32.108426","Default Known Flow Node","Known Flow","452460.636275","158771.716413","","0.000000","","","","","","","","","","0.000000","0.000000","","","","","","","","","","",""
"80012500000344","Nodes","344","21.000000","32.307604","Default Known Flow Node","Known Flow","452439.816269","158728.738402","","0.000000","","","","","","","","","","0.000000","0.000000","","","","","","","","","","",""
"80012500000399","Nodes","399","21.000000","32.307604","Default Known Flow Node","Known Flow","452433.308206","158729.711995","","0.000000","","","","","","","","","","0.000000","0.000000","","","","","","","","","","",""
"80012500000348","Nodes","348","21.000000","28.756812","Default Known Flow Node","Known Flow","452182.632199","158710.609397","","0.000000","","","","","","","","","","0.000000","0.000000","","","","","","","","","","",""
"80012500000349","Nodes","349","21.000000","28.977496","Default Known Flow Node","Known Flow","452109.437179","158763.297411","","0.000000","","","","","","","","","","0.000000","0.000000","","","","","","","","","","",""
"80012500000354","Nodes","354","21.000000","32.307604","Default Known Flow Node","Known Flow","452453.757273","158726.986401","","0.000000","","","","","","","","","","0.000000","0.000000","","","","","","","","","","",""
"80012500000355","Nodes","355","21.000000","31.768468","DDS demands","Known Flow","452340.430242","158818.649426","","0.000000","","","","","-4.130000","","","","","-3.693120","-4.130000","","","","","","","D1 PROFILE","","","",""
"80012500000357","Nodes","357","21.000000","30.240097","Default Known Flow Node","Known Flow","452277.538225","158877.213442","","0.000000","","","","","","","","","","0.000000","0.000000","","","","","","","","","","",""
"80012500000315","Nodes","315","21.000000","32.973325","Default Known Flow Node","Known Flow","452586.901309","158558.499355","","0.000000","","","","","","","","","","0.000000","0.000000","","","","","","","","","","",""
"80012500000359","Nodes","359","21.000000","28.630557","Default Known Flow Node","Known Flow","452410.253261","158898.700448","","0.000000","","","","","","","","","","0.000000","0.000000","","","","","","","","","","",""
"80012500000367","Nodes","367","21.000000","28.704021","Default Known Flow Node","Known Flow","452344.367243","158938.738459","","0.000000","","","","","","","","","","0.000000","0.000000","","","","","","","","","","",""
"80012500000368","Nodes","368","21.000000","28.704021","Default Known Flow Node","Known Flow","452345.262243","158926.824455","","0.000000","","","","","","","","","","0.000000","0.000000","","","","","","","","","","",""
"80012500000370","Nodes","370","21.000000","28.575592","Default Known Flow Node","Known Flow","452451.274272","158974.331468","","0.000000","","","","","","","","","","0.000000","0.000000","","","","","","","","","","",""
"80012500000371","Nodes","371","21.000000","28.704021","Default Known Flow Node","Known Flow","452377.111252","158937.738458","","0.000000","","","","","","","","","","0.000000","0.000000","","","","","","","","","","",""
"80012500000377","Nodes","377","21.000000","29.617947","Default Known Flow Node","Known Flow","452395.838257","158840.670432","","0.000000","","","","","","","","","","0.000000","0.000000","","","","","","","","","","",""
"80012500000378","Nodes","378","21.000000","28.596910","Default Known Flow Node","Known Flow","452330.071239","159007.849477","","0.000000","","","","","","","","","","0.000000","0.000000","","","","","","","","","","",""
"80012500000380","Nodes","380","21.000000","28.657531","Default Known Flow Node","Known Flow","452385.580254","158985.653471","","0.000000","","","","","","","","","","0.000000","0.000000","","","","","","","","","","",""
"80012500000381","Nodes","381","21.000000","28.655071","Default Known Flow Node","Known Flow","452388.919255","158984.162471","","0.000000","","","","","","","","","","0.000000","0.000000","","","","","","","","","","",""
"80012500000382","Nodes","382","21.000000","28.550831","Default Known Flow Node","Known Flow","452404.864259","158991.819473","","0.000000","","","","","","","","","","0.000000","0.000000","","","","","","","","","","",""
"80012500000383","Nodes","383","21.000000","32.500243","Default Known Flow Node","Known Flow","452495.692284","158685.154390","","0.000000","","","","","","","","","","0.000000","0.000000","","","","","","","","","","",""
"80012500000384","Nodes","384","21.000000","32.500243","Default Known Flow Node","Known Flow","452502.324286","158705.212395","","0.000000","","","","","","","","","","0.000000","0.000000","","","","","","","","","","",""
"80012500000385","Nodes","385","21.000000","28.578086","Default Known Flow Node","Known Flow","452449.274272","158974.326468","","0.000000","","","","","","","","","","0.000000","0.000000","","","","","","","","","","",""
"80012500000388","Nodes","388","21.000000","28.572916","Default Known Flow Node","Known Flow","452453.149273","158982.822471","","0.000000","","","","","","","","","","0.000000","0.000000","","","","","","","","","","",""
"80012500000393","Nodes","393","21.000000","30.557089","Default Known Flow Node","Known Flow","452723.768346","158867.150439","","0.000000","","","","","","","","","","0.000000","0.000000","","","","","","","","","","",""
"80012500000394","Nodes","394","21.000000","31.831482","Default Known Flow Node","Known Flow","452349.995245","158820.297426","","0.000000","","","","","","","","","","0.000000","0.000000","","","","","","","","","","",""
"80012500000402","Nodes","402","21.000000","32.108369","Default Known Flow Node","Known Flow","452459.840903","158774.574073","","0.000000","","","","","","","","","","0.000000","0.000000","","","","","","","","","","",""
"80012500000395","Nodes","395","21.000000","28.572220","Default Known Flow Node","Known Flow","452451.563272","158982.882471","","0.000000","","","","","","","","","","0.000000","0.000000","","","","","","","","","","",""
"80012500000397","Nodes","397","21.000000","28.664825","Default Known Flow Node","Known Flow","452386.451254","158976.705469","","0.000000","","","","","","","","","","0.000000","0.000000","","","","","","","","","","",""
"80012500000345","Nodes","345","21.000000","32.307604","Default Known Flow Node","Known Flow","452430.237266","158730.171402","","0.000000","","","","","","","","","","0.000000","0.000000","","","","","","","","","","",""
"80012500000400","Nodes","400","21.000000","32.307604","Default Known Flow Node","Known Flow","452432.763267","158727.533401","","0.000000","","","","","","","","","","0.000000","0.000000","","","","","","","","","","",""
"80012500000422","Nodes","422","21.000000","32.111459","Default Known Flow Node","Known Flow","452458.992960","158773.841294","","0.000000","","","","","","","","","","0.000000","0.000000","","","","","","","","","","",""
"80012500000406","Nodes","406","21.000000","32.634652","Default Known Flow Node","Known Flow","452560.353302","158550.704353","","0.000000","","","","","","","","","","0.000000","0.000000","","","","","","","","","","",""
"80012500000331","Nodes","331","21.000000","28.576825","Default Known Flow Node","Known Flow","452453.004273","158951.658462","","0.000000","","","","","","","","","","0.000000","0.000000","","","","","","","","","","",""
"80012500000411","Nodes","411","21.000000","28.642730","Default Known Flow Node","Known Flow","452381.474253","158990.200473","","0.000000","","","","","","","","","","0.000000","0.000000","","","","","","","","","","",""
"80012500000414","Nodes","414","21.000000","32.500243","Default Known Flow Node","Known Flow","452503.484286","158709.391396","","0.000000","","","","","","","","","","0.000000","0.000000","","","","","","","","","","",""
"80012500000417","Nodes","417","21.000000","33.125818","Default Known Flow Node","Known Flow","452645.125325","158553.709354","","0.000000","","","","","","","","","","0.000000","0.000000","","","","","","","","","","",""
"80012500000421","Nodes","421","21.000000","33.125964","Default Known Flow Node","Known Flow","452641.982324","158568.438358","","0.000000","","","","","","","","","","0.000000","0.000000","","","","","","","","","","",""
"80012500000425","Nodes","425","21.000000","27.752540","Default Known Flow Node","Known Flow","452299.168231","159215.831534","","0.000000","","","","","","","","","","0.000000","0.000000","","","","","","","","","","",""
"80012500000450","Nodes","450","21.000000","26.046306","Default Known Flow Node","Known Flow","452220.367209","159237.042540","","0.000000","","","","","","","","","","0.000000","0.000000","","","","","","","","","","",""
"80012500000440","Nodes","440","21.000000","25.905483","Default Known Flow Node","Known Flow","452203.131555","159243.156831","","0.000000","","","","","","","","","","0.000000","0.000000","","","","","","","","","","",""
"80012500000458","Nodes","458","21.000000","36.548343","Default Known Flow Node","Known Flow","453243.639488","158650.751380","","0.000000","","","","","","","","","","0.000000","0.000000","","","","","","","","","","",""
"80012500000468","Nodes","468","21.000000","33.732573","Default Known Flow Node","Known Flow","453257.116491","158682.084389","","0.000000","","","","","","","","","","0.000000","0.000000","","","","","","","","","","",""
"80012500000471","Nodes","471","21.000000","32.404245","Default Known Flow Node","Known Flow","453021.961427","158875.205441","","0.000000","","","","","","","","","","0.000000","0.000000","","","","","","","","","","",""
"80012500000474","Nodes","474","21.000000","28.498541","Default Known Flow Node","Known Flow","452731.040348","158952.296462","","0.000000","","","","","","","","","","0.000000","0.000000","","","","","","","","","","",""
"80012500000475","Nodes","475","21.000000","28.461678","Default Known Flow Node","Known Flow","452731.911348","158955.167463","","0.000000","","","","","","","","","","0.000000","0.000000","","","","","","","","","","",""
"80012500000491","Nodes","491","21.000000","28.468309","Default Known Flow Node","Known Flow","452731.716375","158954.524788","","0.000000","","","","","","","","","","0.000000","0.000000","","","","","","","","","","",""
"80012500000492","Nodes","492","21.000000","34.729292","Default Known Flow Node","Known Flow","452730.770348","158672.716386","","0.000000","","","","","","","","","","0.000000","0.000000","","","","","","","","","","",""
"80012500000495","Nodes","495","21.000000","32.556090","Default Known Flow Node","Known Flow","453414.523534","158646.802379","","0.000000","","","","","","","","","","0.000000","0.000000","","","","","","","","","","",""
"80012500000501","Nodes","501","21.000000","25.552181","Default Known Flow Node","Known Flow","453362.800520","158536.207349","","0.000000","","","","","","","","","","0.000000","0.000000","","","","","","","","","","",""
"80012500000505","Nodes","505","21.000000","32.196599","Default Known Flow Node","Known Flow","452803.912368","158821.716427","","0.000000","","","","","","","","","","0.000000","0.000000","","","","","","","","","","",""
"80012500000506","Nodes","506","21.000000","32.197389","Default Known Flow Node","Known Flow","452803.175368","158821.034427","","0.000000","","","","","","","","","","0.000000","0.000000","","","","","","","","","","",""
"80012500000510","Nodes","510","21.000000","34.729292","Default Known Flow Node","Known Flow","452739.376213","158670.993139","","0.000000","","","","","","","","","","0.000000","0.000000","","","","","","","","","","",""
"80012500000509","Nodes","509","21.000000","34.729292","Default Known Flow Node","Known Flow","452739.390350","158674.289387","","0.000000","","","","","","","","","","0.000000","0.000000","","","","","","","","","","",""
"80012500000513","Nodes","513","21.000000","31.550300","Default Known Flow Node","Known Flow","452911.839397","158930.639456","","0.000000","","","","","","","","","","0.000000","0.000000","","","","","","","","","","",""
"80012500000515","Nodes","515","21.000000","33.075699","Default Known Flow Node","Known Flow","452726.213347","158613.945370","","0.000000","","","","","","","","","","0.000000","0.000000","","","","","","","","","","",""
"80012500000326","Nodes","326","21.000000","33.075699","Default Known Flow Node","Known Flow","452726.787347","158606.896368","","0.000000","","","","","","","","","","0.000000","0.000000","","","","","","","","","","",""
"80012500000522","Nodes","522","21.000000","32.716769","Default Known Flow Node","Known Flow","453194.182474","158576.700360","","0.000000","","","","","","","","","","0.000000","0.000000","","","","","","","","","","",""
"80012500000459","Nodes","459","21.000000","35.170938","Default Known Flow Node","Known Flow","453269.027495","158656.785382","","0.000000","","","","","","","","","","0.000000","0.000000","","","","","","","","","","",""
"80012500000528","Nodes","528","21.000000","30.589764","Default Known Flow Node","Known Flow","452725.656347","158866.488439","","0.000000","","","","","","","","","","0.000000","0.000000","","","","","","","","","","",""
"80012500000529","Nodes","529","21.000000","34.598192","Default Known Flow Node","Known Flow","452739.404350","158677.815388","","0.000000","","","","","","","","","","0.000000","0.000000","","","","","","","","","","",""
"80012500000535","Nodes","535","21.000000","30.638757","Default Known Flow Node","Known Flow","452728.495348","158865.518439","","0.000000","","","","","","","","","","0.000000","0.000000","","","","","","","","","","",""
"80012500000536","Nodes","536","21.000000","32.151959","Default Known Flow Node","Known Flow","452801.661367","158823.372427","","0.000000","","","","","","","","","","0.000000","0.000000","","","","","","","","","","",""
"80012500000537","Nodes","537","21.000000","28.137196","Default Known Flow Node","Known Flow","452739.280350","158980.364470","","0.000000","","","","","","","","","","0.000000","0.000000","","","","","","","","","","",""
"80012500000514","Nodes","514","21.000000","31.410602","Default Known Flow Node","Known Flow","452862.955384","158936.072458","","0.000000","","","","","","","","","","0.000000","0.000000","","","","","","","","","","",""
"80012500000545","Nodes","545","21.000000","31.366714","Default Known Flow Node","Known Flow","452735.425349","158953.332463","","0.000000","","","","","","","","","","0.000000","0.000000","","","","","","","","","","",""
"80012500000488","Nodes","488","21.000000","36.877571","Default Known Flow Node","Known Flow","453229.772484","158652.851381","","0.000000","","","","","","","","","","0.000000","0.000000","","","","","","","","","","",""
"80012500000387","Nodes","387","21.000000","35.855091","Default Known Flow Node","Known Flow","452779.846361","158566.943357","","0.000000","","","","","","","","","","0.000000","0.000000","","","","","","","","","","",""
"80012500000553","Nodes","553","21.000000","35.855091","Default Known Flow Node","Known Flow","452799.429367","158565.514357","","0.000000","","","","","","","","","","0.000000","0.000000","","","","","","","","","","",""
"80012500000499","Nodes","499","21.000000","32.587330","Default Known Flow Node","Known Flow","453132.617457","158542.317351","","0.000000","","","","","","","","","","0.000000","0.000000","","","","","","","","","","",""
"80012500000558","Nodes","558","21.000000","35.597736","Default Known Flow Node","Known Flow","452799.031367","158612.889370","","0.000000","","","","","","","","","","0.000000","0.000000","","","","","","","","","","",""
"80012500000565","Nodes","565","21.000000","27.291366","Default Known Flow Node","Known Flow","453389.014527","158576.181360","","0.000000","","","","","","","","","","0.000000","0.000000","","","","","","","","","","",""
"80012500000570","Nodes","570","21.000000","31.582073","Default Known Flow Node","Known Flow","453377.890524","158692.691392","","0.000000","","","","","","","","","","0.000000","0.000000","","","","","","","","","","",""
"80012500000511","Nodes","511","21.000000","31.624466","Default Known Flow Node","Known Flow","453389.439527","158696.227393","","0.000000","","","","","","","","","","0.000000","0.000000","","","","","","","","","","",""
"80012500000567","Nodes","567","21.000000","32.747692","Default Known Flow Node","Known Flow","453613.401588","158541.274351","","0.000000","","","","","","","","","","0.000000","0.000000","","","","","","","","","","",""
"80012500000569","Nodes","569","21.000000","31.751633","Default Known Flow Node","Known Flow","453413.466534","158687.042390","","0.000000","","","","","","","","","","0.000000","0.000000","","","","","","","","","","",""
"80012500000516","Nodes","516","21.000000","33.075699","Default Known Flow Node","Known Flow","452727.670347","158600.339367","","0.000000","","","","","","","","","","0.000000","0.000000","","","","","","","","","","",""
"80012500000396","Nodes","396","21.000000","28.572916","Default Known Flow Node","Known Flow","452454.337273","158982.775471","","0.000000","","","","","","","","","","0.000000","0.000000","","","","","","","","","","",""
"80012500000418","Nodes","418","21.000000","33.125818","Default Known Flow Node","Known Flow","452647.357325","158554.214354","","0.000000","","","","","","","","","","0.000000","0.000000","","","","","","","","","","",""
"80012500000556","Nodes","556","21.000000","30.951341","Default Known Flow Node","Known Flow","453101.960449","158540.369350","","0.000000","","","","","","","","","","0.000000","0.000000","","","","","","","","","","",""
"80012500000523","Nodes","523","21.000000","32.848579","Default Known Flow Node","Known Flow","453205.683477","158558.733355","","0.000000","","","","","","","","","","0.000000","0.000000","","","","","","","","","","",""
"80012500000575","Nodes","575","21.000000","31.628335","Default Known Flow Node","Known Flow","453398.957530","158692.678392","","0.000000","","","","","","","","","","0.000000","0.000000","","","","","","","","","","",""
