"NAME","TYPE","NodeDescription","NodeMinimumPressure","NodePressure","NodeSymbolName","NodeStatus","NodeXCoordinate","NodeYCoordinate","NodeFlowByCategory(Base Thermal)","NodeFlowByCategory(Base Volumetric)","NodeFlowByCategory(C1)","NodeFlowByCategory(C2)","NodeFlowByCategory(C3)","NodeFlowByCategory(C4)","NodeFlowByCategory(D1)","NodeFlowByCategory(DC)","NodeFlowByCategory(I2)","NodeFlowByCategory(PL-AF)","NodeFlowByCategory(PL-PL)","NodeThermalFlow","NodeResultFlow","NodeFlowProfileNameByCategory(Base Thermal)","NodeFlowProfileNameByCategory(Base Volumetric)","NodeFlowProfileNameByCategory(C1)","NodeFlowProfileNameByCategory(C2)","NodeFlowProfileNameByCategory(C3)","NodeFlowProfileNameByCategory(C4)","NodeFlowProfileNameByCategory(D1)","NodeFlowProfileNameByCategory(DC)","NodeFlowProfileNameByCategory(I2)","NodeFlowProfileNameByCategory(PL-AF)","NodeFlowProfileNameByCategory(PL-PL)"
"64303600000201","Nodes","201","21.000000","29.584993","Default Known Flow Node","Known Flow","348852.133082","682929.566041","","0.000000","","","","","","","","","","0.000000","0.000000","","","","","","","","","","",""
"64303600000235","Nodes","235","21.000000","29.422814","Default Known Flow Node","Known Flow","348859.772084","682915.009037","","0.000000","","","","","","","","","","0.000000","0.000000","","","","","","","","","","",""
"64303600001420","Nodes","1420","21.000000","30.363744","Default Known Flow Node","Known Flow","348771.326350","683356.879787","","0.000000","","","","","","","","","","0.000000","0.000000","","","","","","","","","","",""
"64303600001001","Nodes","Logger 9302, O/S ""Arduaine"", Muirfield Park","21.000000","30.275020","Val Log Cath","Known Flow","348759.183476","683378.970688","","0.000000","","","","","","","","","","0.000000","0.000000","","","","","","","","","","",""
"64303600000067","Nodes","67","21.000000","30.274336","DDS demands","Known Flow","348755.021055","683386.543165","","0.000000","","","","","-6.610000","","","","","-5.910780","-6.610000","","","","","","","D1 PROFILE","","","",""
"64303600000022","Nodes","22","21.000000","32.863700","DDS demands","Known Flow","347727.907776","682918.949038","","0.000000","","","","","-28.249999","","","","","-25.261655","-28.249999","","","","","","","D1 PROFILE","","","",""
"64303600001000","Nodes","Logger 9400, Holm Lodge, Hummel Rd","21.000000","34.409615","Val Log Cath","Known Flow","347748.382969","682858.214566","","0.000000","","","","","","","","","","0.000000","0.000000","","","","","","","","","","",""
"64303600001455","Nodes","1455","21.000000","34.595792","Default Known Flow Node","Known Flow","347751.384782","682850.600019","","0.000000","","","","","","","","","","0.000000","0.000000","","","","","","","","","","",""
"64303600001398","Nodes","1398","21.000000","30.750320","Default Known Flow Node","Known Flow","348421.456289","682524.839423","","0.000000","","","","","","","","","","0.000000","0.000000","","","","","","","","","","",""
"64303600000048","Nodes","48","21.000000","30.117765","DDS demands","Known Flow","348435.692787","682491.958902","","0.000000","","","","","-19.749999","","","","","-17.660804","-19.749999","","","","","","","D1 PROFILE","","","",""
"64303600001438","Nodes","1438","21.000000","30.117765","Default Known Flow Node","Known Flow","348441.311130","682482.466678","","0.000000","","","","","","","","","","0.000000","0.000000","","","","","","","","","","",""
"64303600000085","Nodes","Logger 9582, 20 Muirfield Drive","21.000000","25.756578","Val Log Cath","Known Flow","348919.266100","682802.429006","","0.000000","-1.290000","","","","-12.180000","","","","","-12.045115","-13.470000","","","C1 PROFILE","","","","D1 PROFILE","","","",""
"64303600000217","Nodes","P00069348/01, MUIRFIELD DRIVE, 48.30","24.000000","23.747322","CSEP DDS Matched","Known Flow","348948.047687","682721.645925","","0.000000","","","","","","-28.267000","","","","-25.276858","-28.267000","","","","","","","","DC PROFILE","","",""
"64303600000021","Nodes","21","21.000000","33.801709","Default Known Flow Node","Known Flow","347510.109280","682814.998404","","0.000000","","","","","","","","","","0.000000","0.000000","","","","","","","","","","",""
"64303600000118","Nodes","118","21.000000","33.368290","Default Known Flow Node","Known Flow","347550.196540","682839.636711","","0.000000","","","","","","","","","","0.000000","0.000000","","","","","","","","","","",""
"64303600001457","Nodes","1457","21.000000","33.238376","Default Known Flow Node","Known Flow","347577.088364","682853.934140","","0.000000","","","","","","","","","","0.000000","0.000000","","","","","","","","","","",""
"64303600000070","Nodes","70","21.000000","33.114143","DDS demands","Known Flow","348614.329017","683220.719120","","0.000000","","","","","-11.620000","","","","","-10.390811","-11.620000","","","","","","","D1 PROFILE","","","",""
"64303600000119","Nodes","Logger 9585,O/S ''Arduaine'' Muirfield Park","21.000000","32.756493","Val Log Cath","Known Flow","348646.933534","683219.884569","","0.000000","","","","","","","","","","0.000000","0.000000","","","","","","","","","","",""
"64303600001415","Nodes","1415","21.000000","32.537168","Default Known Flow Node","Known Flow","348661.138030","683226.920122","","0.000000","","","","","","","","","","0.000000","0.000000","","","","","","","","","","",""
"64303600000027","Nodes","27","21.000000","36.562040","DDS demands","Known Flow","347550.955992","682725.396340","","0.000000","","","","","-1.549999","","","","","-1.386037","-1.549999","","","","","","","D1 PROFILE","","","",""
"64303600000026","Nodes","26","21.000000","35.983212","DDS demands","Known Flow","347612.291466","682636.019571","","0.000000","","","","","-25.299998","","","","","-22.623711","-25.299998","","","","","","","D1 PROFILE","","","",""
"64303600000028","Nodes","28","21.000000","36.163483","DDS demands","Known Flow","347560.167730","682628.438959","","0.000000","","","","","-7.459999","","","","","-6.670865","-7.459999","","","","","","","D1 PROFILE","","","",""
"64303600000024","Nodes","24","21.000000","36.289714","DDS demands","Known Flow","347779.041635","682786.662409","","0.000000","","","","","-22.540000","","","","","-20.155671","-22.540000","","","","","","","D1 PROFILE","","","",""
"64303600000025","Nodes","25","21.000000","37.377548","DDS demands","Known Flow","347827.758803","682698.673978","","0.000000","","","","","-16.169999","","","","","-14.459503","-16.169999","","","","","","","D1 PROFILE","","","",""
"64303600000140","Nodes","140","21.000000","34.565368","DDS demands","Known Flow","347690.416307","682827.720044","","0.000000","","","-6.409999","","","","","","","-5.731936","-6.409999","","","","","C3 PROFILE","","","","","",""
"64303600000107","Nodes","107","21.000000","33.238376","DDS demands","Known Flow","347596.901542","682863.182385","","0.000000","","","","","-5.760000","","","","","-5.150695","-5.760000","","","","","","","D1 PROFILE","","","",""
"64303600000106","Nodes","106","21.000000","32.381073","DDS demands","Known Flow","347834.816805","682949.834046","","0.000000","","","","","-13.250000","","","","","-11.848387","-13.250000","","","","","","","D1 PROFILE","","","",""
"64303600000223","Nodes","223","21.000000","40.086552","DDS demands","Known Flow","347881.316817","682621.860957","","0.000000","","","","","-5.659999","","","","","-5.061273","-5.659999","","","","","","","D1 PROFILE","","","",""
"64303600000221","Nodes","221","21.000000","40.259973","Default Known Flow Node","Known Flow","347928.868217","682636.174235","","0.000000","","","","","","","","","","0.000000","0.000000","","","","","","","","","","",""
"64303600000222","Nodes","222","21.000000","40.213136","Default Known Flow Node","Known Flow","347925.265829","682643.162963","","0.000000","","","","","","","","","","0.000000","0.000000","","","","","","","","","","",""
"64303600000039","Nodes","39","21.000000","40.120703","DDS demands","Known Flow","347920.500917","682664.706514","","0.000000","-31.000000","","","","","","","","","-27.720754","-31.000000","","","C1 PROFILE","","","","","","","",""
"64303600000098","Nodes","98","21.000000","39.014947","DDS demands","Known Flow","347910.729825","682706.403980","","0.000000","-15.999999","","","","-4.770000","","","","","-18.572906","-20.770000","","","C1 PROFILE","","","","D1 PROFILE","","","",""
"64303600000105","Nodes","105","21.000000","35.883246","DDS demands","Known Flow","347950.685836","682886.772029","","0.000000","","","","","-15.810000","","","","","-14.137584","-15.810000","","","","","","","D1 PROFILE","","","",""
"64303600000023","Nodes","23","21.000000","35.937044","DDS demands","Known Flow","347990.514847","682915.425037","","0.000000","","","","","-11.520000","","","","","-10.301390","-11.520000","","","","","","","D1 PROFILE","","","",""
"64303600001409","Nodes","S14134427","21.000000","39.532826","Point Loads","Known Flow","348072.888212","682655.773097","","0.000000","","","","","","","","-12.000000","","-10.730614","-12.000000","","","","","","","","","","PL-AF PROFILE",""
"64303600001353","Nodes","1353","21.000000","36.914347","DDS demands","Known Flow","348008.784852","682882.936028","","0.000000","","","","","-1.309999","","","","","-1.171425","-1.309999","","","","","","","D1 PROFILE","","","",""
"64303600000036","Nodes","36","21.000000","34.377556","DDS demands","Known Flow","348119.174882","682964.286050","","0.000000","","","","","-14.279999","","","","","-12.769430","-14.279999","","","","","","","D1 PROFILE","","","",""
"64303600000035","Nodes","35","21.000000","34.436485","DDS demands","Known Flow","348129.267701","682942.239449","","0.000000","","","","","-9.819999","","","","","-8.781219","-9.819999","","","","","","","D1 PROFILE","","","",""
"64303600000207","Nodes","207","21.000000","39.247381","DDS demands","Known Flow","348388.583580","682841.103753","","0.000000","","","","","-3.549999","","","","","-3.174473","-3.549999","","","","","","","D1 PROFILE","","","",""
"64303600001456","Nodes","1456","21.000000","40.235743","Default Known Flow Node","Known Flow","348391.366956","682851.933020","","0.000000","","","","","","","","","","0.000000","0.000000","","","","","","","","","","",""
"64303600000054","Nodes","54","21.000000","33.381098","DDS demands","Known Flow","348454.695973","682960.557049","","0.000000","","","","","-9.460000","","","","","-8.459301","-9.460000","","","","","","","D1 PROFILE","","","",""
"64303600001370","Nodes","1370","21.000000","33.381098","Default Known Flow Node","Known Flow","348473.156978","682971.954052","","0.000000","","","","","","","","","","0.000000","0.000000","","","","","","","","","","",""
"64303600001371","Nodes","1371","21.000000","39.708108","Default Known Flow Node","Known Flow","348079.484871","682663.354968","","0.000000","","","","","","","","","","0.000000","0.000000","","","","","","","","","","",""
"64303600001427","Nodes","1427","21.000000","39.708108","DDS demands","Known Flow","348085.487838","682665.528826","","0.000000","","","","","-1.019999","","","","","-0.912102","-1.019999","","","","","","","D1 PROFILE","","","",""
"64303600001375","Nodes","1375","21.000000","39.838703","DDS demands","Known Flow","348101.772877","682691.287976","","0.000000","","","","","-0.810000","","","","","-0.724316","-0.810000","","","","","","","D1 PROFILE","","","",""
"64303600000116","Nodes","116","21.000000","39.838703","DDS demands","Known Flow","348102.227878","682689.867976","","0.000000","","","","","-3.349999","","","","","-2.995629","-3.349999","","","","","","","D1 PROFILE","","","",""
"64303600001355","Nodes","1355","21.000000","38.205434","Default Known Flow Node","Known Flow","348333.514940","682893.379031","","0.000000","","","","","","","","","","0.000000","0.000000","","","","","","","","","","",""
"64303600000206","Nodes","206","21.000000","38.095351","DDS demands","Known Flow","348355.471946","682853.104020","","0.000000","","","","","-4.730000","","","","","-4.229650","-4.730000","","","","","","","D1 PROFILE","","","",""
"64303600001434","Nodes","1434","21.000000","41.812020","Default Known Flow Node","Known Flow","348384.468954","682872.603025","","0.000000","","","","","","","","","","0.000000","0.000000","","","","","","","","","","",""
"64303600000001","Nodes","1, ""HOPETOUN TERRACE DG TEL"" Site ID 6142","21.000000","42.000001","Default Known Pressure Node","Known Pressure","348385.865955","682869.964025","","999998.967025","","","","","","","","","","808.367112","903.993488","","","","","","","","","","",""
"64303600001428","Nodes","1428","21.000000","39.842418","Default Known Flow Node","Known Flow","348105.122878","682682.170974","","0.000000","","","","","","","","","","0.000000","0.000000","","","","","","","","","","",""
"64303600000004","Nodes","4, ""WEST GULLANE DG GCM TEL '' Site ID 6143","21.000000","41.000000","Default Known Pressure Node","Known Pressure","348038.601860","682567.339942","","2514.860124","","","","","","","","","","531.454741","594.323542","","","","","","","","","","",""
"64303600000441","Nodes","441","21.000000","36.955406","DDS demands","Known Flow","348011.809816","682877.300333","","0.000000","","","","","-5.639999","","","","","-5.043388","-5.639999","","","","","","","D1 PROFILE","","","",""
"64303600000034","Nodes","34","21.000000","37.690605","DDS demands","Known Flow","348046.468862","682821.420011","","0.000000","","","","","-1.139999","","","","","-1.019408","-1.139999","","","","","","","D1 PROFILE","","","",""
"64303600000442","Nodes","442","21.000000","36.912280","DDS demands","Known Flow","348058.517866","682971.269052","","0.000000","","","","","-6.959999","","","","","-6.223756","-6.959999","","","","","","","D1 PROFILE","","","",""
"64303600000137","Nodes","137","21.000000","37.681116","DDS demands","Known Flow","348126.215884","682843.012017","","0.000000","","","","","-2.880000","","","","","-2.575347","-2.880000","","","","","","","D1 PROFILE","","","",""
"64303600000044","Nodes","44","21.000000","38.853115","DDS demands","Known Flow","348259.862250","682739.809791","","0.000000","","0.000000","0.000000","-3.749999","-5.099999","","0.000000","","","-7.913828","-8.849999","","","","C2 PROFILE","C3 PROFILE","C4 PROFILE","D1 PROFILE","","I2 PROFILE","",""
"64303600001430","Nodes","1430","21.000000","37.105378","DDS demands","Known Flow","348311.953935","682696.342977","","0.000000","","","","-14.779999","","","","","","-13.216540","-14.779999","","","","","","C4 PROFILE","","","","",""
"64303600001443","Nodes","1443","21.000000","38.731816","DDS demands","Known Flow","348285.579927","682753.780993","","0.000000","","","","","-6.560000","","-6.000000","","","-11.231377","-12.560000","","","","","","","D1 PROFILE","","I2 PROFILE","",""
"64303600000045","Nodes","45","21.000000","39.557089","DDS demands","Known Flow","348131.127885","682681.920973","","0.000000","","","0.000000","","-27.159999","","","","","-24.286956","-27.159999","","","","","C3 PROFILE","","D1 PROFILE","","","",""
"64303600000100","Nodes","100","21.000000","39.308713","DDS demands","Known Flow","348165.285895","682582.449946","","0.000000","","","","","-12.099999","","","","","-10.820037","-12.099999","","","","","","","D1 PROFILE","","","",""
"64303600001431","Nodes","1431","21.000000","39.098223","DDS demands","Known Flow","348209.337593","682710.901445","","0.000000","","","","","-0.660000","","","","","-0.590183","-0.660000","","","","","","","D1 PROFILE","","","",""
"64303600000031","Nodes","31","21.000000","39.711449","DDS demands","Known Flow","348108.885879","682674.001971","","0.000000","","","","","-0.999999","","","","","-0.894217","-0.999999","","","","","","","D1 PROFILE","","","",""
"64303600000138","Nodes","138","21.000000","39.252609","DDS demands","Known Flow","348232.384913","682605.332953","","0.000000","","","","","-1.659999","","","","","-1.484401","-1.659999","","","","","","","D1 PROFILE","","","",""
"64303600000047","Nodes","47","21.000000","31.678515","DDS demands","Known Flow","348374.238952","682624.943958","","0.000000","","","-12.060000","","-12.449999","","","","","-21.917280","-24.509999","","","","","C3 PROFILE","","D1 PROFILE","","","",""
"64303600000112","Nodes","112","21.000000","34.727525","DDS demands","Known Flow","348438.199016","682696.715163","","0.000000","","-6.000000","","","-7.790000","","","","","-12.331264","-13.790000","","","","C2 PROFILE","","","D1 PROFILE","","","",""
"64303600000050","Nodes","50","21.000000","28.991738","DDS demands","Known Flow","348479.161905","682619.924321","","0.000000","","","","","-13.470000","","","","","-12.045115","-13.470000","","","","","","","D1 PROFILE","","","",""
"64303600001424","Nodes","1424","21.000000","29.383142","Default Known Flow Node","Known Flow","348493.832850","682632.484381","","0.000000","","","","","","","","","","0.000000","0.000000","","","","","","","","","","",""
"64303600000049","Nodes","49","21.000000","34.382376","DDS demands","Known Flow","348450.305248","682696.905065","","0.000000","","","","","-3.759999","","","","","-3.362259","-3.759999","","","","","","","D1 PROFILE","","","",""
"64303600000215","Nodes","215","21.000000","37.404885","DDS demands","Known Flow","348420.229938","682766.460950","","0.000000","","","-2.910000","","","","","","","-2.602174","-2.910000","","","","","C3 PROFILE","","","","","",""
"64303600001440","Nodes","1440","21.000000","32.718520","Default Known Flow Node","Known Flow","348497.795529","682746.814117","","0.000000","","","","","","","","","","0.000000","0.000000","","","","","","","","","","",""
"64303600000117","Nodes","117","21.000000","38.254922","DDS demands","Known Flow","348406.215149","682819.246180","","0.000000","","","","","-29.549998","","","","","-26.424137","-29.549998","","","","","","","D1 PROFILE","","","",""
"64303600001452","Nodes","1452","21.000000","39.129489","Default Known Flow Node","Known Flow","348385.236914","682840.425210","","0.000000","","","","","","","","","","0.000000","0.000000","","","","","","","","","","",""
"64303600000055","Nodes","55","21.000000","33.343875","DDS demands","Known Flow","348422.882965","682943.336045","","0.000000","","","","","-7.010000","","","","","-6.268468","-7.010000","","","","","","","D1 PROFILE","","","",""
"64303600000205","Nodes","205","21.000000","38.281943","DDS demands","Known Flow","348350.898945","682902.687034","","0.000000","","","","","-38.849997","","","","","-34.740362","-38.849997","","","","","","","D1 PROFILE","","","",""
"64303600000032","Nodes","32","21.000000","39.647327","DDS demands","Known Flow","348086.624432","682663.466652","","0.000000","-2.300000","","","-0.999999","-10.140000","","","","","-12.018288","-13.439999","","","C1 PROFILE","","","C4 PROFILE","D1 PROFILE","","","",""
"64303600001439","Nodes","1439","21.000000","38.861790","Default Known Flow Node","Known Flow","348258.375920","682738.613989","","0.000000","","","","","","","","","","0.000000","0.000000","","","","","","","","","","",""
"64303600000043","Nodes","43","21.000000","36.940078","DDS demands","Known Flow","348360.511948","682731.888987","","0.000000","-2.430000","","-1.269999","","-3.690000","","","","","-6.608270","-7.389999","","","C1 PROFILE","","C3 PROFILE","","D1 PROFILE","","","",""
"64303600001447","Nodes","1447","21.000000","38.610201","DDS demands","Known Flow","348327.213939","682775.647999","","0.000000","","-39.999997","-10.050000","","-3.880000","","","","","-48.225171","-53.929996","","","","C2 PROFILE","C3 PROFILE","","D1 PROFILE","","","",""
"64303600001449","Nodes","1449","21.000000","38.514862","Default Known Flow Node","Known Flow","348401.283096","682817.701357","","0.000000","","","","","","","","","","0.000000","0.000000","","","","","","","","","","",""
"64303600001378","Nodes","1378","21.000000","37.242305","DDS demands","Known Flow","348315.202935","682869.531025","","0.000000","","","","","-3.700000","","","","","-3.308606","-3.700000","","","","","","","D1 PROFILE","","","",""
"64303600001377","Nodes","1377","21.000000","39.098425","Default Known Flow Node","Known Flow","348355.921947","682823.663012","","0.000000","","","","","","","","","","0.000000","0.000000","","","","","","","","","","",""
"64303600000139","Nodes","139","21.000000","32.836763","Default Known Flow Node","Known Flow","348476.739979","682782.005001","","0.000000","","","","","","","","","","0.000000","0.000000","","","","","","","","","","",""
"64303600001432","Nodes","1432","21.000000","39.095676","DDS demands","Known Flow","348223.291910","682678.209972","","0.000000","","","","","-1.019999","","","","","-0.912102","-1.019999","","","","","","","D1 PROFILE","","","",""
"64303600001441","Nodes","1441","21.000000","38.686356","Default Known Flow Node","Known Flow","348286.901603","682749.766990","","0.000000","","","","","","","","","","0.000000","0.000000","","","","","","","","","","",""
"64303600000053","Nodes","53","21.000000","34.983963","DDS demands","Known Flow","348503.864391","682871.531228","","0.000000","-2.279999","","","","-19.099999","","","","","-19.118378","-21.379999","","","C1 PROFILE","","","","D1 PROFILE","","","",""
"64303600000051","Nodes","51","21.000000","32.000001","DDS demands","Known Flow","348522.448992","682762.890996","","0.000000","","","","","-15.540000","","","","","-13.896146","-15.540000","","","","","","","D1 PROFILE","","","",""
"64303600000200","Nodes","200","21.000000","29.689724","DDS demands","Known Flow","348829.551145","682972.142985","","0.000000","","","","","-1.389999","","","","","-1.242962","-1.389999","","","","","","","D1 PROFILE","","","",""
"64303600000062","Nodes","62","21.000000","33.314594","DDS demands","Known Flow","348612.846031","682931.307354","","0.000000","","","-2.509999","","-30.159999","","","","","-29.214098","-32.669998","","","","","C3 PROFILE","","D1 PROFILE","","","",""
"64303600000052","Nodes","52","21.000000","31.265028","DDS demands","Known Flow","348642.032024","682827.940013","","0.000000","","","","","-10.889999","","","","","-9.738032","-10.889999","","","","","","","D1 PROFILE","","","",""
"64303600000078","Nodes","78","21.000000","26.646667","DDS demands","Known Flow","348885.655091","682862.781023","","0.000000","","","","","-17.940000","","","","","-16.042270","-17.940000","","","","","","","D1 PROFILE","","","",""
"64303600001454","Nodes","1454","21.000000","24.908279","Default Known Flow Node","Known Flow","348836.069077","682843.622017","","0.000000","","","","","","","","","","0.000000","0.000000","","","","","","","","","","",""
"64303600000079","Nodes","79","21.000000","24.908279","DDS demands","Known Flow","348836.265289","682843.060673","","0.000000","","","","","-24.929999","","","","","-22.292851","-24.929999","","","","","","","D1 PROFILE","","","",""
"64303600000080","Nodes","80","21.000000","26.061579","DDS demands","Known Flow","348700.723040","682765.469996","","0.000000","","","","","-26.889998","","","","","-24.045518","-26.889998","","","","","","","D1 PROFILE","","","",""
"64303600000208","Nodes","208","21.000000","25.152494","DDS demands","Known Flow","348968.846837","682821.256605","","0.000000","","","","","-18.370000","","","","","-16.426783","-18.370000","","","","","","","D1 PROFILE","","","",""
"64303600001446","Nodes","1446","21.000000","24.504852","Default Known Flow Node","Known Flow","348975.701115","682766.415996","","0.000000","","","","","","","","","","0.000000","0.000000","","","","","","","","","","",""
"64303600000083","Nodes","83","21.000000","23.486905","DDS demands","Known Flow","348901.570759","682695.756526","","0.000000","","","","","-2.109999","","","","","-1.886799","-2.109999","","","","","","","D1 PROFILE","","","",""
"64303600000084","Nodes","84","21.000000","23.298610","DDS demands","Known Flow","348889.680092","682719.573984","","0.000000","","","","","-7.960000","","","","","-7.117974","-7.960000","","","","","","","D1 PROFILE","","","",""
"64303600000216","Nodes","216","21.000000","23.418811","DDS demands","Known Flow","348854.909441","682671.730373","","0.000000","","","","","-28.249999","","","","","-25.261655","-28.249999","","","","","","","D1 PROFILE","","","",""
"64303600001379","Nodes","1379","21.000000","23.418811","Default Known Flow Node","Known Flow","348773.205060","682692.879976","","0.000000","","","","","","","","","","0.000000","0.000000","","","","","","","","","","",""
"64303600000082","Nodes","82","21.000000","24.470615","DDS demands","Known Flow","348809.765564","682758.098070","","0.000000","","","","","-25.189999","","","","","-22.525349","-25.189999","","","","","","","D1 PROFILE","","","",""
"64303600000102","Nodes","102","21.000000","24.420604","DDS demands","Known Flow","348756.713056","682719.644984","","0.000000","","","","","-8.130000","","","","","-7.269991","-8.130000","","","","","","","D1 PROFILE","","","",""
"64303600000210","Nodes","210","21.000000","24.388417","DDS demands","Known Flow","348975.651115","682754.478993","","0.000000","","","","","-14.359999","","","","","-12.840968","-14.359999","","","","","","","D1 PROFILE","","","",""
"64303600000142","Nodes","142","21.000000","24.548593","Default Known Flow Node","Known Flow","348996.377121","682791.604003","","0.000000","","","","","","","","","","0.000000","0.000000","","","","","","","","","","",""
"64303600001450","Nodes","1450","21.000000","25.072616","Default Known Flow Node","Known Flow","349002.301122","682823.460012","","0.000000","","","","","","","","","","0.000000","0.000000","","","","","","","","","","",""
"64303600000232","Nodes","232","21.000000","25.028345","Default Known Flow Node","Known Flow","349056.837137","682817.710010","","0.000000","","","","","","","","","","0.000000","0.000000","","","","","","","","","","",""
"64303600001448","Nodes","1448","21.000000","25.028345","Default Known Flow Node","Known Flow","349057.108920","682807.595122","","0.000000","","","","","","","","","","0.000000","0.000000","","","","","","","","","","",""
"64303600001451","Nodes","1451","21.000000","25.071942","Default Known Flow Node","Known Flow","349066.075447","682827.265513","","0.000000","","","","","","","","","","0.000000","0.000000","","","","","","","","","","",""
"64303600000233","Nodes","233","21.000000","25.028345","Default Known Flow Node","Known Flow","349038.683132","682783.560001","","0.000000","","","","","","","","","","0.000000","0.000000","","","","","","","","","","",""
"64303600000234","Nodes","234","21.000000","25.070082","DDS demands","Known Flow","349093.758279","682843.735437","","0.000000","","","","","-0.920000","","","","","-0.822680","-0.920000","","","","","","","D1 PROFILE","","","",""
"64303600001382","Nodes","1382","21.000000","25.070082","Default Known Flow Node","Known Flow","349101.925150","682849.285019","","0.000000","","","","","","","","","","0.000000","0.000000","","","","","","","","","","",""
"64303600001367","Nodes","1367","21.000000","25.070082","Default Known Flow Node","Known Flow","349082.367144","682860.161022","","0.000000","","","","","","","","","","0.000000","0.000000","","","","","","","","","","",""
"64303600001400","Nodes","1400","21.000000","35.549995","Default Known Flow Node","Known Flow","347935.610832","683010.505063","","0.000000","","","","","","","","","","0.000000","0.000000","","","","","","","","","","",""
"64303600000202","Nodes","202, MAXIMO 362601 INCREASE LOAD FOR MPRN 1097821600","21.000000","35.523541","Point Loads","Known Flow","347931.349831","683015.751064","","0.000000","","","","","-1.080000","","","-7.380000","","-7.565083","-8.460000","","","","","","","D1 PROFILE","","","PL-AF PROFILE",""
"64303600001389","Nodes","1389","21.000000","35.464055","Default Known Flow Node","Known Flow","347978.090844","683037.281070","","0.000000","","","","","","","","","","0.000000","0.000000","","","","","","","","","","",""
"64303600000443","Nodes","443","21.000000","36.564329","DDS demands","Known Flow","348010.366853","683047.012073","","0.000000","","","","","-6.059999","","","","","-5.418960","-6.059999","","","","","","","D1 PROFILE","","","",""
"64303600001402","Nodes","1402","21.000000","34.135585","Default Known Flow Node","Known Flow","348094.552875","683040.448071","","0.000000","","","","","","","","","","0.000000","0.000000","","","","","","","","","","",""
"64303600000040","Nodes","40","21.000000","35.506474","DDS demands","Known Flow","348227.770912","683116.459092","","0.000000","","","","","-5.739999","","","","","-5.132810","-5.739999","","","","","","","D1 PROFILE","","","",""
"64303600001388","Nodes","1388","21.000000","35.506474","Default Known Flow Node","Known Flow","348231.599913","683118.143092","","0.000000","","","","","","","","","","0.000000","0.000000","","","","","","","","","","",""
"64303600000114","Nodes","114","21.000000","35.659100","DDS demands","Known Flow","348240.516462","683122.416787","","0.000000","","","","","-2.279999","","","","","-2.038816","-2.279999","","","","","","","D1 PROFILE","","","",""
"64303600000058","Nodes","58","21.000000","34.774867","DDS demands","Known Flow","348330.571074","683165.815521","","0.000000","","","","","-6.239999","","","","","-5.579919","-6.239999","","","","","","","D1 PROFILE","","","",""
"64303600000092","Nodes","92","21.000000","31.935729","DDS demands","Known Flow","348458.039987","683158.042077","","0.000000","","","","","-15.720000","","","","","-14.057105","-15.720000","","","","","","","D1 PROFILE","","","",""
"64303600000061","Nodes","61","21.000000","31.884646","DDS demands","Known Flow","348490.749983","683086.295084","","0.000000","","","","","-9.770000","","","","","-8.736509","-9.770000","","","","","","","D1 PROFILE","","","",""
"64303600001373","Nodes","1373","21.000000","35.670434","Default Known Flow Node","Known Flow","348241.277915","683120.930093","","0.000000","","","","","","","","","","0.000000","0.000000","","","","","","","","","","",""
"64303600001390","Nodes","1390","21.000000","33.375657","Default Known Flow Node","Known Flow","348409.854961","683296.813141","","0.000000","","","","","","","","","","0.000000","0.000000","","","","","","","","","","",""
"64303600000141","Nodes","141","21.000000","33.461854","DDS demands","Known Flow","348438.520390","683303.261690","","0.000000","","","","","-7.129999","","","","","-6.375773","-7.129999","","","","","","","D1 PROFILE","","","",""
"64303600000204","Nodes","204","21.000000","35.767717","DDS demands","Known Flow","348243.779155","683107.916786","","0.000000","","","","","-24.080000","","","","","-21.532767","-24.080000","","","","","","","D1 PROFILE","","","",""
"64303600000108","Nodes","108","21.000000","33.797065","DDS demands","Known Flow","348456.791974","683235.544124","","0.000000","","","","","-14.770000","","","","","-13.207598","-14.770000","","","","","","","D1 PROFILE","","","",""
"64303600000109","Nodes","109","21.000000","33.866560","DDS demands","Known Flow","348364.708762","683109.502518","","0.000000","","","","","-8.489999","","","","","-7.591909","-8.489999","","","","","","","D1 PROFILE","","","",""
"64303600001407","Nodes","1407","21.000000","35.833277","Default Known Flow Node","Known Flow","348246.633037","683102.145218","","0.000000","","","","","","","","","","0.000000","0.000000","","","","","","","","","","",""
"64303600000056","Nodes","56","21.000000","33.439855","DDS demands","Known Flow","348400.363827","683049.870800","","0.000000","","","","","-2.430000","","","","","-2.172949","-2.430000","","","","","","","D1 PROFILE","","","",""
"64303600000115","Nodes","115","21.000000","33.424705","DDS demands","Known Flow","348406.929943","683041.382951","","0.000000","","","","","-4.249999","","","","","-3.800425","-4.249999","","","","","","","D1 PROFILE","","","",""
"64303600000057","Nodes","57","21.000000","33.401708","DDS demands","Known Flow","348379.562953","683036.966070","","0.000000","","","","","-4.940000","","","","","-4.417436","-4.940000","","","","","","","D1 PROFILE","","","",""
"64303600000095","Nodes","95","21.000000","33.366416","DDS demands","Known Flow","348444.853971","683060.424076","","0.000000","","","","","-4.530000","","","","","-4.050807","-4.530000","","","","","","","D1 PROFILE","","","",""
"64303600000096","Nodes","96","21.000000","34.200615","DDS demands","Known Flow","348064.485178","683023.375014","","0.000000","","","","","-7.369999","","","","","-6.590385","-7.369999","","","","","","","D1 PROFILE","","","",""
"64303600001392","Nodes","1392","21.000000","33.461854","Default Known Flow Node","Known Flow","348462.581976","683309.192144","","0.000000","","","","","","","","","","0.000000","0.000000","","","","","","","","","","",""
"64303600000091","Nodes","91","21.000000","32.398773","DDS demands","Known Flow","348569.295291","683002.144432","","0.000000","","","","","-6.740000","","","","","-6.027028","-6.740000","","","","","","","D1 PROFILE","","","",""
"64303600000059","Nodes","59","21.000000","33.292633","DDS demands","Known Flow","348534.803904","683258.485199","","0.000000","","","","","-19.319998","","","","","-17.276288","-19.319998","","","","","","","D1 PROFILE","","","",""
"64303600000090","Nodes","90","21.000000","31.989605","DDS demands","Known Flow","348545.187196","683019.792942","","0.000000","","","","","-7.340000","","","","","-6.563559","-7.340000","","","","","","","D1 PROFILE","","","",""
"64303600000224","Nodes","224","21.000000","24.269711","DDS demands","Known Flow","348950.610640","683500.138295","","0.000000","","","","","-3.690000","","","","","-3.299664","-3.690000","","","","","","","D1 PROFILE","","","",""
"64303600000227","Nodes","227","21.000000","24.263391","DDS demands","Known Flow","348985.908118","683431.780178","","0.000000","","","","","-7.400000","","","","","-6.617212","-7.400000","","","","","","","D1 PROFILE","","","",""
"64303600000077","Nodes","77","21.000000","30.661990","DDS demands","Known Flow","348794.132019","683016.361862","","0.000000","","","","","-9.850000","","","","","-8.808046","-9.850000","","","","","","","D1 PROFILE","","","",""
"64303600000088","Nodes","88","21.000000","30.627094","DDS demands","Known Flow","348860.609819","683051.944959","","0.000000","","","","","-1.760000","","","","","-1.573823","-1.760000","","","","","","","D1 PROFILE","","","",""
"64303600001387","Nodes","1387","21.000000","32.334357","Default Known Flow Node","Known Flow","348667.651031","683234.356124","","0.000000","","","","","","","","","","0.000000","0.000000","","","","","","","","","","",""
"64303600001416","Nodes","1416","21.000000","32.377617","Default Known Flow Node","Known Flow","348677.790034","683240.083125","","0.000000","","","","","","","","","","0.000000","0.000000","","","","","","","","","","",""
"64303600000005","Nodes","5, ""MUIRFIELD RRI""","21.000000","24.999999","Default Known Pressure Node","Known Pressure","348975.732115","683469.469188","","999998.967025","","","","","","","","","","57.001760","63.744823","","","","","","","","","","",""
"64303600001435","Nodes","1435","21.000000","24.896199","Default Known Flow Node","Known Flow","348972.236029","683467.654135","","0.000000","","","","","","","","","","0.000000","0.000000","","","","","","","","","","",""
"64303600000093","Nodes","93","21.000000","32.483556","DDS demands","Known Flow","348564.037003","683193.237113","","0.000000","","","","","-10.339999","","","","","-9.246212","-10.339999","","","","","","","D1 PROFILE","","","",""
"64303600000060","Nodes","60","21.000000","33.030788","DDS demands","Known Flow","348624.732020","683202.473115","","0.000000","","","","","-1.370000","","","","","-1.225078","-1.370000","","","","","","","D1 PROFILE","","","",""
"64303600000065","Nodes","65","21.000000","32.912789","DDS demands","Known Flow","348656.110938","683145.696905","","0.000000","","","","","-8.689999","","","","","-7.770753","-8.689999","","","","","","","D1 PROFILE","","","",""
"64303600001412","Nodes","1412","21.000000","32.111393","Default Known Flow Node","Known Flow","348510.691989","683179.402109","","0.000000","","","","","","","","","","0.000000","0.000000","","","","","","","","","","",""
"64303600001376","Nodes","1376","21.000000","30.274336","Default Known Flow Node","Known Flow","348744.840052","683405.909170","","0.000000","","","","","","","","","","0.000000","0.000000","","","","","","","","","","",""
"64303600000066","Nodes","66","21.000000","30.251799","DDS demands","Known Flow","348669.991032","683341.271153","","0.000000","","","","","-9.509999","","","","","-8.504012","-9.509999","","","","","","","D1 PROFILE","","","",""
"64303600000069","Nodes","69","21.000000","30.459416","DDS demands","Known Flow","348785.728065","683330.760997","","0.000000","","","","","-15.880000","","","","","-14.200180","-15.880000","","","","","","","D1 PROFILE","","","",""
"64303600001419","Nodes","1419","21.000000","30.364020","Default Known Flow Node","Known Flow","348772.924060","683353.973156","","0.000000","","","","","","","","","","0.000000","0.000000","","","","","","","","","","",""
"64303600000071","Nodes","71","21.000000","30.526166","DDS demands","Known Flow","348810.809070","683284.493137","","0.000000","","","","","-29.579999","","","","","-26.450965","-29.579999","","","","","","","D1 PROFILE","","","",""
"64303600000218","Nodes","218","21.000000","29.858240","DDS demands","Known Flow","348879.205089","683384.614165","","0.000000","","","","","-13.600000","","","","","-12.161363","-13.600000","","","","","","","D1 PROFILE","","","",""
"64303600000219","Nodes","219","21.000000","29.670392","DDS demands","Known Flow","348942.093106","683358.120157","","0.000000","","","","","-6.510000","","","","","-5.821358","-6.510000","","","","","","","D1 PROFILE","","","",""
"64303600000072","Nodes","72","21.000000","30.655534","DDS demands","Known Flow","348860.134779","683196.138749","","0.000000","","","","","-17.159999","","","","","-15.344779","-17.159999","","","","","","","D1 PROFILE","","","",""
"64303600000075","Nodes","75","21.000000","30.664326","DDS demands","Known Flow","348898.728094","683125.328094","","0.000000","","","","","-15.640000","","","","","-13.985568","-15.640000","","","","","","","D1 PROFILE","","","",""
"64303600000073","Nodes","73","21.000000","30.771618","DDS demands","Known Flow","348757.006683","683122.850433","","0.000000","","","","","-6.370000","","","","","-5.696168","-6.370000","","","","","","","D1 PROFILE","","","",""
"64303600000068","Nodes","68","21.000000","30.363868","DDS demands","Known Flow","348772.079175","683355.510211","","0.000000","","","","","-0.930000","","","","","-0.831622","-0.930000","","","","","","","D1 PROFILE","","","",""
"64303600001418","Nodes","1418","21.000000","30.525847","Default Known Flow Node","Known Flow","348813.284071","683280.397136","","0.000000","","","","","","","","","","0.000000","0.000000","","","","","","","","","","",""
"64303600001372","Nodes","1372","21.000000","30.526166","Default Known Flow Node","Known Flow","348830.877076","683295.092140","","0.000000","","","","","","","","","","0.000000","0.000000","","","","","","","","","","",""
"64303600000228","Nodes","228","21.000000","24.263391","Default Known Flow Node","Known Flow","348975.464414","683426.460465","","0.000000","","","","","","","","","","0.000000","0.000000","","","","","","","","","","",""
"64303600000074","Nodes","74","21.000000","30.658955","DDS demands","Known Flow","348813.972850","683078.969058","","0.000000","","","","","-15.030000","","","","","-13.440095","-15.030000","","","","","","","D1 PROFILE","","","",""
"64303600000076","Nodes","76","21.000000","30.559256","DDS demands","Known Flow","348909.177097","683079.595082","","0.000000","","","","","-3.489999","","","","","-3.120820","-3.489999","","","","","","","D1 PROFILE","","","",""
"64303600001401","Nodes","1401","21.000000","30.665580","Default Known Flow Node","Known Flow","348794.259066","683011.689063","","0.000000","","","","","","","","","","0.000000","0.000000","","","","","","","","","","",""
"64303600000212","Nodes","212","21.000000","32.872022","DDS demands","Known Flow","348699.572209","683066.095561","","0.000000","","","","","-6.150000","","","","","-5.499440","-6.150000","","","","","","","D1 PROFILE","","","",""
"64303600000089","Nodes","89","21.000000","31.352131","DDS demands","Known Flow","348584.677009","683116.251092","","0.000000","","","","","-22.000000","","","","","-19.672795","-22.000000","","","","","","","D1 PROFILE","","","",""
"64303600000094","Nodes","94","21.000000","32.872022","Default Known Flow Node","Known Flow","348707.752042","683052.430074","","0.000000","","","","","","","","","","0.000000","0.000000","","","","","","","","","","",""
"64303600000213","Nodes","213","21.000000","32.419210","DDS demands","Known Flow","348645.425025","683043.439072","","0.000000","","-6.000000","","","-5.879999","","","","","-10.623308","-11.880000","","","","C2 PROFILE","","","D1 PROFILE","","","",""
"64303600000211","Nodes","211","21.000000","32.324061","DDS demands","Known Flow","348611.996016","683029.166068","","0.000000","","","","","-6.939999","","","","","-6.205872","-6.939999","","","","","","","D1 PROFILE","","","",""
"64303600001394","Nodes","1394","21.000000","30.450490","Default Known Flow Node","Known Flow","348787.339064","683365.314159","","0.000000","","","","","","","","","","0.000000","0.000000","","","","","","","","","","",""
"64303600001422","Nodes","1422","21.000000","30.389651","Default Known Flow Node","Known Flow","348789.589065","683363.556159","","0.000000","","","","","","","","","","0.000000","0.000000","","","","","","","","","","",""
"64303600001421","Nodes","1421","21.000000","30.202221","Default Known Flow Node","Known Flow","348825.326074","683359.885158","","0.000000","","","","","","","","","","0.000000","0.000000","","","","","","","","","","",""
"64303600000220","Nodes","220","21.000000","29.112179","DDS demands","Known Flow","348975.117470","683301.646430","","0.000000","","","","","-8.260000","","","","","-7.386240","-8.260000","","","","","","","D1 PROFILE","","","",""
"64303600001423","Nodes","1423","21.000000","30.062443","Default Known Flow Node","Known Flow","348858.529083","683373.942162","","0.000000","","","","","","","","","","0.000000","0.000000","","","","","","","","","","",""
"64303600001384","Nodes","1384","21.000000","30.202221","Default Known Flow Node","Known Flow","348832.701076","683347.685155","","0.000000","","","","","","","","","","0.000000","0.000000","","","","","","","","","","",""
"64303600001368","Nodes","1368","21.000000","30.062443","Default Known Flow Node","Known Flow","348866.977086","683355.676157","","0.000000","","","","","","","","","","0.000000","0.000000","","","","","","","","","","",""
"64303600001413","Nodes","1413","21.000000","24.973790","DDS demands","Known Flow","349118.803296","683184.121756","","0.000000","","","","","-0.220000","","","","","-0.196727","-0.220000","","","","","","","D1 PROFILE","","","",""
"64303600001433","Nodes","1433","21.000000","24.998113","Default Known Flow Node","Known Flow","349123.966858","683161.158424","","0.000000","","","","","","","","","","0.000000","0.000000","","","","","","","","","","",""
"64303600000003","Nodes","3, ""DUNCAR ROAD DG"" Site ID 6141","21.000000","24.999999","Default Known Pressure Node","Known Pressure","349123.491155","683161.034104","","999998.967025","","","","","","","","","","20.008283","22.375177","","","","","","","","","","",""
"64303600000086","Nodes","86","21.000000","24.976969","DDS demands","Known Flow","349121.563640","683179.689010","","0.000000","","","","","-2.689999","","","","","-2.405446","-2.689999","","","","","","","D1 PROFILE","","","",""
"64303600000087","Nodes","87","21.000000","24.134847","DDS demands","Known Flow","348930.802604","683536.149773","","0.000000","","","","-6.000000","","","","","","-5.365307","-6.000000","","","","","","C4 PROFILE","","","","",""
"64303600000230","Nodes","230","21.000000","24.224900","Default Known Flow Node","Known Flow","348941.072082","683517.971220","","0.000000","","","","","","","","","","0.000000","0.000000","","","","","","","","","","",""
"64303600000229","Nodes","229","21.000000","24.250382","Default Known Flow Node","Known Flow","348946.643743","683507.910392","","0.000000","","","","","","","","","","0.000000","0.000000","","","","","","","","","","",""
"64303600000225","Nodes","225","21.000000","23.146970","DDS demands","Known Flow","348992.595120","683530.131204","","0.000000","-39.999997","","","","0.000000","","","","","-35.768714","-39.999997","","","C1 PROFILE","","","","D1 PROFILE","","","",""
"64303600001425","Nodes","1425","21.000000","24.260666","Default Known Flow Node","Known Flow","348948.754255","683503.775396","","0.000000","","","","","","","","","","0.000000","0.000000","","","","","","","","","","",""
"64303600000226","Nodes","226","21.000000","22.383740","DDS demands","Known Flow","349017.012126","683543.368208","","0.000000","","","-23.920000","","-2.200000","","","","","-23.356973","-26.120001","","","","","C3 PROFILE","","D1 PROFILE","","","",""
"64303600001436","Nodes","1436","21.000000","48.730027","Default Known Flow Node","Known Flow","349900.821908","683712.575276","","0.000000","","","","","","","","","","0.000000","0.000000","","","","","","","","","","",""
"64303600000135","Nodes","135","21.000000","29.553710","DDS demands","Known Flow","350014.251398","683794.287276","","0.000000","","","","","-12.640000","","","","","-11.302914","-12.640000","","","","","","","D1 PROFILE","","","",""
"64303600000136","Nodes","136","21.000000","29.552116","DDS demands","Known Flow","350041.151008","683725.030653","","0.000000","","","","","-2.949999","","","","","-2.637942","-2.949999","","","","","","","D1 PROFILE","","","",""
"64303600001399","Nodes","1399","21.000000","35.593260","Default Known Flow Node","Known Flow","347942.236834","683001.657060","","0.000000","","","","","","","","","","0.000000","0.000000","","","","","","","","","","",""
"64303600001444","Nodes","1444","21.000000","26.068270","Default Known Flow Node","Known Flow","348702.126041","682764.702996","","0.000000","","","","","","","","","","0.000000","0.000000","","","","","","","","","","",""
"64303600001442","Nodes","1442","21.000000","26.061579","Default Known Flow Node","Known Flow","348684.336036","682753.779993","","0.000000","","","","","","","","","","0.000000","0.000000","","","","","","","","","","",""
"64303600001374","Nodes","1374","21.000000","26.105186","Default Known Flow Node","Known Flow","348664.594031","682747.004991","","0.000000","","","","","","","","","","0.000000","0.000000","","","","","","","","","","",""
"64303600000214","Nodes","64303600000214","0.000000","23.759846","Point Loads","Known Flow","348689.865427","682670.123222","","0.000000","","-33.929999","","","","","","","","-30.340812","-33.929999","","","","C2 PROFILE","","","","","","",""
"64303600001369","Nodes","1369","21.000000","35.593260","Default Known Flow Node","Known Flow","347972.679842","683012.273063","","0.000000","","","","","","","","","","0.000000","0.000000","","","","","","","","","","",""
"64303600001410","Nodes","1410","21.000000","35.670434","Default Known Flow Node","Known Flow","348242.622683","683121.042848","","0.000000","","","","","","","","","","0.000000","0.000000","","","","","","","","","","",""
"64303600000236","Nodes","236","21.000000","24.291168","Default Known Flow Node","Known Flow","348954.184109","683500.960196","","0.000000","","","","","","","","","","0.000000","0.000000","","","","","","","","","","",""
"64303600000247","Nodes","247","21.000000","23.915918","Default Known Flow Node","Known Flow","348772.503060","683631.824232","","0.000000","","","","","","","","","","0.000000","0.000000","","","","","","","","","","",""
"64303600000133","Nodes","133, ""ARCHERFIELD RRI""","21.000000","49.999998","Default Known Pressure Node","Known Pressure","349899.310367","683704.820252","","999998.967025","","","","","","","","","","56.711300","63.419997","","","","","","","","","","",""
"64303600000134","Nodes","134","21.000000","27.113167","DDS demands","Known Flow","350092.060419","683849.813291","","0.000000","","","","","-1.830000","","","","","-1.636418","-1.830000","","","","","","","D1 PROFILE","","","",""
"64303600001366","Nodes","1366","21.000000","32.337867","Default Known Flow Node","Known Flow","347913.429002","682959.705777","","0.000000","","","","","","","","","","0.000000","0.000000","","","","","","","","","","",""
"64303600000104","Nodes","104","21.000000","32.337867","Default Known Flow Node","Known Flow","347914.688826","682959.850049","","0.000000","","","","","","","","","","0.000000","0.000000","","","","","","","","","","",""
"64303600001381","Nodes","1381","21.000000","32.510727","Default Known Flow Node","Known Flow","347936.052832","682950.891047","","0.000000","","","","","","","","","","0.000000","0.000000","","","","","","","","","","",""
"64303600001406","Nodes","1406","21.000000","39.532826","Default Known Flow Node","Known Flow","348058.333866","682597.378950","","0.000000","","","","","","","","","","0.000000","0.000000","","","","","","","","","","",""
"64303600001385","Nodes","1385","21.000000","39.532826","Default Known Flow Node","Known Flow","348059.132866","682593.979950","","0.000000","","","","","","","","","","0.000000","0.000000","","","","","","","","","","",""
"64303600001408","Nodes","1408","21.000000","39.532826","Default Known Flow Node","Known Flow","348064.590867","682598.846951","","0.000000","","","","","","","","","","0.000000","0.000000","","","","","","","","","","",""
"64303600001411","Nodes","1411","21.000000","39.532826","Default Known Flow Node","Known Flow","348075.765870","682601.440952","","0.000000","","","","","","","","","","0.000000","0.000000","","","","","","","","","","",""
"64303600000450","Nodes","450","21.000000","29.102035","DDS demands","Known Flow","348686.639404","682818.480295","","0.000000","","","","","-5.150000","","","","","-4.605222","-5.150000","","","","","","","D1 PROFILE","","","",""
"64303600000451","Nodes","451","21.000000","29.074831","DDS demands","Known Flow","348653.157027","682788.157002","","0.000000","","","","","-2.949999","","","","","-2.637942","-2.949999","","","","","","","D1 PROFILE","","","",""
"64303600000449","Nodes","449","21.000000","29.154710","DDS demands","Known Flow","348700.851937","682833.804422","","0.000000","","","","","-13.369999","","","","","-11.955693","-13.369999","","","","","","","D1 PROFILE","","","",""
"64303600000446","Nodes","446","21.000000","29.340381","DDS demands","Known Flow","348828.154906","682901.890438","","0.000000","","","","","-10.679999","","","","","-9.550247","-10.679999","","","","","","","D1 PROFILE","","","",""
"64303600001445","Nodes","1445","21.000000","30.117765","Default Known Flow Node","Known Flow","348448.869954","682486.704813","","0.000000","","","","","","","","","","0.000000","0.000000","","","","","","","","","","",""
"64303600001459","Nodes","1459","21.000000","30.117765","Default Known Flow Node","Known Flow","348466.523349","682495.292973","","0.000000","","","","","","","","","","0.000000","0.000000","","","","","","","","","","",""
"64303600001360","Nodes","1360","21.000000","30.117765","Default Known Flow Node","Known Flow","348463.222321","682506.402710","","0.000000","","","","","","","","","","0.000000","0.000000","","","","","","","","","","",""
"64303600001364","Nodes","1364","21.000000","30.117765","Default Known Flow Node","Known Flow","348457.465218","682517.942578","","0.000000","","","","","","","","","","0.000000","0.000000","","","","","","","","","","",""
"64303600001393","Nodes","1393","21.000000","38.559299","Default Known Flow Node","Known Flow","347777.846046","682559.229983","","0.000000","","","","","","","","","","0.000000","0.000000","","","","","","","","","","",""
"64303600001403","Nodes","1403","21.000000","38.559299","DDS demands","Known Flow","347796.857523","682574.490101","","0.000000","","","","","-4.330000","","","","","-3.871963","-4.330000","","","","","","","D1 PROFILE","","","",""
"64303600000029","Nodes","29","21.000000","39.430254","DDS demands","Known Flow","347867.197814","682631.288960","","0.000000","","","","","-4.559999","","","","","-4.077633","-4.559999","","","","","","","D1 PROFILE","","","",""
"64303600001462","Nodes","1462","21.000000","26.800464","Default Known Flow Node","Known Flow","348892.400093","682872.206025","","0.000000","","","","","","","","","","0.000000","0.000000","","","","","","","","","","",""
"64303600001429","Nodes","1429","21.000000","30.117765","Default Known Flow Node","Known Flow","348444.108266","682474.062046","","0.000000","","","","","","","","","","0.000000","0.000000","","","","","","","","","","",""
"64303600001395","Nodes","1395","21.000000","35.075944","DDS demands","Known Flow","348208.963907","682959.856049","","0.000000","","","","","-0.399999","","","","","-0.357687","-0.399999","","","","","","","D1 PROFILE","","","",""
"64303600001358","Nodes","1358","21.000000","29.307291","Default Known Flow Node","Known Flow","348813.360849","682923.345050","","0.000000","","","","","","","","","","0.000000","0.000000","","","","","","","","","","",""
"64303600001365","Nodes","1365","21.000000","29.407302","Default Known Flow Node","Known Flow","348828.331121","682949.876534","","0.000000","","","","","","","","","","0.000000","0.000000","","","","","","","","","","",""
"64303600001458","Nodes","1458","21.000000","36.556307","DDS demands","Known Flow","348275.873989","682859.670484","","0.000000","","","","","-2.119999","","","","","-1.895741","-2.119999","","","","","","","D1 PROFILE","","","",""
"64303600001460","Nodes","1460","21.000000","36.565788","Default Known Flow Node","Known Flow","348280.621139","682862.674803","","0.000000","","","","","","","","","","0.000000","0.000000","","","","","","","","","","",""
"64303600001426","Nodes","1426","21.000000","30.117765","Default Known Flow Node","Known Flow","348469.296977","682464.948914","","0.000000","","","","","","","","","","0.000000","0.000000","","","","","","","","","","",""
"64303600000209","Nodes","209","21.000000","24.875082","DDS demands","Known Flow","348983.467117","682899.926033","","0.000000","","","","","-7.199999","","","","","-6.438368","-7.199999","","","","","","","D1 PROFILE","","","",""
"64303600001354","Nodes","1354","21.000000","24.923410","Default Known Flow Node","Known Flow","348990.337473","682885.407178","","0.000000","","","","","","","","","","0.000000","0.000000","","","","","","","","","","",""
"64303600001453","Nodes","1453","21.000000","30.117765","Default Known Flow Node","Known Flow","348468.799784","682488.165499","","0.000000","","","","","","","","","","0.000000","0.000000","","","","","","","","","","",""
"64303600001380","Nodes","1380","21.000000","30.117765","Default Known Flow Node","Known Flow","348464.816304","682455.544898","","0.000000","","","","","","","","","","0.000000","0.000000","","","","","","","","","","",""
"64303600001404","Nodes","1404","21.000000","35.286541","Default Known Flow Node","Known Flow","348154.095066","683080.466924","","0.000000","","","","","","","","","","0.000000","0.000000","","","","","","","","","","",""
"64303600001362","Nodes","1362","21.000000","29.397437","Default Known Flow Node","Known Flow","348837.905078","682930.501041","","0.000000","","","","","","","","","","0.000000","0.000000","","","","","","","","","","",""
"64303600000037","Nodes","37","21.000000","35.064955","DDS demands","Known Flow","348208.029906","682959.374049","","0.000000","","","","","-11.989999","","","","","-10.721671","-11.989999","","","","","","","D1 PROFILE","","","",""
"64303600001414","Nodes","1414","21.000000","35.412627","Default Known Flow Node","Known Flow","348206.776745","683202.513729","","0.000000","","","","","","","","","","0.000000","0.000000","","","","","","","","","","",""
"64303600001357","Nodes","1357","21.000000","29.322833","Default Known Flow Node","Known Flow","348818.296005","682917.504754","","0.000000","","","","","","","","","","0.000000","0.000000","","","","","","","","","","",""
"64303600001363","Nodes","1363","21.000000","30.117765","Default Known Flow Node","Known Flow","348486.003982","682516.270928","","0.000000","","","","","","","","","","0.000000","0.000000","","","","","","","","","","",""
"64303600001405","Nodes","1405","21.000000","35.320654","Default Known Flow Node","Known Flow","348155.867866","683085.218425","","0.000000","","","","","","","","","","0.000000","0.000000","","","","","","","","","","",""
"64303600000099","Nodes","99","21.000000","35.286541","DDS demands","Known Flow","348155.552892","683081.271082","","0.000000","","","","","-24.639999","","","","","-22.033528","-24.639999","","","","","","","D1 PROFILE","","","",""
"64303600001437","Nodes","1437","21.000000","33.238376","Default Known Flow Node","Known Flow","347579.444727","682854.979758","","0.000000","","","","","","","","","","0.000000","0.000000","","","","","","","","","","",""
"64303600000030","Nodes","30","21.000000","38.426609","DDS demands","Known Flow","347771.496590","682553.512661","","0.000000","","","","","-10.029999","","","","","-8.969005","-10.029999","","","","","","","D1 PROFILE","","","",""
"64303600001002","Nodes","Logger 9190, Edgehill, West Links Rd","21.000000","38.426609","Val Log Cath","Known Flow","347765.963786","682553.516939","","0.000000","","","","0.000000","","","","","","0.000000","0.000000","","","","","","C4 PROFILE","","","","",""
"64303600000448","Nodes","448","21.000000","29.340786","DDS demands","Known Flow","348818.817073","682925.805040","","0.000000","","","","","-2.059999","","","","","-1.842088","-2.059999","","","","","","","D1 PROFILE","","","",""
"64303600001359","Nodes","1359","21.000000","24.923410","Default Known Flow Node","Known Flow","348985.026118","682923.148039","","0.000000","","","","","","","","","","0.000000","0.000000","","","","","","","","","","",""
"64303600001396","Nodes","1396","21.000000","30.117765","Default Known Flow Node","Known Flow","348455.364656","682521.837585","","0.000000","","","","","","","","","","0.000000","0.000000","","","","","","","","","","",""
"64303600001356","Nodes","1356","21.000000","29.324678","Default Known Flow Node","Known Flow","348820.296073","682911.483036","","0.000000","","","","","","","","","","0.000000","0.000000","","","","","","","","","","",""
"64303600001383","Nodes","1383","21.000000","30.161045","Default Known Flow Node","Known Flow","348485.669982","682527.288931","","0.000000","","","","","","","","","","0.000000","0.000000","","","","","","","","","","",""
"64303600001361","Nodes","1361","21.000000","29.398472","Default Known Flow Node","Known Flow","348839.118332","682928.471612","","0.000000","","","","","","","","","","0.000000","0.000000","","","","","","","","","","",""
"64303600001417","Nodes","1417","21.000000","35.326741","Default Known Flow Node","Known Flow","348187.026423","683252.618905","","0.000000","","","","","","","","","","0.000000","0.000000","","","","","","","","","","",""
"64303600001461","Nodes","1461","21.000000","26.800464","Default Known Flow Node","Known Flow","348885.798448","682867.081212","","0.000000","","","","","","","","","","0.000000","0.000000","","","","","","","","","","",""
"64303600001004","Nodes","1004","21.000000","33.432334","Default Known Flow Node","Known Flow","348431.710354","682931.376618","","0.000000","","","","","","","","","","0.000000","0.000000","","","","","","","","","","",""
"64303600001003","Nodes","1003","21.000000","33.343875","Default Known Flow Node","Known Flow","348418.992964","682950.090046","","0.000000","","","","","","","","","","0.000000","0.000000","","","","","","","","","","",""
"64303600000231","Nodes","P00094103/01, MUIRFIELD DRIVE, 45.10","24.000000","23.748432","CSEP DDS Matched","Known Flow","348947.897872","682721.976329","","0.000000","","","","","","-24.340000","","","","-21.765265","-24.340000","","","","","","","","DC PROFILE","","",""
"64303600001005","Nodes","1005","21.000000","39.095889","Default Known Flow Node","Known Flow","348222.040388","682680.920976","","0.000000","","","","","","","","","","0.000000","0.000000","","","","","","","","","","",""
"64303600001006","Nodes","1006","21.000000","33.368290","Default Known Flow Node","Known Flow","347530.942722","682851.418020","","0.000000","","","","","","","","","","0.000000","0.000000","","","","","","","","","","",""
"64303600001007","Nodes","1007","21.000000","33.238376","Default Known Flow Node","Known Flow","347575.672734","682853.342020","","0.000000","","","","","","","","","","0.000000","0.000000","","","","","","","","","","",""
"64303600001008","Nodes","1008","21.000000","36.475734","Default Known Flow Node","Known Flow","347549.167727","682725.090985","","0.000000","","","","","","","","","","0.000000","0.000000","","","","","","","","","","",""
"64303600001010","Nodes","1010","21.000000","33.238376","Default Known Flow Node","Known Flow","347595.572740","682862.424023","","0.000000","","","","","","","","","","0.000000","0.000000","","","","","","","","","","",""
"64303600001014","Nodes","1014","21.000000","40.254799","Default Known Flow Node","Known Flow","347927.940830","682635.958961","","0.000000","","","","","","","","","","0.000000","0.000000","","","","","","","","","","",""
"64303600001015","Nodes","1015","21.000000","40.838321","Default Known Flow Node","Known Flow","348038.702860","682643.213963","","0.000000","","","","","","","","","","0.000000","0.000000","","","","","","","","","","",""
"64303600001028","Nodes","1028","21.000000","32.499764","DDS demands","Known Flow","347795.225215","682939.932624","","0.000000","","","","","-1.019999","","","","","-0.912102","-1.019999","","","","","","","D1 PROFILE","","","",""
"64303600001021","Nodes","1021","21.000000","33.238376","Default Known Flow Node","Known Flow","347580.403736","682850.131019","","0.000000","","","","","","","","","","0.000000","0.000000","","","","","","","","","","",""
"64303600001022","Nodes","1022","21.000000","33.238376","Default Known Flow Node","Known Flow","347596.223740","682827.709013","","0.000000","","","","","","","","","","0.000000","0.000000","","","","","","","","","","",""
"64303600001009","Nodes","1009","21.000000","35.982192","Default Known Flow Node","Known Flow","347611.254744","682635.795961","","0.000000","","","","","","","","","","0.000000","0.000000","","","","","","","","","","",""
"64303600001024","Nodes","1024","21.000000","32.921401","Default Known Flow Node","Known Flow","347665.863469","682895.858110","","0.000000","","","","","","","","","","0.000000","0.000000","","","","","","","","","","",""
"64303600001056","Nodes","1056","21.000000","32.856027","DDS demands","Known Flow","347715.465772","682912.541036","","0.000000","","","-2.480000","","-11.839999","","","","","-12.805200","-14.320000","","","","","C3 PROFILE","","D1 PROFILE","","","",""
"64303600001025","Nodes","1025","21.000000","32.921401","Default Known Flow Node","Known Flow","347663.333758","682903.378034","","0.000000","","","","","","","","","","0.000000","0.000000","","","","","","","","","","",""
"64303600001027","Nodes","1027","21.000000","32.499764","Default Known Flow Node","Known Flow","347793.585794","682946.837046","","0.000000","","","","","","","","","","0.000000","0.000000","","","","","","","","","","",""
"64303600001037","Nodes","1037","21.000000","34.565368","Default Known Flow Node","Known Flow","347688.774765","682827.104013","","0.000000","","","","","","","","","","0.000000","0.000000","","","","","","","","","","",""
"64303600001039","Nodes","1039","21.000000","36.304594","Default Known Flow Node","Known Flow","347777.506789","682785.906002","","0.000000","","","","","","","","","","0.000000","0.000000","","","","","","","","","","",""
"64303600001044","Nodes","1044","21.000000","38.421283","Default Known Flow Node","Known Flow","347777.105831","682557.993155","","0.000000","","","","","","","","","","0.000000","0.000000","","","","","","","","","","",""
"64303600001046","Nodes","1046","21.000000","36.939926","Default Known Flow Node","Known Flow","348011.143853","682878.641027","","0.000000","","","","","","","","","","0.000000","0.000000","","","","","","","","","","",""
"64303600001057","Nodes","1057","21.000000","32.726343","Default Known Flow Node","Known Flow","347706.503770","682938.660043","","0.000000","","","","","","","","","","0.000000","0.000000","","","","","","","","","","",""
"64303600001058","Nodes","1058","21.000000","40.196562","Default Known Flow Node","Known Flow","347920.822828","682664.059969","","0.000000","","","","","","","","","","0.000000","0.000000","","","","","","","","","","",""
"64303600001061","Nodes","1061","21.000000","33.238376","Default Known Flow Node","Known Flow","347578.058735","682854.340020","","0.000000","","","","","","","","","","0.000000","0.000000","","","","","","","","","","",""
"64303600001062","Nodes","1062","21.000000","33.801709","Default Known Flow Node","Known Flow","347508.171716","682813.738009","","0.000000","","","","","","","","","","0.000000","0.000000","","","","","","","","","","",""
"64303600001069","Nodes","1069","21.000000","36.566113","Default Known Flow Node","Known Flow","348280.130926","682862.191023","","0.000000","","","","","","","","","","0.000000","0.000000","","","","","","","","","","",""
"64303600001071","Nodes","1071","21.000000","30.117765","Default Known Flow Node","Known Flow","348445.727971","682498.769924","","0.000000","","","","","","","","","","0.000000","0.000000","","","","","","","","","","",""
"64303600001073","Nodes","1073","21.000000","30.117765","Default Known Flow Node","Known Flow","348447.514971","682484.821920","","0.000000","","","","","","","","","","0.000000","0.000000","","","","","","","","","","",""
"64303600001074","Nodes","1074","21.000000","30.117765","Default Known Flow Node","Known Flow","348451.718973","682477.933918","","0.000000","","","","","","","","","","0.000000","0.000000","","","","","","","","","","",""
"64303600001076","Nodes","1076","21.000000","30.117765","Default Known Flow Node","Known Flow","348467.137977","682468.523915","","0.000000","","","","","","","","","","0.000000","0.000000","","","","","","","","","","",""
"64303600001101","Nodes","1101","21.000000","33.530276","Default Known Flow Node","Known Flow","348462.004975","682947.452046","","0.000000","","","","","","","","","","0.000000","0.000000","","","","","","","","","","",""
"64303600001089","Nodes","1089","21.000000","30.117765","Default Known Flow Node","Known Flow","348456.264974","682520.001929","","0.000000","","","","","","","","","","0.000000","0.000000","","","","","","","","","","",""
"64303600001090","Nodes","1090","21.000000","30.117765","Default Known Flow Node","Known Flow","348461.017975","682522.124930","","0.000000","","","","","","","","","","0.000000","0.000000","","","","","","","","","","",""
"64303600001091","Nodes","1091","21.000000","30.117765","Default Known Flow Node","Known Flow","348458.083974","682516.880929","","0.000000","","","","","","","","","","0.000000","0.000000","","","","","","","","","","",""
"64303600001094","Nodes","1094","21.000000","29.154492","Default Known Flow Node","Known Flow","348699.973040","682832.900015","","0.000000","","","","","","","","","","0.000000","0.000000","","","","","","","","","","",""
"64303600001096","Nodes","1096","21.000000","26.202128","Default Known Flow Node","Known Flow","348723.664047","682780.982000","","0.000000","","","","","","","","","","0.000000","0.000000","","","","","","","","","","",""
"64303600001097","Nodes","1097","21.000000","26.202128","Default Known Flow Node","Known Flow","348717.980045","682802.755006","","0.000000","","","","","","","","","","0.000000","0.000000","","","","","","","","","","",""
"64303600001098","Nodes","1098","21.000000","33.440570","Default Known Flow Node","Known Flow","348400.200959","683050.143074","","0.000000","","","","","","","","","","0.000000","0.000000","","","","","","","","","","",""
"64303600001100","Nodes","1100","21.000000","33.430062","Default Known Flow Node","Known Flow","348405.784960","683040.808071","","0.000000","","","","","","","","","","0.000000","0.000000","","","","","","","","","","",""
"64303600001168","Nodes","1168","21.000000","33.458044","Default Known Flow Node","Known Flow","348413.942962","683026.372067","","0.000000","","","","","","","","","","0.000000","0.000000","","","","","","","","","","",""
"64303600001078","Nodes","1078","21.000000","35.004495","DDS demands","Known Flow","348502.764987","682870.883025","","0.000000","","","","","-0.999999","","","","","-0.894217","-0.999999","","","","","","","D1 PROFILE","","","",""
"64303600001103","Nodes","1103","21.000000","32.380561","Default Known Flow Node","Known Flow","348565.879004","683007.651062","","0.000000","","","","","","","","","","0.000000","0.000000","","","","","","","","","","",""
"64303600001105","Nodes","1105","21.000000","32.872129","Default Known Flow Node","Known Flow","348698.756040","683067.459078","","0.000000","","","","","","","","","","0.000000","0.000000","","","","","","","","","","",""
"64303600001171","Nodes","1171","21.000000","30.664051","Default Known Flow Node","Known Flow","348421.402914","682521.192675","","0.000000","","","","","","","","","","0.000000","0.000000","","","","","","","","","","",""
"64303600001119","Nodes","1119","21.000000","26.092917","Default Known Flow Node","Known Flow","348703.944041","682767.690997","","0.000000","","","","","","","","","","0.000000","0.000000","","","","","","","","","","",""
"64303600001121","Nodes","1121","21.000000","26.093433","Default Known Flow Node","Known Flow","348709.743043","682761.874995","","0.000000","","","","","","","","","","0.000000","0.000000","","","","","","","","","","",""
"64303600001145","Nodes","1145","21.000000","26.094598","Default Known Flow Node","Known Flow","348710.758613","682764.629155","","0.000000","","","","","","","","","","0.000000","0.000000","","","","","","","","","","",""
"64303600001123","Nodes","1123","21.000000","35.068276","Default Known Flow Node","Known Flow","348200.991904","682971.627052","","0.000000","","","","","","","","","","0.000000","0.000000","","","","","","","","","","",""
"64303600001126","Nodes","1126","21.000000","39.098429","Default Known Flow Node","Known Flow","348208.943907","682711.870982","","0.000000","","","","","","","","","","0.000000","0.000000","","","","","","","","","","",""
"64303600001130","Nodes","1130","21.000000","30.117765","Default Known Flow Node","Known Flow","348462.180975","682505.961926","","0.000000","","","","","","","","","","0.000000","0.000000","","","","","","","","","","",""
"64303600001132","Nodes","1132","21.000000","29.338834","Default Known Flow Node","Known Flow","348826.553075","682901.250033","","0.000000","","","","","","","","","","0.000000","0.000000","","","","","","","","","","",""
"64303600001133","Nodes","1133","21.000000","35.285653","Default Known Flow Node","Known Flow","348156.210892","683079.609082","","0.000000","","","","","","","","","","0.000000","0.000000","","","","","","","","","","",""
"64303600001139","Nodes","1139","21.000000","39.192506","Default Known Flow Node","Known Flow","348389.001215","682840.334144","","0.000000","","","","","","","","","","0.000000","0.000000","","","","","","","","","","",""
"64303600001140","Nodes","1140","21.000000","30.117765","Default Known Flow Node","Known Flow","348465.835976","682493.402922","","0.000000","","","","","","","","","","0.000000","0.000000","","","","","","","","","","",""
"64303600001143","Nodes","1143","21.000000","32.750495","Default Known Flow Node","Known Flow","348496.671985","682746.139991","","0.000000","","","","","","","","","","0.000000","0.000000","","","","","","","","","","",""
"64303600001148","Nodes","1148","21.000000","38.574731","DDS demands","Known Flow","348250.797636","682752.148324","","0.000000","","","","","-3.190000","","","","","-2.852555","-3.190000","","","","","","","D1 PROFILE","","","",""
"64303600001110","Nodes","1110","21.000000","38.866709","Default Known Flow Node","Known Flow","348257.647920","682737.302989","","0.000000","","","","","","","","","","0.000000","0.000000","","","","","","","","","","",""
"64303600001149","Nodes","1149","21.000000","38.574731","Default Known Flow Node","Known Flow","348238.935915","682747.328991","","0.000000","","","","","","","","","","0.000000","0.000000","","","","","","","","","","",""
"64303600001129","Nodes","1129","21.000000","38.476914","Default Known Flow Node","Known Flow","348402.016959","682816.349010","","0.000000","","","","","","","","","","0.000000","0.000000","","","","","","","","","","",""
"64303600001151","Nodes","1151","21.000000","38.290869","Default Known Flow Node","Known Flow","348405.264960","682818.735011","","0.000000","","","","","","","","","","0.000000","0.000000","","","","","","","","","","",""
"64303600001141","Nodes","1141","21.000000","30.117765","Default Known Flow Node","Known Flow","348469.528977","682486.876920","","0.000000","","","","","","","","","","0.000000","0.000000","","","","","","","","","","",""
"64303600001146","Nodes","1146","21.000000","34.440046","DDS demands","Known Flow","348129.587885","682941.540044","","0.000000","","","","","-2.049999","","","","","-1.833146","-2.049999","","","","","","","D1 PROFILE","","","",""
"64303600001156","Nodes","1156","21.000000","35.818277","Default Known Flow Node","Known Flow","348246.053917","683103.294088","","0.000000","","","","","","","","","","0.000000","0.000000","","","","","","","","","","",""
"64303600001158","Nodes","1158","21.000000","30.662796","Default Known Flow Node","Known Flow","348792.926065","683015.838064","","0.000000","","","","","","","","","","0.000000","0.000000","","","","","","","","","","",""
"64303600001159","Nodes","1159","21.000000","36.568472","DDS demands","Known Flow","348276.335925","682858.920022","","0.000000","","","","","-1.059999","","","","","-0.947870","-1.059999","","","","","","","D1 PROFILE","","","",""
"64303600001161","Nodes","1161","21.000000","39.141103","Default Known Flow Node","Known Flow","348385.681182","682839.609348","","0.000000","","","","","","","","","","0.000000","0.000000","","","","","","","","","","",""
"64303600001163","Nodes","1163","21.000000","30.117765","Default Known Flow Node","Known Flow","348463.736976","682501.739924","","0.000000","","","","","","","","","","0.000000","0.000000","","","","","","","","","","",""
"64303600001164","Nodes","1164","21.000000","30.117765","Default Known Flow Node","Known Flow","348460.228975","682499.736924","","0.000000","","","","","","","","","","0.000000","0.000000","","","","","","","","","","",""
"64303600001095","Nodes","1095","21.000000","29.101973","Default Known Flow Node","Known Flow","348686.002036","682817.791010","","0.000000","","","","","","","","","","0.000000","0.000000","","","","","","","","","","",""
"64303600001167","Nodes","1167","21.000000","33.880636","Default Known Flow Node","Known Flow","348364.268949","683110.238090","","0.000000","","","","","","","","","","0.000000","0.000000","","","","","","","","","","",""
"64303600001169","Nodes","1169","21.000000","33.328468","Default Known Flow Node","Known Flow","348403.891960","683023.614066","","0.000000","","","","","","","","","","0.000000","0.000000","","","","","","","","","","",""
"64303600001116","Nodes","1116","21.000000","30.117765","Default Known Flow Node","Known Flow","348444.764971","682472.593917","","0.000000","","","","","","","","","","0.000000","0.000000","","","","","","","","","","",""
"64303600001172","Nodes","1172","21.000000","30.117765","Default Known Flow Node","Known Flow","348447.962972","682474.582917","","0.000000","","","","","","","","","","0.000000","0.000000","","","","","","","","","","",""
"64303600001173","Nodes","1173","21.000000","30.117765","Default Known Flow Node","Known Flow","348455.950974","682449.196910","","0.000000","","","","","","","","","","0.000000","0.000000","","","","","","","","","","",""
"64303600001174","Nodes","1174","21.000000","30.117765","Default Known Flow Node","Known Flow","348440.488512","682482.154377","","0.000000","","","","","","","","","","0.000000","0.000000","","","","","","","","","","",""
"64303600001142","Nodes","1142","21.000000","29.373911","Default Known Flow Node","Known Flow","348493.443984","682631.686960","","0.000000","","","","","","","","","","0.000000","0.000000","","","","","","","","","","",""
"64303600001177","Nodes","1177","21.000000","33.698096","Default Known Flow Node","Known Flow","348582.239008","682915.083037","","0.000000","","","","","","","","","","0.000000","0.000000","","","","","","","","","","",""
"64303600001104","Nodes","1104","21.000000","33.340623","Default Known Flow Node","Known Flow","348611.416016","682930.679041","","0.000000","","","","","","","","","","0.000000","0.000000","","","","","","","","","","",""
"64303600001178","Nodes","1178","21.000000","33.858358","DDS demands","Known Flow","348560.826002","682951.383047","","0.000000","","","","","-2.039999","","","","","-1.824204","-2.039999","","","","","","","D1 PROFILE","","","",""
"64303600001179","Nodes","1179","21.000000","35.320359","Default Known Flow Node","Known Flow","348154.294892","683084.651083","","0.000000","","","","","","","","","","0.000000","0.000000","","","","","","","","","","",""
"64303600001181","Nodes","1181","21.000000","34.806187","Default Known Flow Node","Known Flow","348329.958939","683166.825105","","0.000000","","","","","","","","","","0.000000","0.000000","","","","","","","","","","",""
"64303600001184","Nodes","1184","21.000000","33.352588","DDS demands","Known Flow","348534.077995","683260.163131","","0.000000","","","","","-2.440000","","","","","-2.181891","-2.440000","","","","","","","D1 PROFILE","","","",""
"64303600001186","Nodes","1186","21.000000","35.320359","Default Known Flow Node","Known Flow","348153.609891","683086.880084","","0.000000","","","","","","","","","","0.000000","0.000000","","","","","","","","","","",""
"64303600001187","Nodes","1187","21.000000","35.320359","Default Known Flow Node","Known Flow","348152.889891","683088.731084","","0.000000","","","","","","","","","","0.000000","0.000000","","","","","","","","","","",""
"64303600001191","Nodes","1191","21.000000","35.763011","Default Known Flow Node","Known Flow","348243.535916","683108.411090","","0.000000","","","","","","","","","","0.000000","0.000000","","","","","","","","","","",""
"64303600001192","Nodes","1192","21.000000","31.945197","Default Known Flow Node","Known Flow","348457.339974","683159.482103","","0.000000","","","","","","","","","","0.000000","0.000000","","","","","","","","","","",""
"64303600001196","Nodes","1196","21.000000","35.659100","Default Known Flow Node","Known Flow","348238.777915","683121.495093","","0.000000","","","","","","","","","","0.000000","0.000000","","","","","","","","","","",""
"64303600001198","Nodes","1198","21.000000","32.913790","Default Known Flow Node","Known Flow","348655.575028","683146.680100","","0.000000","","","","","","","","","","0.000000","0.000000","","","","","","","","","","",""
"64303600001183","Nodes","1183","21.000000","33.461854","Default Known Flow Node","Known Flow","348438.277969","683304.160143","","0.000000","","","","","","","","","","0.000000","0.000000","","","","","","","","","","",""
"64303600001189","Nodes","1189","21.000000","35.412627","Default Known Flow Node","Known Flow","348206.474906","683203.617115","","0.000000","","","","","","","","","","0.000000","0.000000","","","","","","","","","","",""
"64303600001204","Nodes","1204","21.000000","30.461160","Default Known Flow Node","Known Flow","348787.129064","683328.221149","","0.000000","","","","","","","","","","0.000000","0.000000","","","","","","","","","","",""
"64303600001211","Nodes","1211","21.000000","29.321580","Default Known Flow Node","Known Flow","348814.270071","682919.818038","","0.000000","","","","","","","","","","0.000000","0.000000","","","","","","","","","","",""
"64303600001249","Nodes","1249","21.000000","29.322833","Default Known Flow Node","Known Flow","348817.504072","682917.074037","","0.000000","","","","","","","","","","0.000000","0.000000","","","","","","","","","","",""
"64303600001218","Nodes","1218","21.000000","26.290907","Default Known Flow Node","Known Flow","348805.215640","682824.159528","","0.000000","","","","","","","","","","0.000000","0.000000","","","","","","","","","","",""
"64303600001262","Nodes","1262","21.000000","26.298226","Default Known Flow Node","Known Flow","348812.280808","682827.014683","","0.000000","","","","","","","","","","0.000000","0.000000","","","","","","","","","","",""
"64303600001219","Nodes","1219","21.000000","26.290907","Default Known Flow Node","Known Flow","348811.194070","682809.235008","","0.000000","","","","","","","","","","0.000000","0.000000","","","","","","","","","","",""
"64303600001220","Nodes","Muirfield Terrace LP ID=6526","21.000000","25.974380","Low Point","Known Flow","348682.883036","682672.907971","","0.000000","","","","","","","","","","0.000000","0.000000","","","","","","","","","","",""
"64303600001226","Nodes","1226","21.000000","25.071935","Default Known Flow Node","Known Flow","349066.991140","682827.818013","","0.000000","","","","","","","","","","0.000000","0.000000","","","","","","","","","","",""
"64303600001122","Nodes","1122","21.000000","26.442153","Default Known Flow Node","Known Flow","348870.724087","682848.836019","","0.000000","","","","","","","","","","0.000000","0.000000","","","","","","","","","","",""
"64303600001233","Nodes","1233","21.000000","29.407302","Default Known Flow Node","Known Flow","348807.241069","682936.308043","","0.000000","","","","","","","","","","0.000000","0.000000","","","","","","","","","","",""
"64303600001234","Nodes","1234","21.000000","29.407302","Default Known Flow Node","Known Flow","348810.696070","682936.967043","","0.000000","","","","","","","","","","0.000000","0.000000","","","","","","","","","","",""
"64303600001236","Nodes","1236","21.000000","29.397437","Default Known Flow Node","Known Flow","348836.333077","682929.590041","","0.000000","","","","","","","","","","0.000000","0.000000","","","","","","","","","","",""
"64303600001225","Nodes","1225","21.000000","25.180094","Default Known Flow Node","Known Flow","348967.866113","682821.192011","","0.000000","","","","","","","","","","0.000000","0.000000","","","","","","","","","","",""
"64303600001241","Nodes","1241","21.000000","26.207069","Default Known Flow Node","Known Flow","348767.187042","682806.544041","","0.000000","","","","","","","","","","0.000000","0.000000","","","","","","","","","","",""
"64303600001242","Nodes","1242","21.000000","26.207069","Default Known Flow Node","Known Flow","348773.750060","682792.879004","","0.000000","","","","","","","","","","0.000000","0.000000","","","","","","","","","","",""
"64303600001244","Nodes","1244","21.000000","26.359852","Default Known Flow Node","Known Flow","348838.457657","682836.788499","","0.000000","","","","","","","","","","0.000000","0.000000","","","","","","","","","","",""
"64303600001256","Nodes","1256","21.000000","26.362124","Default Known Flow Node","Known Flow","348839.737906","682837.266513","","0.000000","","","","","","","","","","0.000000","0.000000","","","","","","","","","","",""
"64303600001245","Nodes","1245","21.000000","29.407302","Default Known Flow Node","Known Flow","348828.796075","682948.818046","","0.000000","","","","","","","","","","0.000000","0.000000","","","","","","","","","","",""
"64303600001246","Nodes","1246","21.000000","29.407302","Default Known Flow Node","Known Flow","348828.322075","682945.906045","","0.000000","","","","","","","","","","0.000000","0.000000","","","","","","","","","","",""
"64303600001265","Nodes","1265","21.000000","29.320491","Default Known Flow Node","Known Flow","348812.010071","682922.736039","","0.000000","","","","","","","","","","0.000000","0.000000","","","","","","","","","","",""
"64303600001252","Nodes","1252","21.000000","29.407302","Default Known Flow Node","Known Flow","348826.566075","682948.913046","","0.000000","","","","","","","","","","0.000000","0.000000","","","","","","","","","","",""
"64303600001253","Nodes","1253","21.000000","29.395951","Default Known Flow Node","Known Flow","348837.546078","682933.869042","","0.000000","","","","","","","","","","0.000000","0.000000","","","","","","","","","","",""
"64303600001254","Nodes","1254","21.000000","29.379437","DDS demands","Known Flow","348836.452077","682933.106042","","0.000000","","","","","-2.509999","","","","","-2.244486","-2.509999","","","","","","","D1 PROFILE","","","",""
"64303600001212","Nodes","1212","21.000000","29.342111","Default Known Flow Node","Known Flow","348828.741075","682902.568034","","0.000000","","","","","","","","","","0.000000","0.000000","","","","","","","","","","",""
"64303600001257","Nodes","1257","21.000000","26.800464","Default Known Flow Node","Known Flow","348884.166090","682865.814024","","0.000000","","","","","","","","","","0.000000","0.000000","","","","","","","","","","",""
"64303600001248","Nodes","1248","21.000000","25.028345","Default Known Flow Node","Known Flow","349057.760138","682809.034008","","0.000000","","","","","","","","","","0.000000","0.000000","","","","","","","","","","",""
"64303600001263","Nodes","1263","21.000000","26.298226","Default Known Flow Node","Known Flow","348809.396070","682833.585015","","0.000000","","","","","","","","","","0.000000","0.000000","","","","","","","","","","",""
"64303600001230","Nodes","1230","21.000000","26.489709","Default Known Flow Node","Known Flow","348887.362091","682859.302022","","0.000000","","","","","","","","","","0.000000","0.000000","","","","","","","","","","",""
"64303600001264","Nodes","1264","21.000000","26.844044","Default Known Flow Node","Known Flow","348948.953108","682907.790035","","0.000000","","","","","","","","","","0.000000","0.000000","","","","","","","","","","",""
"64303600001269","Nodes","1269","21.000000","26.298226","Default Known Flow Node","Known Flow","348802.988068","682847.439019","","0.000000","","","","","","","","","","0.000000","0.000000","","","","","","","","","","",""
"64303600001273","Nodes","1273","21.000000","24.181187","Default Known Flow Node","Known Flow","348947.949108","683500.771196","","0.000000","","","","","","","","","","0.000000","0.000000","","","","","","","","","","",""
"64303600001276","Nodes","1276","21.000000","24.102782","Default Known Flow Node","Known Flow","348945.529107","683504.686197","","0.000000","","","","","","","","","","0.000000","0.000000","","","","","","","","","","",""
"64303600001281","Nodes","1281","21.000000","30.655592","Default Known Flow Node","Known Flow","348860.639084","683195.241113","","0.000000","","","","","","","","","","0.000000","0.000000","","","","","","","","","","",""
"64303600001277","Nodes","1277","21.000000","24.184959","Default Known Flow Node","Known Flow","348950.185108","683497.260195","","0.000000","","","","","","","","","","0.000000","0.000000","","","","","","","","","","",""
"64303600001284","Nodes","1284","21.000000","24.058973","Default Known Flow Node","Known Flow","348930.192103","683534.054205","","0.000000","","","","","","","","","","0.000000","0.000000","","","","","","","","","","",""
"64303600001285","Nodes","1285","21.000000","24.102782","Default Known Flow Node","Known Flow","348940.405106","683515.243200","","0.000000","","","","","","","","","","0.000000","0.000000","","","","","","","","","","",""
"64303600001303","Nodes","1303","21.000000","30.612544","Default Known Flow Node","Known Flow","348822.194073","683264.454132","","0.000000","","","","","","","","","","0.000000","0.000000","","","","","","","","","","",""
"64303600001291","Nodes","1291","21.000000","24.977211","Default Known Flow Node","Known Flow","349119.488154","683182.883110","","0.000000","","","","","","","","","","0.000000","0.000000","","","","","","","","","","",""
"64303600001304","Nodes","1304","21.000000","30.655947","Default Known Flow Node","Known Flow","348738.816051","683186.170111","","0.000000","","","","","","","","","","0.000000","0.000000","","","","","","","","","","",""
"64303600001307","Nodes","1307","21.000000","30.771618","Default Known Flow Node","Known Flow","348756.326056","683122.565093","","0.000000","","","","","","","","","","0.000000","0.000000","","","","","","","","","","",""
"64303600001308","Nodes","1308","21.000000","41.916592","Default Known Flow Node","Known Flow","349940.279378","683738.548261","","0.000000","","","","","","","","","","0.000000","0.000000","","","","","","","","","","",""
"64303600001309","Nodes","1309","21.000000","41.916592","Default Known Flow Node","Known Flow","349932.259375","683756.122266","","0.000000","","","","","","","","","","0.000000","0.000000","","","","","","","","","","",""
"64303600001072","Nodes","1072","21.000000","30.117765","Default Known Flow Node","Known Flow","348449.430972","682485.581920","","0.000000","","","","","","","","","","0.000000","0.000000","","","","","","","","","","",""
"64303600001060","Nodes","1060","21.000000","34.200615","Default Known Flow Node","Known Flow","348063.787867","683022.979066","","0.000000","","","","","","","","","","0.000000","0.000000","","","","","","","","","","",""
"64303600001086","Nodes","1086","21.000000","38.648128","DDS demands","Known Flow","348286.330928","682746.788991","","0.000000","","","","","-2.319999","","","","","-2.074585","-2.319999","","","","","","","D1 PROFILE","","","",""
"64303600001070","Nodes","1070","21.000000","36.563643","DDS demands","Known Flow","348283.864927","682865.876024","","0.000000","","","","","-2.609999","","","","","-2.333908","-2.609999","","","","","","","D1 PROFILE","","","",""
"64303600001153","Nodes","1153","21.000000","30.117765","Default Known Flow Node","Known Flow","348464.086976","682454.117912","","0.000000","","","","","","","","","","0.000000","0.000000","","","","","","","","","","",""
"64303600001092","Nodes","1092","21.000000","30.161045","Default Known Flow Node","Known Flow","348483.618981","682536.890934","","0.000000","","","","","","","","","","0.000000","0.000000","","","","","","","","","","",""
"64303600001206","Nodes","1206","21.000000","35.286541","Default Known Flow Node","Known Flow","348153.043891","683079.887082","","0.000000","","","","","","","","","","0.000000","0.000000","","","","","","","","","","",""
"64303600001207","Nodes","1207","21.000000","35.326741","Default Known Flow Node","Known Flow","348186.630900","683253.727129","","0.000000","","","","","","","","","","0.000000","0.000000","","","","","","","","","","",""
"64303600001250","Nodes","1250","21.000000","29.322833","Default Known Flow Node","Known Flow","348820.159073","682918.518038","","0.000000","","","","","","","","","","0.000000","0.000000","","","","","","","","","","",""
"64303600001296","Nodes","1296","21.000000","24.263391","Default Known Flow Node","Known Flow","348974.649115","683426.045176","","0.000000","","","","","","","","","","0.000000","0.000000","","","","","","","","","","",""
"64303600001287","Nodes","1287","21.000000","30.658955","Default Known Flow Node","Known Flow","348812.534071","683078.182081","","0.000000","","","","","","","","","","0.000000","0.000000","","","","","","","","","","",""
"64303600001295","Nodes","1295","21.000000","29.111616","DDS demands","Known Flow","348975.980115","683300.336142","","0.000000","","","","","-2.269999","","","","","-2.029874","-2.269999","","","","","","","D1 PROFILE","","","",""
"64303600001299","Nodes","1299","21.000000","24.976969","Default Known Flow Node","Known Flow","349122.542155","683178.183109","","0.000000","","","","","","","","","","0.000000","0.000000","","","","","","","","","","",""
"64303600001313","Nodes","1313","21.000000","29.552116","Default Known Flow Node","Known Flow","350042.248405","683722.205257","","0.000000","","","","","","","","","","0.000000","0.000000","","","","","","","","","","",""
"64303600001350","Nodes","1350","21.000000","26.360945","Default Known Flow Node","Known Flow","348838.956229","682835.947040","","0.000000","","","","","","","","","","0.000000","0.000000","","","","","","","","","","",""
"64303600000002","Nodes","Logger 9053, O/S ""Hilltop Cottage"" Hill Road","21.000000","33.801709","Val Log Cath","Known Flow","347521.059510","682822.121582","","0.000000","","","","","","","","","","0.000000","0.000000","","","","","","","","","","",""
"643036-000001","Nodes","","21.000000","32.094248","Default Known Flow Node","Known Flow","348553.492377","683024.868330","","0.000000","","","","","","","","","","0.000000","0.000000","","","","","","","","","","",""
"64303600000006","Nodes","Archerfield Walled Garden , NA:17218","21.000000","27.158342","Point Loads","Known Flow","350037.760196","683813.368060","","0.000000","","","","","","","","-45.999999","","-41.134023","-45.999999","","","","","","","","","","PL-AF PROFILE",""
"64303600001666","Nodes","","0.000000","23.989688","Default Known Flow Node","Known Flow","348694.594228","682672.544845","","0.000000","","","","","","","","","","0.000000","0.000000","","","","","","","","","","",""
"64303600001668","Nodes","","0.000000","25.998855","Default Known Flow Node","Known Flow","348709.212422","682758.384492","","0.000000","","","","","","","","","","0.000000","0.000000","","","","","","","","","","",""
"64303600001669","Nodes","","0.000000","34.342636","Default Known Flow Node","Known Flow","348451.616065","682655.467656","","0.000000","","","","","","","","","","0.000000","0.000000","","","","","","","","","","",""
"64303600000008","Nodes","","0.000000","24.226947","Default Known Flow Node","Known Flow","348944.468108","682729.028192","","0.000000","","","","","","","","","","0.000000","0.000000","","","","","","","","","","",""
"643036-1409","Nodes","1409","21.000000","40.836895","Default Known Flow Node","Known Flow","348038.447741","682643.278224","","0.000000","","","","","","","","","","0.000000","0.000000","","","","","","","","","","",""
"64303600000007","Nodes","","0.000000","26.134498","Default Known Flow Node","Known Flow","348847.583830","682777.087904","","0.000000","","","","","","","","","","0.000000","0.000000","","","","","","","","","","",""
"64303600000009","Nodes","","0.000000","29.500697","Default Known Flow Node","Known Flow","348857.389054","682919.550175","","0.000000","","","","","","","","","","0.000000","0.000000","","","","","","","","","","",""
