"NAME","TYPE","NodeDescription","NodeMinimumPressure","NodePressure","NodeSymbolName","NodeStatus","NodeXCoordinate","NodeYCoordinate","NodeFlowByCategory(Base Thermal)","NodeFlowByCategory(Base Volumetric)","NodeFlowByCategory(C1)","NodeFlowByCategory(C2)","NodeFlowByCategory(C3)","NodeFlowByCategory(C4)","NodeFlowByCategory(D1)","NodeFlowByCategory(DC)","NodeFlowByCategory(DH)","NodeFlowByCategory(I2)","NodeFlowByCategory(PL-AF)","NodeThermalFlow","NodeResultFlow","NodeFlowProfileNameByCategory(Base Thermal)","NodeFlowProfileNameByCategory(Base Volumetric)","NodeFlowProfileNameByCategory(C1)","NodeFlowProfileNameByCategory(C2)","NodeFlowProfileNameByCategory(C3)","NodeFlowProfileNameByCategory(C4)","NodeFlowProfileNameByCategory(D1)","NodeFlowProfileNameByCategory(DC)","NodeFlowProfileNameByCategory(DH)","NodeFlowProfileNameByCategory(I2)","NodeFlowProfileNameByCategory(PL-AF)"
"60205600002021","Nodes","2021","21.000000","24.740636","Default Known Flow Node","Known Flow","306270.875000","683445.000000","","0.000000","","","","","","","","","","0.000000","0.000000","","","","","","","","","","",""
"60205600000061","Nodes","61","21.000000","24.740636","DDS demands","Known Flow","306257.875000","683457.125000","","0.000000","","","","","-4.860000","","","","","-4.345898","-4.860000","","","","","","","D1 PROFILE","","","",""
"60205600002010","Nodes","2010","21.000000","28.869693","Default Known Flow Node","Known Flow","306210.125000","683854.625000","","0.000000","","","","","","","","","","0.000000","0.000000","","","","","","","","","","",""
"60205600001000","Nodes","1000","21.000000","25.443704","DDS demands","Known Flow","306731.621414","683487.320248","","0.000000","","","","","-6.710000","","","","","-6.000202","-6.710000","","","","","","","D1 PROFILE","","","",""
"60205600002011","Nodes","2011","21.000000","28.874234","Default Known Flow Node","Known Flow","306220.625000","683852.875000","","0.000000","","","","","","","","","","0.000000","0.000000","","","","","","","","","","",""
"60205600002053","Nodes","2053","21.000000","25.733157","DDS demands","Known Flow","307339.625000","683431.500000","","0.000000","","","","","-8.859999","","","","","-7.922770","-8.859999","","","","","","","D1 PROFILE","","","",""
"60205600000202","Nodes","202","21.000000","25.575022","DDS demands","Known Flow","307254.375000","683441.187500","","0.000000","","","","-0.550000","-13.029999","","","","","-12.143478","-13.579999","","","","","","C4 PROFILE","D1 PROFILE","","","",""
"60205600000090","Nodes","90","21.000000","25.470081","DDS demands","Known Flow","307153.625000","683462.000000","","0.000000","","","","","-0.829999","","","","","-0.742200","-0.829999","","","","","","","D1 PROFILE","","","",""
"60205600002070","Nodes","2070","21.000000","26.560145","DDS demands","Known Flow","308036.875000","683287.875000","","0.000000","","","","","-7.760000","","","","","-6.939131","-7.760000","","","","","","","D1 PROFILE","","","",""
"60205600000203","Nodes","203","21.000000","26.231273","DDS demands","Known Flow","308048.625000","683260.750000","","0.000000","","","","","-1.510000","","","","","-1.350269","-1.510000","","","","","","","D1 PROFILE","","","",""
"60205600002073","Nodes","2073","21.000000","25.956799","DDS demands","Known Flow","308062.750000","683228.000000","","0.000000","","","","","-5.700000","","","","","-5.097042","-5.700000","","","","","","","D1 PROFILE","","","",""
"60205600002020","Nodes","2020","21.000000","24.829040","DDS demands","Known Flow","306242.125000","683485.125000","","0.000000","","","","","-2.589999","","","","","-2.316024","-2.589999","","","","","","","D1 PROFILE","","","",""
"60205600000060","Nodes","60","21.000000","24.829301","DDS demands","Known Flow","306242.125000","683487.750000","","0.000000","","","","","-11.479999","","","","","-10.265620","-11.479999","","","","","","","D1 PROFILE","","","",""
"60205600002045","Nodes","2045","21.000000","25.461170","DDS demands","Known Flow","306604.750000","683496.125000","","0.000000","","","","","-3.520000","","","","","-3.147647","-3.520000","","","","","","","D1 PROFILE","","","",""
"60205600000108","Nodes","108","21.000000","25.756128","Default Known Flow Node","Known Flow","307051.125000","683497.250000","","0.000000","","","","","","","","","","0.000000","0.000000","","","","","","","","","","",""
"60205600002052","Nodes","2052","21.000000","25.754755","Default Known Flow Node","Known Flow","307048.875000","683489.375000","","0.000000","","","","","","","","","","0.000000","0.000000","","","","","","","","","","",""
"60205600000163","Nodes","163","21.000000","25.042887","DDS demands","Known Flow","307676.125000","683389.000000","","0.000000","-3.229999","","-3.650000","","-19.739999","","","","","-23.804079","-26.619999","","","C1 PROFILE","","C3 PROFILE","","D1 PROFILE","","","",""
"60205600000053","Nodes","53","21.000000","24.527295","DDS demands","Known Flow","307575.375000","683401.125000","","0.000000","","","","","-8.810000","","","","","-7.878060","-8.810000","","","","","","","D1 PROFILE","","","",""
"60205600000103","Nodes","103","21.000000","25.538872","DDS demands","Known Flow","307734.375000","683345.625000","","0.000000","","","","","-1.590000","","","","","-1.421806","-1.590000","","","","","","","D1 PROFILE","","","",""
"60205600000083","Nodes","83","21.000000","25.421993","Default Known Flow Node","Known Flow","307743.716117","683366.334922","","0.000000","","","","","","","","","","0.000000","0.000000","","","","","","","","","","",""
"60205600000166","Nodes","166","21.000000","25.821082","DDS demands","Known Flow","307767.250000","683327.000000","","0.000000","-2.219999","","","","-5.940000","","","","","-7.296817","-8.160000","","","C1 PROFILE","","","","D1 PROFILE","","","",""
"60205600000167","Nodes","167","21.000000","25.612532","DDS demands","Known Flow","307746.375000","683318.000000","","0.000000","","","","","-3.729999","","","","","-3.335432","-3.729999","","","","","","","D1 PROFILE","","","",""
"60205600000040","Nodes","40","21.000000","24.790110","DDS demands","Known Flow","307861.125000","683243.000000","","0.000000","","","","","-7.499999","","","","","-6.706634","-7.499999","","","","","","","D1 PROFILE","","","",""
"60205600000038","Nodes","38","21.000000","24.638398","DDS demands","Known Flow","307870.125000","683222.250000","","0.000000","","","","","-20.049998","","","","","-17.929067","-20.049998","","","","","","","D1 PROFILE","","","",""
"60205600000170","Nodes","170","21.000000","24.886644","DDS demands","Known Flow","307901.250000","683124.375000","","0.000000","","","","","-4.600000","","","","","-4.113402","-4.600000","","","","","","","D1 PROFILE","","","",""
"60205600002058","Nodes","2058","21.000000","25.103306","DDS demands","Known Flow","307816.625000","683205.375000","","0.000000","","","-2.929999","","","","","","","-2.620058","-2.929999","","","","","C3 PROFILE","","","","","",""
"60205600000082","Nodes","82","21.000000","26.077237","DDS demands","Known Flow","307931.062824","683374.663711","","0.000000","","","","","-4.320000","","","","","-3.863021","-4.320000","","","","","","","D1 PROFILE","","","",""
"60205600000028","Nodes","28","21.000000","26.469110","Default Known Flow Node","Known Flow","307868.625000","683387.125000","","0.000000","","","","","","","","","","0.000000","0.000000","","","","","","","","","","",""
"60205600002056","Nodes","2056","21.000000","25.819345","Default Known Flow Node","Known Flow","307766.250000","683326.750000","","0.000000","","","","","","","","","","0.000000","0.000000","","","","","","","","","","",""
"60205600000118","Nodes","118","21.000000","25.800411","DDS demands","Known Flow","307755.875000","683330.875000","","0.000000","","","","","0.000000","","","","","0.000000","0.000000","","","","","","","D1 PROFILE","","","",""
"60205600000107","Nodes","107","21.000000","25.795709","Default Known Flow Node","Known Flow","307744.500000","683330.000000","","0.000000","","","","","","","","","","0.000000","0.000000","","","","","","","","","","",""
"60205600000119","Nodes","119","21.000000","25.654481","DDS demands","Known Flow","307846.515317","683391.825590","","0.000000","-4.079999","","","","-0.639999","","","","","-4.220708","-4.719999","","","C1 PROFILE","","","","D1 PROFILE","","","",""
"60205600002006","Nodes","2006","21.000000","25.411920","Default Known Flow Node","Known Flow","307747.789644","683370.521603","","0.000000","","","","","","","","","","0.000000","0.000000","","","","","","","","","","",""
"60205600000102","Nodes","102","21.000000","25.734049","DDS demands","Known Flow","307719.250000","683330.500000","","0.000000","","","","","-9.330000","","","","","-8.343053","-9.330000","","","","","","","D1 PROFILE","","","",""
"60205600002054","Nodes","2054","21.000000","25.612532","Default Known Flow Node","Known Flow","307745.250000","683319.625000","","0.000000","","","","","","","","","","0.000000","0.000000","","","","","","","","","","",""
"60205600000039","Nodes","39","21.000000","26.544821","DDS demands","Known Flow","307872.875000","683351.125000","","0.000000","","","","","-2.019999","","","","","-1.806320","-2.019999","","","","","","","D1 PROFILE","","","",""
"60205600002055","Nodes","2055","21.000000","25.798516","DDS demands","Known Flow","307751.750000","683332.875000","","0.000000","","","","","-3.859999","","","","","-3.451680","-3.859999","","","","","","","D1 PROFILE","","","",""
"60205600000037","Nodes","37","21.000000","25.104876","DDS demands","Known Flow","307810.750000","683213.000000","","0.000000","","","0.000000","0.000000","-14.550000","","","","","-13.010870","-14.550000","","","","","C3 PROFILE","C4 PROFILE","D1 PROFILE","","","",""
"60205600000041","Nodes","41","21.000000","24.395991","DDS demands","Known Flow","307966.000000","683117.250000","","0.000000","","","","","-16.419999","","","","","-14.683058","-16.419999","","","","","","","D1 PROFILE","","","",""
"60205600000035","Nodes","35","21.000000","25.054550","DDS demands","Known Flow","307919.375000","683267.750000","","0.000000","","","","","-10.800000","","","","","-9.657553","-10.800000","","","","","","","D1 PROFILE","","","",""
"60205600000168","Nodes","168","21.000000","24.778260","DDS demands","Known Flow","307844.875000","683296.625000","","0.000000","","","","","-8.460000","","","","","-7.565083","-8.460000","","","","","","","D1 PROFILE","","","",""
"60205600000036","Nodes","36","21.000000","24.892671","DDS demands","Known Flow","307941.875000","683222.750000","","0.000000","","","","","-7.389999","","","","","-6.608270","-7.389999","","","","","","","D1 PROFILE","","","",""
"60205600000034","Nodes","34","21.000000","26.439504","DDS demands","Known Flow","307899.125000","683316.250000","","0.000000","","","","","-5.480000","","","","","-4.900314","-5.480000","","","","","","","D1 PROFILE","","","",""
"60205600000026","Nodes","26","21.000000","26.765730","DDS demands","Known Flow","307989.375000","683251.000000","","0.000000","","","","","-8.189999","","","","","-7.323644","-8.189999","","","","","","","D1 PROFILE","","","",""
"60205600002001","Nodes","2001","21.000000","26.765730","Default Known Flow Node","Known Flow","307997.625000","683244.500000","","0.000000","","","","","","","","","","0.000000","0.000000","","","","","","","","","","",""
"60205600000029","Nodes","29","21.000000","25.336860","DDS demands","Known Flow","307857.250000","683391.875000","","0.000000","","","","","-7.340000","","","","","-6.563559","-7.340000","","","","","","","D1 PROFILE","","","",""
"60205600000081","Nodes","81","21.000000","23.438901","DDS demands","Known Flow","307746.750000","683433.250000","","0.000000","","","","","-7.840000","","","","","-7.010668","-7.840000","","","","","","","D1 PROFILE","","","",""
"60205600000165","Nodes","165","21.000000","25.785133","Default Known Flow Node","Known Flow","307861.750000","683390.000000","","0.000000","","","","","","","","","","0.000000","0.000000","","","","","","","","","","",""
"60205600000033","Nodes","33","21.000000","26.689731","DDS demands","Known Flow","307884.875000","683354.250000","","0.000000","","","","","-3.800000","","","","","-3.398028","-3.800000","","","","","","","D1 PROFILE","","","",""
"60205600002059","Nodes","2059","21.000000","26.546873","Default Known Flow Node","Known Flow","307873.375000","683351.250000","","0.000000","","","","","","","","","","0.000000","0.000000","","","","","","","","","","",""
"60205600000025","Nodes","25","21.000000","27.327787","DDS demands","Known Flow","307957.750000","683361.625000","","0.000000","","","","","-8.430000","","","","","-7.538257","-8.430000","","","","","","","D1 PROFILE","","","",""
"60205600002057","Nodes","2057","21.000000","25.103306","Default Known Flow Node","Known Flow","307814.125000","683210.750000","","0.000000","","","","","","","","","","0.000000","0.000000","","","","","","","","","","",""
"60205600000024","Nodes","24","21.000000","27.813284","DDS demands","Known Flow","307998.000000","683377.375000","","0.000000","","","","","-16.969999","","","-3.530000","","-18.331467","-20.499999","","","","","","","D1 PROFILE","","","I2 PROFILE",""
"60205600002079","Nodes","2079","21.000000","26.884614","DDS demands","Known Flow","308022.000000","683322.625000","","0.000000","","","","","-4.570000","","","","","-4.086576","-4.570000","","","","","","","D1 PROFILE","","","",""
"60205600000105","Nodes","105","21.000000","28.844836","DDS demands","Known Flow","308316.875000","683380.375000","","0.000000","","","","","-12.629999","","","","","-11.293971","-12.629999","","","","","","","D1 PROFILE","","","",""
"60205600002067","Nodes","2067","21.000000","28.884457","Default Known Flow Node","Known Flow","308336.125000","683393.125000","","0.000000","","","","","","","","","","0.000000","0.000000","","","","","","","","","","",""
"60205600000088","Nodes","88","21.000000","29.580825","DDS demands","Known Flow","308242.125000","683446.125000","","0.000000","","","","","-6.939999","","","","","-6.205872","-6.939999","","","","","","","D1 PROFILE","","","",""
"60205600000094","Nodes","94","21.000000","29.578931","DDS demands","Known Flow","308260.000000","683452.625000","","0.000000","","","","","-7.450000","","","","","-6.661923","-7.450000","","","","","","","D1 PROFILE","","","",""
"60205600000121","Nodes","121","21.000000","25.752168","DDS demands","Known Flow","308141.501102","683202.333399","","0.000000","","","","","-4.770000","","","","","-4.265419","-4.770000","","","","","","","D1 PROFILE","","","",""
"60205600002063","Nodes","2063","21.000000","26.726352","Default Known Flow Node","Known Flow","308227.000000","683290.000000","","0.000000","","","","","","","","","","0.000000","0.000000","","","","","","","","","","",""
"60205600000050","Nodes","50","21.000000","26.433646","DDS demands","Known Flow","308240.500000","683294.000000","","0.000000","","","","","-12.830000","","","","","-11.472815","-12.830000","","","","","","","D1 PROFILE","","","",""
"60205600002064","Nodes","2064","21.000000","26.350420","Default Known Flow Node","Known Flow","308244.875000","683295.500000","","0.000000","","","","","","","","","","0.000000","0.000000","","","","","","","","","","",""
"60205600000049","Nodes","49","21.000000","25.921107","DDS demands","Known Flow","308345.875000","683325.625000","","0.000000","","","","","-12.520000","","","","","-11.195608","-12.520000","","","","","","","D1 PROFILE","","","",""
"60205600000044","Nodes","44","21.000000","25.751282","DDS demands","Known Flow","308142.000000","683194.500000","","0.000000","","","","","-3.160000","","","","","-2.825728","-3.160000","","","","","","","D1 PROFILE","","","",""
"60205600000043","Nodes","43","21.000000","25.653429","DDS demands","Known Flow","308080.798021","683180.770515","","0.000000","","","","","-9.549999","","","","","-8.539781","-9.549999","","","","","","","D1 PROFILE","","","",""
"60205600000045","Nodes","45","21.000000","26.027842","DDS demands","Known Flow","308250.875000","683226.750000","","0.000000","","","","","-3.110000","","","","","-2.781017","-3.110000","","","","","","","D1 PROFILE","","","",""
"60205600000046","Nodes","46","21.000000","25.760196","DDS demands","Known Flow","308273.875000","683164.750000","","0.000000","","","","","-15.279999","","","","","-13.663649","-15.279999","","","","","","","D1 PROFILE","","","",""
"60205600000052","Nodes","52","21.000000","25.971018","DDS demands","Known Flow","308254.000000","683218.625000","","0.000000","","","","","-1.320000","","","","","-1.180367","-1.320000","","","","","","","D1 PROFILE","","","",""
"60205600000047","Nodes","47","21.000000","24.964658","DDS demands","Known Flow","308448.824561","683111.957776","","0.000000","","","","","-12.180000","","","","","-10.891574","-12.180000","","","","","","","D1 PROFILE","","","",""
"60205600000122","Nodes","122","21.000000","25.848626","DDS demands","Known Flow","308221.000000","683206.750000","","0.000000","","","","","-4.239999","","","","","-3.791483","-4.239999","","","","","","","D1 PROFILE","","","",""
"60205600000051","Nodes","51","21.000000","26.130438","DDS demands","Known Flow","308277.537926","683237.701435","","0.000000","","","","","-4.849999","","","","","-4.336956","-4.849999","","","","","","","D1 PROFILE","","","",""
"60205600000048","Nodes","48","21.000000","25.814095","DDS demands","Known Flow","308361.875000","683270.500000","","0.000000","","","","","-13.930000","","","","","-12.456455","-13.930000","","","","","","","D1 PROFILE","","","",""
"60205600002068","Nodes","2068","21.000000","25.921107","Default Known Flow Node","Known Flow","308365.094255","683347.933158","","0.000000","","","","","","","","","","0.000000","0.000000","","","","","","","","","","",""
"60205600002002","Nodes","2002","21.000000","28.841935","DDS demands","Known Flow","308325.000000","683364.750000","","0.000000","","","","","-1.389999","","","","","-1.242962","-1.389999","","","","","","","D1 PROFILE","","","",""
"60205600000087","Nodes","87","21.000000","28.777278","DDS demands","Known Flow","308264.125000","683371.000000","","0.000000","","","","","-12.199999","","","","","-10.909458","-12.199999","","","","","","","D1 PROFILE","","","",""
"60205600000085","Nodes","85","21.000000","28.287643","DDS demands","Known Flow","308176.125000","683343.625000","","0.000000","","","","","-13.699999","","","","","-12.250785","-13.699999","","","","","","","D1 PROFILE","","","",""
"60205600000089","Nodes","89","21.000000","30.059550","DDS demands","Known Flow","308231.000000","683484.375000","","0.000000","","","","","-6.360000","","","","","-5.687226","-6.360000","","","","","","","D1 PROFILE","","","",""
"60205600000086","Nodes","86","21.000000","29.605304","DDS demands","Known Flow","308148.750000","683461.875000","","0.000000","","0.000000","","","-6.719999","","","","","-6.009144","-6.719999","","","","C2 PROFILE","","","D1 PROFILE","","","",""
"60205600002065","Nodes","2065","21.000000","29.578931","Default Known Flow Node","Known Flow","308294.625000","683463.375000","","0.000000","","","","","","","","","","0.000000","0.000000","","","","","","","","","","",""
"60205600002062","Nodes","2062","21.000000","25.848289","Default Known Flow Node","Known Flow","308220.000000","683206.375000","","0.000000","","","","","","","","","","0.000000","0.000000","","","","","","","","","","",""
"60205600000172","Nodes","172","21.000000","25.679775","DDS demands","Known Flow","308246.500000","683132.125000","","0.000000","","","","","-2.170000","","","","","-1.940452","-2.170000","","","","","","","D1 PROFILE","","","",""
"60205600002060","Nodes","2060","21.000000","28.222680","Default Known Flow Node","Known Flow","308177.000000","683340.625000","","0.000000","","","","","","","","","","0.000000","0.000000","","","","","","","","","","",""
"60205600002061","Nodes","2061","21.000000","25.847630","Default Known Flow Node","Known Flow","308218.000000","683205.750000","","0.000000","","","","","","","","","","0.000000","0.000000","","","","","","","","","","",""
"60205600002066","Nodes","2066","21.000000","28.798821","DDS demands","Known Flow","308315.125000","683402.125000","","0.000000","","","","","-1.350000","","","","","-1.207194","-1.350000","","","","","","","D1 PROFILE","","","",""
"60205600002075","Nodes","2075","21.000000","26.076573","Default Known Flow Node","Known Flow","308273.683416","683238.005124","","0.000000","","","","","","","","","","0.000000","0.000000","","","","","","","","","","",""
"60205600002071","Nodes","2071","21.000000","27.058516","Default Known Flow Node","Known Flow","308048.125000","683332.750000","","0.000000","","","","","","","","","","0.000000","0.000000","","","","","","","","","","",""
"60205600002072","Nodes","2072","21.000000","26.560145","Default Known Flow Node","Known Flow","308060.750000","683298.500000","","0.000000","","","","","","","","","","0.000000","0.000000","","","","","","","","","","",""
"60205600002074","Nodes","2074","21.000000","26.043877","Default Known Flow Node","Known Flow","308091.500000","683240.500000","","0.000000","","","","","","","","","","0.000000","0.000000","","","","","","","","","","",""
"60205600000127","Nodes","127","21.000000","23.939341","DDS demands","Known Flow","308507.692753","683071.263579","","0.000000","","","","","-15.580000","","","","","-13.931915","-15.580000","","","","","","","D1 PROFILE","","","",""
"60205600002076","Nodes","2076","21.000000","23.920127","DDS demands","Known Flow","308508.649256","683069.350573","","0.000000","","","","","-2.799999","","","","","-2.503810","-2.799999","","","","","","","D1 PROFILE","","","",""
"60205600000128","Nodes","128","21.000000","22.734646","DDS demands","Known Flow","308371.250000","683057.375000","","0.000000","","","","","-10.090000","","","","","-9.022658","-10.090000","","","","","","","D1 PROFILE","","","",""
"60205600000129","Nodes","129","21.000000","21.619887","DDS demands","Known Flow","308264.750000","683057.625000","","0.000000","","","","","-10.920000","","","","","-9.764859","-10.920000","","","","","","","D1 PROFILE","","","",""
"60205600000062","Nodes","62","21.000000","24.817597","DDS demands","Known Flow","306164.125000","683578.750000","","0.000000","","","","","-7.280000","","","","","-6.509906","-7.280000","","","","","","","D1 PROFILE","","","",""
"60205600000058","Nodes","58","21.000000","25.141946","DDS demands","Known Flow","306285.625000","683526.500000","","0.000000","","","","","-8.890000","","","","","-7.949597","-8.890000","","","","","","","D1 PROFILE","","","",""
"60205600000059","Nodes","59","21.000000","24.738101","DDS demands","Known Flow","306227.625000","683553.000000","","0.000000","","","","","-7.960000","","","","","-7.117974","-7.960000","","","","","","","D1 PROFILE","","","",""
"60205600002022","Nodes","2022","21.000000","25.482402","Default Known Flow Node","Known Flow","306314.375000","683589.500000","","0.000000","","","","","","","","","","0.000000","0.000000","","","","","","","","","","",""
"60205600002023","Nodes","2023","21.000000","25.221097","Default Known Flow Node","Known Flow","306321.625000","683540.750000","","0.000000","","","","","","","","","","0.000000","0.000000","","","","","","","","","","",""
"60205600002026","Nodes","2026","21.000000","29.133369","Default Known Flow Node","Known Flow","306339.250000","683823.375000","","0.000000","","","","","","","","","","0.000000","0.000000","","","","","","","","","","",""
"60205600002025","Nodes","2025","21.000000","29.133369","Default Known Flow Node","Known Flow","306338.375000","683820.875000","","0.000000","","","","","","","","","","0.000000","0.000000","","","","","","","","","","",""
"60205600000077","Nodes","77","21.000000","28.816595","DDS demands","Known Flow","306408.000000","683710.500000","","0.000000","","","","","-10.640000","","","","","-9.514479","-10.640000","","","","","","","D1 PROFILE","","","",""
"60205600002027","Nodes","2027","21.000000","28.816595","Default Known Flow Node","Known Flow","306351.875000","683734.250000","","0.000000","","","","","","","","","","0.000000","0.000000","","","","","","","","","","",""
"60205600000079","Nodes","79","21.000000","25.460660","DDS demands","Known Flow","306333.625000","683684.625000","","0.000000","","","","","-6.190000","","","","","-5.535208","-6.190000","","","","","","","D1 PROFILE","","","",""
"60205600002024","Nodes","2024","21.000000","25.460660","Default Known Flow Node","Known Flow","306335.875000","683684.500000","","0.000000","","","","","","","","","","0.000000","0.000000","","","","","","","","","","",""
"60205600000096","Nodes","96","21.000000","27.631301","DDS demands","Known Flow","306335.625000","683770.250000","","0.000000","","","","","-2.920000","","","","","-2.611116","-2.920000","","","","","","","D1 PROFILE","","","",""
"60205600000098","Nodes","98","21.000000","27.630662","DDS demands","Known Flow","306332.250000","683753.375000","","0.000000","","","","","-0.730000","","","","","-0.652779","-0.730000","","","","","","","D1 PROFILE","","","",""
"60205600000095","Nodes","P00100179, Waukmill Farm, 6.066","22.999998","49.849632","CSEP DDS Matched","Known Flow","305924.716683","684637.967209","","0.000000","","","","","","-6.070000","","","","-5.427902","-6.070000","","","","","","","","DC PROFILE","","",""
"60205600000097","Nodes","97","21.000000","27.688014","DDS demands","Known Flow","306340.500000","683791.500000","","0.000000","","","","","-2.349999","","","","","-2.101411","-2.349999","","","","","","","D1 PROFILE","","","",""
"60205600000160","Nodes","160","21.000000","29.176955","DDS demands","Known Flow","306348.250000","683824.625000","","0.000000","","","","","-2.559999","","","","","-2.289197","-2.559999","","","","","","","D1 PROFILE","","","",""
"60205600000078","Nodes","78","21.000000","29.245986","Default Known Flow Node","Known Flow","306336.375000","683827.875000","","0.000000","","","","","","","","","","0.000000","0.000000","","","","","","","","","","",""
"60205600000080","Nodes","80","21.000000","28.875925","DDS demands","Known Flow","306220.375000","683850.500000","","0.000000","","","","","-2.490000","","","","","-2.226602","-2.490000","","","","","","","D1 PROFILE","","","",""
"60205600000057","Nodes","57","21.000000","25.282556","DDS demands","Known Flow","306540.619352","683514.962418","","0.000000","","","","","-11.989999","","","","","-10.721671","-11.989999","","","","","","","D1 PROFILE","","","",""
"60205600001076","Nodes","1076","21.000000","29.637472","Default Known Flow Node","Known Flow","306440.250000","683808.000000","","0.000000","","","","","","","","","","0.000000","0.000000","","","","","","","","","","",""
"60205600002028","Nodes","2028","21.000000","30.465175","Default Known Flow Node","Known Flow","306509.750000","683795.000000","","0.000000","","","","","","","","","","0.000000","0.000000","","","","","","","","","","",""
"60205600002043","Nodes","2043","21.000000","31.368952","Default Known Flow Node","Known Flow","306572.000000","683830.500000","","0.000000","","","","","","","","","","0.000000","0.000000","","","","","","","","","","",""
"60205600002034","Nodes","2034","21.000000","31.368952","Default Known Flow Node","Known Flow","306542.375000","683844.125000","","0.000000","","","","","","","","","","0.000000","0.000000","","","","","","","","","","",""
"60205600002048","Nodes","2048","21.000000","26.100758","Default Known Flow Node","Known Flow","306882.125000","683678.000000","","0.000000","","","","","","","","","","0.000000","0.000000","","","","","","","","","","",""
"60205600000093","Nodes","93","21.000000","26.100758","Default Known Flow Node","Known Flow","306883.125000","683679.625000","","0.000000","","","","","","","","","","0.000000","0.000000","","","","","","","","","","",""
"60205600002050","Nodes","2050","21.000000","26.131305","Default Known Flow Node","Known Flow","306966.500000","683528.750000","","0.000000","","","","","","","","","","0.000000","0.000000","","","","","","","","","","",""
"60205600000054","Nodes","54","21.000000","26.131305","Default Known Flow Node","Known Flow","306970.750000","683526.875000","","0.000000","","","","","","","","","","0.000000","0.000000","","","","","","","","","","",""
"60205600000100","Nodes","100","21.000000","26.484455","DDS demands","Known Flow","306551.250000","683621.500000","","0.000000","","","","","-1.200000","","","","","-1.073061","-1.200000","","","","","","","D1 PROFILE","","","",""
"60205600002035","Nodes","2035","21.000000","26.482671","Default Known Flow Node","Known Flow","306544.000000","683622.500000","","0.000000","","","","","","","","","","0.000000","0.000000","","","","","","","","","","",""
"60205600000116","Nodes","116","21.000000","26.615039","DDS demands","Known Flow","306559.192394","683630.327732","","0.000000","","","","","-1.209999","","","","","-1.082003","-1.209999","","","","","","","D1 PROFILE","","","",""
"60205600002040","Nodes","2040","21.000000","26.525801","Default Known Flow Node","Known Flow","306565.875000","683619.875000","","0.000000","","","","","","","","","","0.000000","0.000000","","","","","","","","","","",""
"60205600000068","Nodes","68","21.000000","26.727689","DDS demands","Known Flow","306556.000000","683650.000000","","0.000000","","","-8.920000","","-0.280000","","","","","-8.226804","-9.200000","","","","","C3 PROFILE","","D1 PROFILE","","","",""
"60205600002039","Nodes","2039","21.000000","26.880166","Default Known Flow Node","Known Flow","306556.875000","683665.875000","","0.000000","","","","","","","","","","0.000000","0.000000","","","","","","","","","","",""
"60205600002038","Nodes","2038","21.000000","26.658463","Default Known Flow Node","Known Flow","306554.500000","683638.250000","","0.000000","","","","","","","","","","0.000000","0.000000","","","","","","","","","","",""
"60205600000069","Nodes","69","21.000000","27.412638","DDS demands","Known Flow","306559.750000","683712.250000","","0.000000","","","","","-9.249999","","","","","-8.271515","-9.249999","","","","","","","D1 PROFILE","","","",""
"60205600002041","Nodes","2041","21.000000","31.892530","Default Known Flow Node","Known Flow","306569.725535","683759.561226","","0.000000","","","","","","","","","","0.000000","0.000000","","","","","","","","","","",""
"60205600000161","Nodes","161","21.000000","26.213150","DDS demands","Known Flow","306703.875000","683663.750000","","0.000000","","","","","-3.930000","","","","","-3.514276","-3.930000","","","","","","","D1 PROFILE","","","",""
"60205600000065","Nodes","65","21.000000","31.346176","DDS demands","Known Flow","306572.125000","683783.125000","","0.000000","","","","","-15.259999","","","","","-13.645765","-15.259999","","","","","","","D1 PROFILE","","","",""
"60205600002044","Nodes","2044","21.000000","31.384771","Default Known Flow Node","Known Flow","306575.750000","683816.250000","","0.000000","","","","","","","","","","0.000000","0.000000","","","","","","","","","","",""
"60205600000115","Nodes","115","21.000000","26.092038","DDS demands","Known Flow","306711.500000","683664.500000","","0.000000","","","","","-10.490000","","","","","-9.380345","-10.490000","","","","","","","D1 PROFILE","","","",""
"60205600000074","Nodes","74","21.000000","26.142284","DDS demands","Known Flow","306716.875000","683711.500000","","0.000000","","","","","-6.309999","","","","","-5.642515","-6.309999","","","","","","","D1 PROFILE","","","",""
"60205600000071","Nodes","71","21.000000","25.978794","DDS demands","Known Flow","306812.750000","683654.750000","","0.000000","","","","","-4.839999","","","","","-4.328014","-4.839999","","","","","","","D1 PROFILE","","","",""
"60205600000073","Nodes","73","21.000000","26.142113","DDS demands","Known Flow","306818.625000","683704.500000","","0.000000","","","","","-2.480000","","","","","-2.217660","-2.480000","","","","","","","D1 PROFILE","","","",""
"60205600000067","Nodes","67","21.000000","25.790389","DDS demands","Known Flow","306707.875000","683618.250000","","0.000000","","","","","-16.309999","","","","","-14.584693","-16.309999","","","","","","","D1 PROFILE","","","",""
"60205600002046","Nodes","2046","21.000000","26.091226","Default Known Flow Node","Known Flow","306711.125000","683661.500000","","0.000000","","","","","","","","","","0.000000","0.000000","","","","","","","","","","",""
"60205600000072","Nodes","72","21.000000","25.846980","DDS demands","Known Flow","306877.750000","683639.500000","","0.000000","","","","","-6.589999","","","","","-5.892895","-6.589999","","","","","","","D1 PROFILE","","","",""
"60205600002049","Nodes","2049","21.000000","25.838774","Default Known Flow Node","Known Flow","306890.750000","683651.625000","","0.000000","","","","","","","","","","0.000000","0.000000","","","","","","","","","","",""
"60205600000101","Nodes","101","21.000000","25.838774","DDS demands","Known Flow","306878.625000","683652.625000","","0.000000","","","","","-2.990000","","","","","-2.673711","-2.990000","","","","","","","D1 PROFILE","","","",""
"60205600000117","Nodes","117","21.000000","25.565909","DDS demands","Known Flow","306968.375000","683520.000000","","0.000000","","","","","-14.109999","","","","","-12.617414","-14.109999","","","","","","","D1 PROFILE","","","",""
"60205600002051","Nodes","2051","21.000000","26.131305","Default Known Flow Node","Known Flow","306974.500000","683525.250000","","0.000000","","","","","","","","","","0.000000","0.000000","","","","","","","","","","",""
"60205600002030","Nodes","2030","21.000000","30.738024","DDS demands","Known Flow","306529.000000","683791.250000","","0.000000","","","","","-4.369999","","","","","-3.907732","-4.369999","","","","","","","D1 PROFILE","","","",""
"60205600002031","Nodes","2031","21.000000","30.738024","Default Known Flow Node","Known Flow","306530.793840","683807.285207","","0.000000","","","","","","","","","","0.000000","0.000000","","","","","","","","","","",""
"60205600002037","Nodes","2037","21.000000","31.368952","Default Known Flow Node","Known Flow","306552.750000","683863.750000","","0.000000","","","","","","","","","","0.000000","0.000000","","","","","","","","","","",""
"60205600002029","Nodes","2029","21.000000","31.368952","Default Known Flow Node","Known Flow","306526.625000","683827.500000","","0.000000","","","","","","","","","","0.000000","0.000000","","","","","","","","","","",""
"60205600000064","Nodes","64","21.000000","26.415167","DDS demands","Known Flow","306446.500000","683613.750000","","0.000000","","","","","-1.869999","","","","","-1.672187","-1.869999","","","","","","","D1 PROFILE","","","",""
"60205600002036","Nodes","2036","21.000000","26.658463","Default Known Flow Node","Known Flow","306550.875000","683643.125000","","0.000000","","","","","","","","","","0.000000","0.000000","","","","","","","","","","",""
"60205600002033","Nodes","2033","21.000000","26.880166","Default Known Flow Node","Known Flow","306532.750000","683668.500000","","0.000000","","","","","","","","","","0.000000","0.000000","","","","","","","","","","",""
"60205600000099","Nodes","99","21.000000","26.333507","DDS demands","Known Flow","306611.901215","683587.756074","","0.000000","","-6.000000","","","","","","","","-5.365307","-6.000000","","","","C2 PROFILE","","","","","","",""
"60205600002003","Nodes","2003","21.000000","30.667148","DDS demands","Known Flow","306571.250000","683859.500000","","0.000000","","","","","-3.479999","","","","","-3.111878","-3.479999","","","","","","","D1 PROFILE","","","",""
"60205600002004","Nodes","2004","21.000000","31.384771","Default Known Flow Node","Known Flow","306576.000000","683818.625000","","0.000000","","","","","","","","","","0.000000","0.000000","","","","","","","","","","",""
"60205600002047","Nodes","2047","21.000000","26.098664","Default Known Flow Node","Known Flow","306711.250000","683663.000000","","0.000000","","","","","","","","","","0.000000","0.000000","","","","","","","","","","",""
"60205600000174","Nodes","174","21.000000","34.064682","DDS demands","Known Flow","308474.250000","683933.750000","","0.000000","","","","","0.000000","","","","","0.000000","0.000000","","","","","","","D1 PROFILE","","","",""
"60205600002078","Nodes","2078","21.000000","34.064682","DDS demands","Known Flow","308472.875000","683937.750000","","0.000000","","","","","-1.230000","","","","","-1.099888","-1.230000","","","","","","","D1 PROFILE","","","",""
"60205600002015","Nodes","2015","21.000000","34.064920","Default Known Flow Node","Known Flow","308461.000000","683933.000000","","0.000000","","","","","","","","","","0.000000","0.000000","","","","","","","","","","",""
"60205600002077","Nodes","2077","21.000000","34.064920","Default Known Flow Node","Known Flow","308460.125000","683935.750000","","0.000000","","","","","","","","","","0.000000","0.000000","","","","","","","","","","",""
"60205600000021","Nodes","21","21.000000","33.595713","Default Known Flow Node","Known Flow","308499.969420","683665.107588","","0.000000","","","","","","","","","","0.000000","0.000000","","","","","","","","","","",""
"60205600000175","Nodes","175","21.000000","33.594986","Default Known Flow Node","Known Flow","308505.500000","683685.250000","","0.000000","","","","","","","","","","0.000000","0.000000","","","","","","","","","","",""
"60205600000001","Nodes","LIMEKILNS DG, tel, clocked, Site ID 2007","21.000000","33.999999","Default Known Pressure Node","Known Pressure","308538.901512","683649.870270","","999998.967025","","","","","","","","","","536.374848","599.825728","","","","","","","","","","",""
"60205600002008","Nodes","2008","21.000000","33.594945","Default Known Flow Node","Known Flow","308503.625000","683686.375000","","0.000000","","","","","","","","","","0.000000","0.000000","","","","","","","","","","",""
"60205600002009","Nodes","2009","21.000000","33.594986","Default Known Flow Node","Known Flow","308507.625000","683688.250000","","0.000000","","","","","","","","","","0.000000","0.000000","","","","","","","","","","",""
"60205600002007","Nodes","2007","21.000000","33.594945","Default Known Flow Node","Known Flow","308501.750000","683683.750000","","0.000000","","","","","","","","","","0.000000","0.000000","","","","","","","","","","",""
"60205600000126","Nodes","126","21.000000","34.312700","DDS demands","Known Flow","308759.875000","684910.125000","","0.000000","","","","","-2.359999","","","","","-2.110354","-2.359999","","","","","","","D1 PROFILE","","","",""
"60205600000164","Nodes","164","21.000000","25.405965","DDS demands","Known Flow","307747.856197","683373.974680","","0.000000","","","","","-5.179999","","","","","-4.632048","-5.179999","","","","","","","D1 PROFILE","","","",""
"60205600002069","Nodes","2069","21.000000","24.624770","Default Known Flow Node","Known Flow","307975.375000","683121.625000","","0.000000","","","","","","","","","","0.000000","0.000000","","","","","","","","","","",""
"60205600002017","Nodes","2017","21.000000","24.366036","Default Known Flow Node","Known Flow","307969.625000","683114.750000","","0.000000","","","","","","","","","","0.000000","0.000000","","","","","","","","","","",""
"60205600002013","Nodes","2013","21.000000","27.200698","Default Known Flow Node","Known Flow","307938.000000","683363.125000","","0.000000","","","","","","","","","","0.000000","0.000000","","","","","","","","","","",""
"60205600000120","Nodes","120","21.000000","27.669033","Default Known Flow Node","Known Flow","307990.750000","683374.000000","","0.000000","","","","","","","","","","0.000000","0.000000","","","","","","","","","","",""
"60205600002018","Nodes","2018","21.000000","24.366036","Default Known Flow Node","Known Flow","307969.875000","683115.375000","","0.000000","","","","","","","","","","0.000000","0.000000","","","","","","","","","","",""
"60205600000022","Nodes","22","21.000000","29.383290","DDS demands","Known Flow","308085.875000","683444.125000","","0.000000","","0.000000","","","-7.089999","","","","","-6.340004","-7.089999","","","","C2 PROFILE","","","D1 PROFILE","","","",""
"60205600000042","Nodes","42","21.000000","23.909625","DDS demands","Known Flow","308021.000000","683072.000000","","0.000000","-1.710000","","","","-9.949999","","","","","-10.426580","-11.660000","","","C1 PROFILE","","","","D1 PROFILE","","","",""
"60205600002080","Nodes","2080","21.000000","30.082946","Default Known Flow Node","Known Flow","308234.500000","683485.375000","","0.000000","","","","","","","","","","0.000000","0.000000","","","","","","","","","","",""
"60205600002014","Nodes","2014","21.000000","30.069485","Default Known Flow Node","Known Flow","308232.500000","683484.750000","","0.000000","","","","","","","","","","0.000000","0.000000","","","","","","","","","","",""
"60205600002016","Nodes","2016","21.000000","25.699189","Default Known Flow Node","Known Flow","308213.375000","683163.500000","","0.000000","","","","","","","","","","0.000000","0.000000","","","","","","","","","","",""
"60205600000171","Nodes","171","21.000000","25.572975","DDS demands","Known Flow","308207.750000","683133.750000","","0.000000","","","","","-2.480000","","","","","-2.217660","-2.480000","","","","","","","D1 PROFILE","","","",""
"60205600002019","Nodes","2019","21.000000","28.869693","Default Known Flow Node","Known Flow","306214.312500","683854.000000","","0.000000","","","","","","","","","","0.000000","0.000000","","","","","","","","","","",""
"60205600002012","Nodes","2012","21.000000","28.874234","Default Known Flow Node","Known Flow","306224.500000","683852.250000","","0.000000","","","","","","","","","","0.000000","0.000000","","","","","","","","","","",""
"60205600002005","Nodes","2005","21.000000","27.153507","Default Known Flow Node","Known Flow","306322.250000","683752.625000","","0.000000","","","","","","","","","","0.000000","0.000000","","","","","","","","","","",""
"60205600000200","Nodes","MAIN ROAD-CHARLESTON DG, tel, clocked, Site ID 2046","21.000000","32.000001","Default Known Pressure Node","Known Pressure","306553.005410","683765.617334","","290.290015","","","","","","","","","","179.061980","200.244263","","","","","","","","","","",""
"60205600000173","Nodes","173","21.000000","28.190553","DDS demands","Known Flow","307663.125000","683674.125000","","0.000000","","","","","-5.559999","","","","","-4.971851","-5.559999","","","","","","","D1 PROFILE","","","",""
"60205600001002","Nodes","1002","21.000000","28.977407","Default Known Flow Node","Known Flow","306427.023419","683723.817242","","0.000000","","","","","","","","","","0.000000","0.000000","","","","","","","","","","",""
"60205600000076","Nodes","76","21.000000","29.467746","DDS demands","Known Flow","306422.750000","683810.937500","","0.000000","","","","","-11.669999","","","","","-10.435522","-11.669999","","","","","","","D1 PROFILE","","","",""
"60205600002081","Nodes","2081","21.000000","27.631755","Default Known Flow Node","Known Flow","306322.500000","683772.625000","","0.000000","","","","","","","","","","0.000000","0.000000","","","","","","","","","","",""
"60205600000027","Nodes","WAULKMILL FARM RRI","21.000000","49.999998","Default Known Pressure Node","Known Pressure","305900.395480","684701.954802","","9998.999917","","","","","","","","","","5.427902","6.070000","","","","","","","","","","",""
"60205600000031","Nodes","31","21.000000","28.292909","DDS demands","Known Flow","306100.000000","683690.500000","","0.000000","","","","","-3.190000","","","","","-2.852555","-3.190000","","","","","","","D1 PROFILE","","","",""
"60205600000032","Nodes","32","21.000000","25.847603","Default Known Flow Node","Known Flow","308218.098736","683204.240736","","0.000000","","","","","","","","","","0.000000","0.000000","","","","","","","","","","",""
"60205600000056","Nodes","56","21.000000","24.916348","DDS demands","Known Flow","308462.683183","683109.007778","","0.000000","","","","","-2.529999","","","","","-2.262371","-2.529999","","","","","","","D1 PROFILE","","","",""
"60205600000055","Nodes","55","21.000000","26.092745","Default Known Flow Node","Known Flow","308268.473986","683246.671932","","0.000000","","","","","","","","","","0.000000","0.000000","","","","","","","","","","",""
"60205600000070","Nodes","70","21.000000","26.088343","Default Known Flow Node","Known Flow","308271.043660","683242.560454","","0.000000","","","","","","","","","","0.000000","0.000000","","","","","","","","","","",""
"60205600000019","Nodes","19","21.000000","26.136549","Default Known Flow Node","Known Flow","307918.746850","683375.982742","","0.000000","","","","","","","","","","0.000000","0.000000","","","","","","","","","","",""
"60205600000020","Nodes","20","21.000000","25.278198","Default Known Flow Node","Known Flow","307803.966430","683426.547776","","0.000000","","","","","","","","","","0.000000","0.000000","","","","","","","","","","",""
"60205600000018","Nodes","18","21.000000","26.527386","Default Known Flow Node","Known Flow","307865.351512","683385.777537","","0.000000","","","","","","","","","","0.000000","0.000000","","","","","","","","","","",""
"60205600000091","Nodes","91","21.000000","25.786446","Default Known Flow Node","Known Flow","308272.522666","683168.408235","","0.000000","","","","","","","","","","0.000000","0.000000","","","","","","","","","","",""
"60205600000063","Nodes","63","21.000000","25.848612","Default Known Flow Node","Known Flow","308221.133029","683205.430786","","0.000000","","","","","","","","","","0.000000","0.000000","","","","","","","","","","",""
"60205600000104","Nodes","104","21.000000","21.861519","DDS demands","Known Flow","308388.172462","683007.251574","","0.000000","","","","","-13.899999","","","","","-12.429627","-13.899999","","","","","","","D1 PROFILE","","","",""
"60205600000009","Nodes","9","21.000000","26.370954","Default Known Flow Node","Known Flow","306598.039933","683590.692273","","0.000000","","","","","","","","","","0.000000","0.000000","","","","","","","","","","",""
"60205600000007","Nodes","7","21.000000","31.514939","Default Known Flow Node","Known Flow","306571.207326","683774.662006","","0.000000","","","","","","","","","","0.000000","0.000000","","","","","","","","","","",""
"60205600000124","Nodes","124","21.000000","33.929018","Default Known Flow Node","Known Flow","308532.110003","683647.409773","","0.000000","","","","","","","","","","0.000000","0.000000","","","","","","","","","","",""
"60205600000131","Nodes","131","21.000000","34.185103","Default Known Flow Node","Known Flow","308701.004482","684719.979223","","0.000000","","","","","","","","","","0.000000","0.000000","","","","","","","","","","",""
"60205600000123","Nodes","123","21.000000","29.286911","Default Known Flow Node","Known Flow","308079.276204","683440.347063","","0.000000","","","","","","","","","","0.000000","0.000000","","","","","","","","","","",""
"60205600000023","Nodes","23","21.000000","25.220177","DDS demands","Known Flow","308032.051228","683166.085100","","0.000000","","","","","-1.890000","","","","","-1.690071","-1.890000","","","","","","","D1 PROFILE","","","",""
"60205600000006","Nodes","6","21.000000","49.964537","Default Known Flow Node","Known Flow","305906.452870","684686.986646","","0.000000","","","","","","","","","","0.000000","0.000000","","","","","","","","","","",""
"60205600000111","Nodes","111","21.000000","26.092745","Default Known Flow Node","Known Flow","308270.030771","683244.181076","","0.000000","","","","","","","","","","0.000000","0.000000","","","","","","","","","","",""
"60205600000110","Nodes","110","21.000000","26.077442","Default Known Flow Node","Known Flow","308273.415940","683238.466697","","0.000000","","","","","","","","","","0.000000","0.000000","","","","","","","","","","",""
"60205600000005","Nodes","5","21.000000","49.849632","Default Known Flow Node","Known Flow","305902.325945","684576.977835","","0.000000","","","","","","","","","","0.000000","0.000000","","","","","","","","","","",""
"60205600000008","Nodes","8","21.000000","31.644623","Default Known Flow Node","Known Flow","306634.575066","683810.047067","","0.000000","","","","","","","","","","0.000000","0.000000","","","","","","","","","","",""
"60205600000010","Nodes","10","21.000000","26.392445","DDS demands","Known Flow","306630.636086","683583.208758","","0.000000","","","","","-2.980000","","","","","-2.664769","-2.980000","","","","","","","D1 PROFILE","","","",""
"60205600000011","Nodes","31","21.000000","25.654300","DDS demands","Known Flow","308083.657001","683180.484617","","0.000000","","","","","-2.549999","","","","","-2.280255","-2.549999","","","","","","","D1 PROFILE","","","",""
"60205600000012","Nodes","12","21.000000","25.795709","Default Known Flow Node","Known Flow","307743.002636","683329.473250","","0.000000","","","","","","","","","","0.000000","0.000000","","","","","","","","","","",""
"60205600000013","Nodes","13","21.000000","25.795709","Default Known Flow Node","Known Flow","307742.382482","683330.341466","","0.000000","","","","","","","","","","0.000000","0.000000","","","","","","","","","","",""
"60205600000014","Nodes","14","21.000000","25.708861","Default Known Flow Node","Known Flow","307752.180911","683315.519792","","0.000000","","","","","","","","","","0.000000","0.000000","","","","","","","","","","",""
"60205600000015","Nodes","15","21.000000","25.579844","Default Known Flow Node","Known Flow","307744.791075","683384.269757","","0.000000","","","","","","","","","","0.000000","0.000000","","","","","","","","","","",""
"60205600000017","Nodes","17","21.000000","26.527386","Default Known Flow Node","Known Flow","307863.118562","683388.395478","","0.000000","","","","","","","","","","0.000000","0.000000","","","","","","","","","","",""
"60205600000030","Nodes","30","21.000000","24.749605","DDS demands","Known Flow","308004.934475","683203.023181","","0.000000","","","","","-3.980000","","","","","-3.558987","-3.980000","","","","","","","D1 PROFILE","","","",""
"60205600000066","Nodes","66","21.000000","25.926575","Default Known Flow Node","Known Flow","308227.862244","683178.525245","","0.000000","","","","","","","","","","0.000000","0.000000","","","","","","","","","","",""
"60205600000084","Nodes","84","21.000000","25.827152","Default Known Flow Node","Known Flow","308270.425437","683174.081509","","0.000000","","","","","","","","","","0.000000","0.000000","","","","","","","","","","",""
"60205600000092","Nodes","92","21.000000","25.786446","Default Known Flow Node","Known Flow","308270.444697","683167.479225","","0.000000","","","","","","","","","","0.000000","0.000000","","","","","","","","","","",""
"60205600000106","Nodes","106","21.000000","21.420685","DDS demands","Known Flow","308429.875449","682934.085884","","0.000000","","","","","-8.979999","","","","","-8.030076","-8.979999","","","","","","","D1 PROFILE","","","",""
"60205600000109","Nodes","109","21.000000","26.066842","Default Known Flow Node","Known Flow","308274.946992","683239.221191","","0.000000","","","","","","","","","","0.000000","0.000000","","","","","","","","","","",""
"60205600000112","Nodes","112","21.000000","26.098204","Default Known Flow Node","Known Flow","308271.939533","683245.585635","","0.000000","","","","","","","","","","0.000000","0.000000","","","","","","","","","","",""
"60205600000113","Nodes","113","21.000000","26.098204","Default Known Flow Node","Known Flow","308272.491487","683244.665711","","0.000000","","","","","","","","","","0.000000","0.000000","","","","","","","","","","",""
"60205600000114","Nodes","114","21.000000","28.824709","DDS demands","Known Flow","308070.368997","683458.327040","","0.000000","","-21.500000","","","","","","","","-19.225685","-21.500000","","","","C2 PROFILE","","","","","","",""
"60205600000130","Nodes","130","21.000000","33.929018","Default Known Flow Node","Known Flow","308533.740575","683646.735323","","0.000000","","","","","","","","","","0.000000","0.000000","","","","","","","","","","",""
"60205600000132","Nodes","132","21.000000","34.314915","Default Known Flow Node","Known Flow","308733.480032","684718.970996","","0.000000","","","","","","","","","","0.000000","0.000000","","","","","","","","","","",""
"60205600000176","Nodes","176","21.000000","29.635430","Default Known Flow Node","Known Flow","306439.631369","683805.265497","","0.000000","","","","","","","","","","0.000000","0.000000","","","","","","","","","","",""
"60205600000004","Nodes","4","21.000000","33.961864","Default Known Flow Node","Known Flow","308533.604100","683652.085724","","0.000000","","","","","","","","","","0.000000","0.000000","","","","","","","","","","",""
"60205600000002","Nodes","2","21.000000","33.955032","Default Known Flow Node","Known Flow","308533.276660","683651.148721","","0.000000","","","","","","","","","","0.000000","0.000000","","","","","","","","","","",""
"60205600000003","Nodes","3","21.000000","33.955032","Default Known Flow Node","Known Flow","308531.682360","683651.844379","","0.000000","","","","","","","","","","0.000000","0.000000","","","","","","","","","","",""
"60205600000016","Nodes","16","21.000000","33.961864","Default Known Flow Node","Known Flow","308533.905489","683653.066450","","0.000000","","","","","","","","","","0.000000","0.000000","","","","","","","","","","",""
